manufacturer,source_url,format,filename,sha256,local_path,retrieved_at,revision,revision_candidate,revision_status,page_count,pdf_validation,redistribution
dellner-bubenzer,https://www.dellnerbubenzer.com/products,html,,9e4ae8d22ba5b4df8c68ed552a56f0dbdcf0594c450727174e9c0da0c7fbcdb9,sources/raw/dellner-bubenzer/9e4ae8d22ba5b4df8c68ed552a56f0dbdcf0594c450727174e9c0da0c7fbcdb9.html,2026-09-07T01:26:21.772449+00:00,,,,,,private-reference-only
dellner-bubenzer,https://www.dellnerbubenzer.com/product-types/caliper-disc-brakes,html,,eaa132ae801e9e45d8057cd716b6eb08b0b416a6124b57a689128327c6f3c583,sources/raw/dellner-bubenzer/eaa132ae801e9e45d8057cd716b6eb08b0b416a6124b57a689128327c6f3c583.html,2026-09-07T01:26:23.678999+00:00,,,,,,private-reference-only
dellner-bubenzer,https://www.dellnerbubenzer.com/product-types/couplings,html,,73069e2c53c6e178d176646a34df8e4e607e91a4d081b192c50191f7636a70e6,sources/raw/dellner-bubenzer/73069e2c53c6e178d176646a34df8e4e607e91a4d081b192c50191f7636a70e6.html,2026-09-07T01:26:24.681547+00:00,,,,,,private-reference-only
dellner-bubenzer,https://www.dellnerbubenzer.com/product-types/drum-band-brakes,html,,9ecdfe8af52773de5b1eaf8f8305144ed2624b02ba3fe52c354fc69fa2c73ef0,sources/raw/dellner-bubenzer/9ecdfe8af52773de5b1eaf8f8305144ed2624b02ba3fe52c354fc69fa2c73ef0.html,2026-09-07T01:26:25.247122+00:00,,,,,,private-reference-only
dellner-bubenzer,https://www.dellnerbubenzer.com/product-types/hydraulic-systems,html,,e32b4726991e6b7b3a25f7d7ad12f86b795ee56bd206950369d032cba6b8e422,sources/raw/dellner-bubenzer/e32b4726991e6b7b3a25f7d7ad12f86b795ee56bd206950369d032cba6b8e422.html,2026-09-07T01:26:25.921606+00:00,,,,,,private-reference-only
dellner-bubenzer,https://www.dellnerbubenzer.com/product-types/locking-devices,html,,347f958354966c8a09397810c55b3bd3183efc60b008f4cd081f7a1def941ab4,sources/raw/dellner-bubenzer/347f958354966c8a09397810c55b3bd3183efc60b008f4cd081f7a1def941ab4.html,2026-09-07T01:26:26.478426+00:00,,,,,,private-reference-only
dellner-bubenzer,https://www.dellnerbubenzer.com/product-types/monitoring-control-systems,html,,38ae1908be4863685261f10551e40cab0f9b64fab59be2c89cb67ec215663ce1,sources/raw/dellner-bubenzer/38ae1908be4863685261f10551e40cab0f9b64fab59be2c89cb67ec215663ce1.html,2026-09-07T01:26:27.048666+00:00,,,,,,private-reference-only
dellner-bubenzer,https://www.dellnerbubenzer.com/product-types/motor-mounted-brakes,html,,20db2118f70a6e93a324cac11845006695dbe11f6171b322692d023c2949eb0f,sources/raw/dellner-bubenzer/20db2118f70a6e93a324cac11845006695dbe11f6171b322692d023c2949eb0f.html,2026-09-07T01:26:27.585776+00:00,,,,,,private-reference-only
dellner-bubenzer,https://www.dellnerbubenzer.com/product-types/pneumatic-drum-clutches-brakes,html,,dc651a7aa823095d8d368e280f6840244d6ab0812684a7af66e2fca49abadb3c,sources/raw/dellner-bubenzer/dc651a7aa823095d8d368e280f6840244d6ab0812684a7af66e2fca49abadb3c.html,2026-09-07T01:26:28.132269+00:00,,,,,,private-reference-only
dellner-bubenzer,https://www.dellnerbubenzer.com/product-types/stop-turn-lock-systems,html,,f8035f9a41dc1bc5a4da632832d7e8526d58c74a3f8fb579509a2c23080c12e6,sources/raw/dellner-bubenzer/f8035f9a41dc1bc5a4da632832d7e8526d58c74a3f8fb579509a2c23080c12e6.html,2026-09-07T01:26:28.683778+00:00,,,,,,private-reference-only
dellner-bubenzer,https://www.dellnerbubenzer.com/product-types/storm-brakes-rail-wheel-brakes,html,,59ddd87ccc94e847aa0effc9d65c41d05600e377c63a783a7c1eb656db0d7266,sources/raw/dellner-bubenzer/59ddd87ccc94e847aa0effc9d65c41d05600e377c63a783a7c1eb656db0d7266.html,2026-09-07T01:26:29.285549+00:00,,,,,,private-reference-only
dellner-bubenzer,https://www.dellnerbubenzer.com/product-types/thruster-buel,html,,db0c104d16c6e1b2e75f89fb905b04536e7856fb983da351d96e437c03ac6dcf,sources/raw/dellner-bubenzer/db0c104d16c6e1b2e75f89fb905b04536e7856fb983da351d96e437c03ac6dcf.html,2026-09-07T01:26:29.900694+00:00,,,,,,private-reference-only
dellner-bubenzer,https://www.dellnerbubenzer.com/product-types/components-accessories,html,,58768d7cf211678f51cb00f9b387e144b3136674a4ec6b11caa860b183e0930d,sources/raw/dellner-bubenzer/58768d7cf211678f51cb00f9b387e144b3136674a4ec6b11caa860b183e0930d.html,2026-09-07T01:26:30.466107+00:00,,,,,,private-reference-only
dellner-bubenzer,https://www.dellnerbubenzer.com/product-types/wpt-disc-clutches-brakes,html,,dfbe214b1fc8ccb5e7c85e60caf1c48f9f833651a79d8253d50db8fe7c55efb5,sources/raw/dellner-bubenzer/dfbe214b1fc8ccb5e7c85e60caf1c48f9f833651a79d8253d50db8fe7c55efb5.html,2026-09-07T01:26:31.019459+00:00,,,,,,private-reference-only
dellner-bubenzer,https://www.dellnerbubenzer.com/products/interchangeability,html,,22b8d94cc184a35c6c075b9d93ecbc546afa557cb0337f0803855cc61b359001,sources/raw/dellner-bubenzer/22b8d94cc184a35c6c075b9d93ecbc546afa557cb0337f0803855cc61b359001.html,2026-09-07T01:26:31.592132+00:00,,,,,,private-reference-only
dellner-bubenzer,https://www.dellnerbubenzer.com/products/document-downloads,html,,a0f2bbe46502a9f7f97830e62544f50132df716d870a4f6a913530141f4c91df,sources/raw/dellner-bubenzer/a0f2bbe46502a9f7f97830e62544f50132df716d870a4f6a913530141f4c91df.html,2026-09-07T01:26:32.157542+00:00,,,,,,private-reference-only
dellner-bubenzer,https://www.dellnerbubenzer.com/solutions/braking-system-design,html,,20b56d6a4483207a34aac28c560e3a2a92524e48f55e8c9958745ca5adcee6a4,sources/raw/dellner-bubenzer/20b56d6a4483207a34aac28c560e3a2a92524e48f55e8c9958745ca5adcee6a4.html,2026-09-07T01:26:32.776597+00:00,,,,,,private-reference-only
dellner-bubenzer,https://www.dellnerbubenzer.com/locations/dellner-bubenzer-brakes-shenyang-ltd,html,,67278b93dc63b92f3fb80140717110a81f01a4ccb0ca53175333ba73208e28f5,sources/raw/dellner-bubenzer/67278b93dc63b92f3fb80140717110a81f01a4ccb0ca53175333ba73208e28f5.html,2026-09-07T01:26:33.369329+00:00,,,,,,private-reference-only
dellner-bubenzer,https://www.dellnerbubenzer.com/locations/brakes-shenyang-ltd-shanghai-branch,html,,b559f1057e89c068b94ab64693debe7cf5f83f7d97860f300a65a1890f1a9531,sources/raw/dellner-bubenzer/b559f1057e89c068b94ab64693debe7cf5f83f7d97860f300a65a1890f1a9531.html,2026-09-07T01:26:33.928055+00:00,,,,,,private-reference-only
dellner-bubenzer,https://www.dellnerbubenzer.com/products/anti-sway-systems,html,,7a851a556412186b3533fb6374dab75c94c6f8cb2de334f4634a99f47f94e842,sources/raw/dellner-bubenzer/7a851a556412186b3533fb6374dab75c94c6f8cb2de334f4634a99f47f94e842.html,2026-09-07T01:26:34.455914+00:00,,,,,,private-reference-only
dellner-bubenzer,https://www.dellnerbubenzer.com/products/bac,html,,6851ffc2fe486b26830dd7d010cbb89ceff5554cdf78cca34a2cdf9879c3c096,sources/raw/dellner-bubenzer/6851ffc2fe486b26830dd7d010cbb89ceff5554cdf78cca34a2cdf9879c3c096.html,2026-09-07T01:26:35.008000+00:00,,,,,,private-reference-only
dellner-bubenzer,https://www.dellnerbubenzer.com/products/bhb,html,,e26599c39c4170bfedf64504c3143eb23493d8365b9a4a44cbcb505bb4c890bd,sources/raw/dellner-bubenzer/e26599c39c4170bfedf64504c3143eb23493d8365b9a4a44cbcb505bb4c890bd.html,2026-09-07T01:26:35.639432+00:00,,,,,,private-reference-only
dellner-bubenzer,https://www.dellnerbubenzer.com/products/boss,html,,d3d7e6a9200b3afe127498a2360ccd9082b366e307cfd9170d9d1ad2341aa6c2,sources/raw/dellner-bubenzer/d3d7e6a9200b3afe127498a2360ccd9082b366e307cfd9170d9d1ad2341aa6c2.html,2026-09-07T01:26:36.226749+00:00,,,,,,private-reference-only
dellner-bubenzer,https://www.dellnerbubenzer.com/products/brake-control-unit-bcms-x,html,,f4d59e26de38062c68cfb2cd2017470c969a7bc33d157a775cce2e534baa3bb4,sources/raw/dellner-bubenzer/f4d59e26de38062c68cfb2cd2017470c969a7bc33d157a775cce2e534baa3bb4.html,2026-09-07T01:26:36.808970+00:00,,,,,,private-reference-only
dellner-bubenzer,https://www.dellnerbubenzer.com/products/brake-control-unit-bcu2001,html,,06322a7e692aabaaa41b43a1e185d8e5bcc1a529fa152106599ea0a919e9eea8,sources/raw/dellner-bubenzer/06322a7e692aabaaa41b43a1e185d8e5bcc1a529fa152106599ea0a919e9eea8.html,2026-09-07T01:26:37.364803+00:00,,,,,,private-reference-only
dellner-bubenzer,https://www.dellnerbubenzer.com/products/brb-120,html,,6c1b6f0dd655a087b42a0ae0dfe5d929180fc83c508c29ed994c2ec974249b1f,sources/raw/dellner-bubenzer/6c1b6f0dd655a087b42a0ae0dfe5d929180fc83c508c29ed994c2ec974249b1f.html,2026-09-07T01:26:37.961321+00:00,,,,,,private-reference-only
dellner-bubenzer,https://www.dellnerbubenzer.com/products/bsc,html,,ecb3348725fe9d4067af257977029e9c709ce3887a44b04c6785ede2ea3dfd87,sources/raw/dellner-bubenzer/ecb3348725fe9d4067af257977029e9c709ce3887a44b04c6785ede2ea3dfd87.html,2026-09-07T01:26:38.515671+00:00,,,,,,private-reference-only
dellner-bubenzer,https://www.dellnerbubenzer.com/products/buel-g,html,,1c820661af8c2682aae7217eebe4d2fc6ef55e35a43bb87acdfd41d3fd69cce4,sources/raw/dellner-bubenzer/1c820661af8c2682aae7217eebe4d2fc6ef55e35a43bb87acdfd41d3fd69cce4.html,2026-09-07T01:26:39.118535+00:00,,,,,,private-reference-only
dellner-bubenzer,https://www.dellnerbubenzer.com/products/buel-h,html,,cfcc6a03dbbde4929ae7fd1cd08340b1ed84fa6316b76e2c42e84cecbcd4607d,sources/raw/dellner-bubenzer/cfcc6a03dbbde4929ae7fd1cd08340b1ed84fa6316b76e2c42e84cecbcd4607d.html,2026-09-07T01:26:39.785166+00:00,,,,,,private-reference-only
dellner-bubenzer,https://www.dellnerbubenzer.com/products/cmb-3-for-sb-brakes,html,,3da77a7c6ac4a65ff349dc5d11a739d7e10c204a6d987540e06df67656fc951d,sources/raw/dellner-bubenzer/3da77a7c6ac4a65ff349dc5d11a739d7e10c204a6d987540e06df67656fc951d.html,2026-09-07T01:26:40.376098+00:00,,,,,,private-reference-only
dellner-bubenzer,https://www.dellnerbubenzer.com/products/cmb-3-for-sf-brakes,html,,b0285c31a1fc6b8c27aabe5d9be2f5528976cef59bdd50e5a8998447ef7a55ab,sources/raw/dellner-bubenzer/b0285c31a1fc6b8c27aabe5d9be2f5528976cef59bdd50e5a8998447ef7a55ab.html,2026-09-07T01:26:41.004456+00:00,,,,,,private-reference-only
dellner-bubenzer,https://www.dellnerbubenzer.com/products/compactus-hpu,html,,d36461a038552c2e1f89fcfa764798c3320ebff35678fc9e5713cab40260618f,sources/raw/dellner-bubenzer/d36461a038552c2e1f89fcfa764798c3320ebff35678fc9e5713cab40260618f.html,2026-09-07T01:26:41.600798+00:00,,,,,,private-reference-only
dellner-bubenzer,https://www.dellnerbubenzer.com/products/db-hpu,html,,e7acc73dae82781f90866ff3e1258ad6413646ea612e617672b161dd7949030e,sources/raw/dellner-bubenzer/e7acc73dae82781f90866ff3e1258ad6413646ea612e617672b161dd7949030e.html,2026-09-07T01:26:42.195652+00:00,,,,,,private-reference-only
dellner-bubenzer,https://www.dellnerbubenzer.com/products/dbrb,html,,e2182b237144a3cad427c61642dbcc6f3721af7dcf18af2fa59e453dd63496ce,sources/raw/dellner-bubenzer/e2182b237144a3cad427c61642dbcc6f3721af7dcf18af2fa59e453dd63496ce.html,2026-09-07T01:26:42.799129+00:00,,,,,,private-reference-only
dellner-bubenzer,https://www.dellnerbubenzer.com/products/dbrbe,html,,cfea86fabb773ec0db98fd4d09c2245695f723aeef75dd8ad070c3b92d56eeba,sources/raw/dellner-bubenzer/cfea86fabb773ec0db98fd4d09c2245695f723aeef75dd8ad070c3b92d56eeba.html,2026-09-07T01:26:43.403757+00:00,,,,,,private-reference-only
dellner-bubenzer,https://www.dellnerbubenzer.com/products/dbsb,html,,f79089d9d6413ff95c58400b00a1a59c61ec969d142e5f89c3349ef8244d293d,sources/raw/dellner-bubenzer/f79089d9d6413ff95c58400b00a1a59c61ec969d142e5f89c3349ef8244d293d.html,2026-09-07T01:26:44.101442+00:00,,,,,,private-reference-only
dellner-bubenzer,https://www.dellnerbubenzer.com/products/dbsbt,html,,295c7bc049f507dd9700da060c19398bb7d2063151272301fddee3c6f67148e0,sources/raw/dellner-bubenzer/295c7bc049f507dd9700da060c19398bb7d2063151272301fddee3c6f67148e0.html,2026-09-07T01:26:44.688337+00:00,,,,,,private-reference-only
dellner-bubenzer,https://www.dellnerbubenzer.com/products?page=1&prop_ModuleId=1863,html,,33191a91908f89b4788ebdfe718bc710ee51784ccd84825cb915c5182eba521c,sources/raw/dellner-bubenzer/33191a91908f89b4788ebdfe718bc710ee51784ccd84825cb915c5182eba521c.html,2026-09-07T01:26:45.288802+00:00,,,,,,private-reference-only
dellner-bubenzer,https://www.dellnerbubenzer.com/products?page=2&prop_ModuleId=1863,html,,fe99383f368d7fddbcf702811543fca0dc865df5f43a5b3dd8c8efae7259e5b3,sources/raw/dellner-bubenzer/fe99383f368d7fddbcf702811543fca0dc865df5f43a5b3dd8c8efae7259e5b3.html,2026-09-07T01:26:45.868199+00:00,,,,,,private-reference-only
dellner-bubenzer,https://www.dellnerbubenzer.com/products?page=3&prop_ModuleId=1863,html,,71ddec4caeefc813036c865ce3ffa7db591a58a3396e29daa759878a3a6d2a7b,sources/raw/dellner-bubenzer/71ddec4caeefc813036c865ce3ffa7db591a58a3396e29daa759878a3a6d2a7b.html,2026-09-07T01:26:46.477037+00:00,,,,,,private-reference-only
dellner-bubenzer,https://www.dellnerbubenzer.com/products?page=4&prop_ModuleId=1863,html,,1d90ae4add382bfa99f142e768207162a002cf7005080c1e8b7e5cf0af80718a,sources/raw/dellner-bubenzer/1d90ae4add382bfa99f142e768207162a002cf7005080c1e8b7e5cf0af80718a.html,2026-09-07T01:26:47.126750+00:00,,,,,,private-reference-only
dellner-bubenzer,https://www.dellnerbubenzer.com/products?page=5&prop_ModuleId=1863,html,,7ff5eb8d1f9ca96b57a5c8ad1fecbd81403326898da00e6e4005f51d3134b5f7,sources/raw/dellner-bubenzer/7ff5eb8d1f9ca96b57a5c8ad1fecbd81403326898da00e6e4005f51d3134b5f7.html,2026-09-07T01:26:47.710307+00:00,,,,,,private-reference-only
dellner-bubenzer,https://www.dellnerbubenzer.com/products?page=6&prop_ModuleId=1863,html,,ab316f4e2b06782549bf204f1611783b9f665f1468c30e5cee144cc21ac542af,sources/raw/dellner-bubenzer/ab316f4e2b06782549bf204f1611783b9f665f1468c30e5cee144cc21ac542af.html,2026-09-07T01:26:48.282235+00:00,,,,,,private-reference-only
dellner-bubenzer,https://www.dellnerbubenzer.com/product-types/wind-turbine-components,html,,9e4d2c2940596198bc4739c93ea5bcb26d6c4a491b641eb2d114727aab107453,sources/raw/dellner-bubenzer/9e4d2c2940596198bc4739c93ea5bcb26d6c4a491b641eb2d114727aab107453.html,2026-09-07T01:26:48.859065+00:00,,,,,,private-reference-only
dellner-bubenzer,https://www.dellnerbubenzer.com/products/sb-16,html,,67b0e3f47fa0669c2954273d877a24784aa1167f0d87bff579a55fa827aa423e,sources/raw/dellner-bubenzer/67b0e3f47fa0669c2954273d877a24784aa1167f0d87bff579a55fa827aa423e.html,2026-09-07T01:26:49.422089+00:00,,,,,,private-reference-only
dellner-bubenzer,https://www.dellnerbubenzer.com/products/sb-17-3-mx,html,,43c42b8733641dfa9ae379deade49f6dae89039b4b2ebf6d802eadb9d498d387,sources/raw/dellner-bubenzer/43c42b8733641dfa9ae379deade49f6dae89039b4b2ebf6d802eadb9d498d387.html,2026-09-07T01:26:50.103861+00:00,,,,,,private-reference-only
dellner-bubenzer,https://www.dellnerbubenzer.com/products/sb-17-3-mxs,html,,6aa11c97ae49e62a6512b0248e2af6c35afb96cecf65581f6a705ba9fbc4ef58,sources/raw/dellner-bubenzer/6aa11c97ae49e62a6512b0248e2af6c35afb96cecf65581f6a705ba9fbc4ef58.html,2026-09-07T01:26:50.681561+00:00,,,,,,private-reference-only
dellner-bubenzer,https://www.dellnerbubenzer.com/products/sb-22,html,,ec0b3da71dc7e0757f9322d0375af18ce4bd2cd12a2f829a08bced3211bfe867,sources/raw/dellner-bubenzer/ec0b3da71dc7e0757f9322d0375af18ce4bd2cd12a2f829a08bced3211bfe867.html,2026-09-07T01:26:51.249443+00:00,,,,,,private-reference-only
dellner-bubenzer,https://www.dellnerbubenzer.com/products/sb-23-3,html,,2a68497e92f1f2d575b2f0cc84cae736aaf5471ff06114cc6bd80ef727209d94,sources/raw/dellner-bubenzer/2a68497e92f1f2d575b2f0cc84cae736aaf5471ff06114cc6bd80ef727209d94.html,2026-09-07T01:26:51.880187+00:00,,,,,,private-reference-only
dellner-bubenzer,https://www.dellnerbubenzer.com/products/sb-28-5,html,,7076539e80d46553f15e52dba00fbc0d28848a6b8a21fbe6978e58829fbb2f4d,sources/raw/dellner-bubenzer/7076539e80d46553f15e52dba00fbc0d28848a6b8a21fbe6978e58829fbb2f4d.html,2026-09-07T01:26:52.477286+00:00,,,,,,private-reference-only
dellner-bubenzer,https://www.dellnerbubenzer.com/products/sb-30,html,,5463872c63d2411f62ce9785e5445ac093fcb8d76e6a63e9b9cc3442eda4b084,sources/raw/dellner-bubenzer/5463872c63d2411f62ce9785e5445ac093fcb8d76e6a63e9b9cc3442eda4b084.html,2026-09-07T01:26:53.118315+00:00,,,,,,private-reference-only
dellner-bubenzer,https://www.dellnerbubenzer.com/products/sb-8-series,html,,0ccdd4542d1dc8a68bb817f0e6d9590b5c9a7fb8b79f96c37c9b61af1caaf27b,sources/raw/dellner-bubenzer/0ccdd4542d1dc8a68bb817f0e6d9590b5c9a7fb8b79f96c37c9b61af1caaf27b.html,2026-09-07T01:26:53.721845+00:00,,,,,,private-reference-only
dellner-bubenzer,https://www.dellnerbubenzer.com/products/sbs-safety-brake-system,html,,dafa710ed63e3bd3e3982f9cbbfc21fbc6449752d0c53411fbe41c0bfcf24836,sources/raw/dellner-bubenzer/dafa710ed63e3bd3e3982f9cbbfc21fbc6449752d0c53411fbe41c0bfcf24836.html,2026-09-07T01:26:54.307432+00:00,,,,,,private-reference-only
dellner-bubenzer,https://www.dellnerbubenzer.com/products/sf-10-40,html,,b114f1ce5d3a522184fdcdf4124f3b6ce4e4b8328ab3a954bea8376ff7d33fa9,sources/raw/dellner-bubenzer/b114f1ce5d3a522184fdcdf4124f3b6ce4e4b8328ab3a954bea8376ff7d33fa9.html,2026-09-07T01:26:54.905114+00:00,,,,,,private-reference-only
dellner-bubenzer,https://www.dellnerbubenzer.com/products/sf-50,html,,87fa7536c88d3a4d11604ab6a901284f0f1671a3f4c7ae47a576c2898af756fd,sources/raw/dellner-bubenzer/87fa7536c88d3a4d11604ab6a901284f0f1671a3f4c7ae47a576c2898af756fd.html,2026-09-07T01:26:55.540103+00:00,,,,,,private-reference-only
dellner-bubenzer,https://www.dellnerbubenzer.com/products/skd-100-active-brakes,html,,c2a6bef768e1dde313c6d3d41da16f54a8892161723fc9feb917883237ab7ada,sources/raw/dellner-bubenzer/c2a6bef768e1dde313c6d3d41da16f54a8892161723fc9feb917883237ab7ada.html,2026-09-07T01:26:56.123017+00:00,,,,,,private-reference-only
dellner-bubenzer,https://www.dellnerbubenzer.com/products/skd-140-active-brakes,html,,be698a8cf3101c874b95bbebb8a82731ba2a6d8e7613acd1289d752eb2026f0f,sources/raw/dellner-bubenzer/be698a8cf3101c874b95bbebb8a82731ba2a6d8e7613acd1289d752eb2026f0f.html,2026-09-07T01:26:56.775446+00:00,,,,,,private-reference-only
dellner-bubenzer,https://www.dellnerbubenzer.com/products/skd-35-50-65-80-active-brake,html,,d5fef9ecb624ce60b893cb0a95efd2865f25874a107aadd3f6e19ed24cea8234,sources/raw/dellner-bubenzer/d5fef9ecb624ce60b893cb0a95efd2865f25874a107aadd3f6e19ed24cea8234.html,2026-09-07T01:26:57.391282+00:00,,,,,,private-reference-only
dellner-bubenzer,https://www.dellnerbubenzer.com/products/skd-4x125-active-brakes,html,,8fee0a902e1ac4e7f3ad3492653ec379ddc03159287cf3c763730ed38afd56cf,sources/raw/dellner-bubenzer/8fee0a902e1ac4e7f3ad3492653ec379ddc03159287cf3c763730ed38afd56cf.html,2026-09-07T01:26:57.982036+00:00,,,,,,private-reference-only
dellner-bubenzer,https://www.dellnerbubenzer.com/products/skd-90-active-brakes,html,,739c4f863720b85a1413c52f2a80ca9656dfa43a32e304cdad9bb7ca552b25b5,sources/raw/dellner-bubenzer/739c4f863720b85a1413c52f2a80ca9656dfa43a32e304cdad9bb7ca552b25b5.html,2026-09-07T01:26:58.617283+00:00,,,,,,private-reference-only
dellner-bubenzer,https://www.dellnerbubenzer.com/products/skde-100-electric-active-brake,html,,24896ff5ad9798f1519fa4665effa7fd71887965f76d9543592cdcd3ad7b0fca,sources/raw/dellner-bubenzer/24896ff5ad9798f1519fa4665effa7fd71887965f76d9543592cdcd3ad7b0fca.html,2026-09-07T01:26:59.224205+00:00,,,,,,private-reference-only
dellner-bubenzer,https://www.dellnerbubenzer.com/products/skde-50-electric-active-brake,html,,b84dc9cbee79b1f5f754ed0028e43d49d8235d3b1f8af1669fdaf651bcae9717,sources/raw/dellner-bubenzer/b84dc9cbee79b1f5f754ed0028e43d49d8235d3b1f8af1669fdaf651bcae9717.html,2026-09-07T01:26:59.828753+00:00,,,,,,private-reference-only
dellner-bubenzer,https://www.dellnerbubenzer.com/products/skp-140-fail-safe-brake,html,,3737252d8e96157b9583008c34e9706184e0fbd0205416b9ef03b7fbb769f423,sources/raw/dellner-bubenzer/3737252d8e96157b9583008c34e9706184e0fbd0205416b9ef03b7fbb769f423.html,2026-09-07T01:27:00.452309+00:00,,,,,,private-reference-only
dellner-bubenzer,https://www.dellnerbubenzer.com/products/skp-140-sa-fail-safe-brake,html,,eb4b2de829832ff434c375ccd9360b8d1a83dcecb448d581122a252b0596b5e0,sources/raw/dellner-bubenzer/eb4b2de829832ff434c375ccd9360b8d1a83dcecb448d581122a252b0596b5e0.html,2026-09-07T01:27:01.080206+00:00,,,,,,private-reference-only
dellner-bubenzer,https://www.dellnerbubenzer.com/products/skp-180-a-fail-safe-brake,html,,fabcb04e31b00906a3fb11e752ef4a3d5910a685822701695754986f28af74a0,sources/raw/dellner-bubenzer/fabcb04e31b00906a3fb11e752ef4a3d5910a685822701695754986f28af74a0.html,2026-09-07T01:27:01.720445+00:00,,,,,,private-reference-only
dellner-bubenzer,https://www.dellnerbubenzer.com/products/skp-180-s-fail-safe-brake,html,,8f3ad9ff2ce3249f6a021f2acea657c3b1ce3ab66942eee805b4cedbf3bfd4b0,sources/raw/dellner-bubenzer/8f3ad9ff2ce3249f6a021f2acea657c3b1ce3ab66942eee805b4cedbf3bfd4b0.html,2026-09-07T01:27:02.400615+00:00,,,,,,private-reference-only
dellner-bubenzer,https://www.dellnerbubenzer.com/products/skp-50-fail-safe-brake,html,,cedae886c22c3951fb689895d4c18508a41da9cff1ef01a35d68689e44265d9e,sources/raw/dellner-bubenzer/cedae886c22c3951fb689895d4c18508a41da9cff1ef01a35d68689e44265d9e.html,2026-09-07T01:27:03.007631+00:00,,,,,,private-reference-only
dellner-bubenzer,https://www.dellnerbubenzer.com/products/skp-65-sa-fail-safe-brake,html,,7d7f8b58591e18de75eef9b92fa38477e8d01f552d4cebe5cf09d4c7e3dde77d,sources/raw/dellner-bubenzer/7d7f8b58591e18de75eef9b92fa38477e8d01f552d4cebe5cf09d4c7e3dde77d.html,2026-09-07T01:27:03.633757+00:00,,,,,,private-reference-only
dellner-bubenzer,https://www.dellnerbubenzer.com/products/skp-95-fail-safe-brake,html,,c8c82325722f5c0f73415d4e25e4037e6601e8b1074248d493d131bd4e7f94fb,sources/raw/dellner-bubenzer/c8c82325722f5c0f73415d4e25e4037e6601e8b1074248d493d131bd4e7f94fb.html,2026-09-07T01:27:04.250315+00:00,,,,,,private-reference-only
dellner-bubenzer,https://www.dellnerbubenzer.com/products/skp-95-sa-fail-safe-brake,html,,74940438fbbc220525a9a174fde87394ed043dd37468de1a62f05b8296ded4ec,sources/raw/dellner-bubenzer/74940438fbbc220525a9a174fde87394ed043dd37468de1a62f05b8296ded4ec.html,2026-09-07T01:27:04.825918+00:00,,,,,,private-reference-only
dellner-bubenzer,https://www.dellnerbubenzer.com/products/eb,html,,26dfcc10ae4016176cce9e3e71356738fbded62608bdfa9744d3b35fea39eb50,sources/raw/dellner-bubenzer/26dfcc10ae4016176cce9e3e71356738fbded62608bdfa9744d3b35fea39eb50.html,2026-09-07T01:27:05.439661+00:00,,,,,,private-reference-only
dellner-bubenzer,https://www.dellnerbubenzer.com/products/ecd,html,,07de41e7618daf54192f0bdf743b015a636068829e10e907c7f6c079eb69cde2,sources/raw/dellner-bubenzer/07de41e7618daf54192f0bdf743b015a636068829e10e907c7f6c079eb69cde2.html,2026-09-07T01:27:06.053983+00:00,,,,,,private-reference-only
dellner-bubenzer,https://www.dellnerbubenzer.com/products/k,html,,62a11eadeb27af3baf8b9a5d6e55c56779588dbda4b7fef061fdd2a536ed80ef,sources/raw/dellner-bubenzer/62a11eadeb27af3baf8b9a5d6e55c56779588dbda4b7fef061fdd2a536ed80ef.html,2026-09-07T01:27:06.716615+00:00,,,,,,private-reference-only
dellner-bubenzer,https://www.dellnerbubenzer.com/products/kb,html,,9f487c136f47cf40065031cbb6b55438dd0621fbb71f20ce2d9a2d9acb0ff17f,sources/raw/dellner-bubenzer/9f487c136f47cf40065031cbb6b55438dd0621fbb71f20ce2d9a2d9acb0ff17f.html,2026-09-07T01:27:07.414546+00:00,,,,,,private-reference-only
dellner-bubenzer,https://www.dellnerbubenzer.com/products/kbsd,html,,c01cca903722e22342dc8413b09c036cb2ae5cc5ec6926e5b22e347be26a8942,sources/raw/dellner-bubenzer/c01cca903722e22342dc8413b09c036cb2ae5cc5ec6926e5b22e347be26a8942.html,2026-09-07T01:27:08.004072+00:00,,,,,,private-reference-only
dellner-bubenzer,https://www.dellnerbubenzer.com/downloads/marketing/dellner-bubenzer-overview-brochure.pdf,pdf,,b7c0f61ea5e650549d7ad4a660616bedf6c72451f63bd441ffbe84d5ada14047,sources/raw/dellner-bubenzer/b7c0f61ea5e650549d7ad4a660616bedf6c72451f63bd441ffbe84d5ada14047.pdf,2026-09-07T01:27:08.607526+00:00,,,not identified,20,parsed,private-reference-only
dellner-bubenzer,https://www.dellnerbubenzer.com/downloads/Dellner-Bubenzer-BOSS-Brochure.pdf,pdf,,9269264565d14520289c0007091f760239f26031bab9adce3f1240f9ac35f95a,sources/raw/dellner-bubenzer/9269264565d14520289c0007091f760239f26031bab9adce3f1240f9ac35f95a.pdf,2026-09-07T01:27:10.204888+00:00,,,not identified,6,parsed,private-reference-only
dellner-bubenzer,https://www.dellnerbubenzer.com/downloads/Dellner-Bubenzer-BOSS-Brochure.pdf?downloadable=1,pdf,,9269264565d14520289c0007091f760239f26031bab9adce3f1240f9ac35f95a,sources/raw/dellner-bubenzer/9269264565d14520289c0007091f760239f26031bab9adce3f1240f9ac35f95a.pdf,2026-09-07T01:27:10.777905+00:00,,,,,,private-reference-only
dellner-bubenzer,https://www.dellnerbubenzer.com/downloads/Dellner-Bubenzer-BUEL-Brochure-All.pdf,pdf,,f939490f373716acdad88b548b5b11c615a107c00bb204e56bfccdb2f8cc458a,sources/raw/dellner-bubenzer/f939490f373716acdad88b548b5b11c615a107c00bb204e56bfccdb2f8cc458a.pdf,2026-09-07T01:27:11.273902+00:00,,,not identified,32,parsed,private-reference-only
dellner-bubenzer,https://www.dellnerbubenzer.com/downloads/Dellner-Bubenzer-BUEL-Brochure-All.pdf?downloadable=1,pdf,,f939490f373716acdad88b548b5b11c615a107c00bb204e56bfccdb2f8cc458a,sources/raw/dellner-bubenzer/f939490f373716acdad88b548b5b11c615a107c00bb204e56bfccdb2f8cc458a.pdf,2026-09-07T01:27:11.802578+00:00,,,,,,private-reference-only
dellner-bubenzer,https://www.dellnerbubenzer.com/downloads/Dellner-Bubenzer-Stopping-Turning-Locking.pdf,pdf,,26119378407dc7b9d26191ee31c0501d8db849faed72d4d58fd2a2519b9270a1,sources/raw/dellner-bubenzer/26119378407dc7b9d26191ee31c0501d8db849faed72d4d58fd2a2519b9270a1.pdf,2026-09-07T01:27:12.319095+00:00,,,not identified,5,parsed,private-reference-only
dellner-bubenzer,https://www.dellnerbubenzer.com/downloads/Dellner-Bubenzer-Stopping-Turning-Locking.pdf?downloadable=1,pdf,,26119378407dc7b9d26191ee31c0501d8db849faed72d4d58fd2a2519b9270a1,sources/raw/dellner-bubenzer/26119378407dc7b9d26191ee31c0501d8db849faed72d4d58fd2a2519b9270a1.pdf,2026-09-07T01:27:12.859879+00:00,,,,,,private-reference-only
dellner-bubenzer,https://www.dellnerbubenzer.com/downloads/Dellner-Bubenzer-VSR3-SB-Brakes.pdf,pdf,,1c67cc50555e6afcb50dc319c581ca3758ca2db242d515f0d982543a3363e1f7,sources/raw/dellner-bubenzer/1c67cc50555e6afcb50dc319c581ca3758ca2db242d515f0d982543a3363e1f7.pdf,2026-09-07T01:27:13.346057+00:00,,,not identified,9,parsed,private-reference-only
dellner-bubenzer,https://www.dellnerbubenzer.com/downloads/Dellner-Bubenzer-VSR3-SB-Brakes.pdf?downloadable=1,pdf,,1c67cc50555e6afcb50dc319c581ca3758ca2db242d515f0d982543a3363e1f7,sources/raw/dellner-bubenzer/1c67cc50555e6afcb50dc319c581ca3758ca2db242d515f0d982543a3363e1f7.pdf,2026-09-07T01:27:13.902661+00:00,,,,,,private-reference-only
dellner-bubenzer,https://www.dellnerbubenzer.com/downloads/Dellner-Bubenzer-CMB-3-SB-SF-Brakes.pdf,pdf,,99cec3c25303853fc57fe75f529e58d79d5846a20cc3be89e4f8ea0f0c8b6f7c,sources/raw/dellner-bubenzer/99cec3c25303853fc57fe75f529e58d79d5846a20cc3be89e4f8ea0f0c8b6f7c.pdf,2026-09-07T01:27:14.434494+00:00,,,not identified,12,parsed,private-reference-only
dellner-bubenzer,https://www.dellnerbubenzer.com/downloads/Dellner-Bubenzer-CMB-3-SB-SF-Brakes.pdf?downloadable=1,pdf,,99cec3c25303853fc57fe75f529e58d79d5846a20cc3be89e4f8ea0f0c8b6f7c,sources/raw/dellner-bubenzer/99cec3c25303853fc57fe75f529e58d79d5846a20cc3be89e4f8ea0f0c8b6f7c.pdf,2026-09-07T01:27:15.007932+00:00,,,,,,private-reference-only
dellner-bubenzer,https://www.dellnerbubenzer.com/downloads/Dellner-Bubenzer-KBSD.pdf,pdf,,10d5212a5aa156e815d6e285ec3dd216b4d07c256dc08d1f53855777c4a97676,sources/raw/dellner-bubenzer/10d5212a5aa156e815d6e285ec3dd216b4d07c256dc08d1f53855777c4a97676.pdf,2026-09-07T01:27:15.532890+00:00,,,not identified,4,parsed,private-reference-only
dellner-bubenzer,https://www.dellnerbubenzer.com/downloads/Dellner-Bubenzer-KBSD.pdf?downloadable=1,pdf,,10d5212a5aa156e815d6e285ec3dd216b4d07c256dc08d1f53855777c4a97676,sources/raw/dellner-bubenzer/10d5212a5aa156e815d6e285ec3dd216b4d07c256dc08d1f53855777c4a97676.pdf,2026-09-07T01:27:15.924078+00:00,,,,,,private-reference-only
dellner-bubenzer,https://www.dellnerbubenzer.com/downloads/dellner-bubenzer-bac.pdf,pdf,,198aa101bb88cbb92ea7710451e263ff42dd43b377a60408e668f64b4200b496,sources/raw/dellner-bubenzer/198aa101bb88cbb92ea7710451e263ff42dd43b377a60408e668f64b4200b496.pdf,2026-09-07T01:27:16.280992+00:00,,,not identified,1,parsed,private-reference-only
dellner-bubenzer,https://www.dellnerbubenzer.com/downloads/bhb-en.pdf,pdf,,de55191e66f28edebb794ece58ed67541e0ded28fce283e6e45f0a46b12c25b4,sources/raw/dellner-bubenzer/de55191e66f28edebb794ece58ed67541e0ded28fce283e6e45f0a46b12c25b4.pdf,2026-09-07T01:27:16.677478+00:00,,,not identified,1,parsed,private-reference-only
dellner-bubenzer,https://www.dellnerbubenzer.com/downloads/db-2026-spec-sheet-index-monitoring-control-systems-bcms-x.pdf,pdf,,6e978d62c90d222e8d181c8f0951dfe0b29a2560c7f3bde88bdb0bd75a484701,sources/raw/dellner-bubenzer/6e978d62c90d222e8d181c8f0951dfe0b29a2560c7f3bde88bdb0bd75a484701.pdf,2026-09-07T01:27:17.058078+00:00,,,not identified,6,parsed,private-reference-only
dellner-bubenzer,https://www.dellnerbubenzer.com/downloads/Dellner-Bubenzer-BCU2001.pdf,pdf,,90f4ac32c060f793b64ae53e5f794fa69c4e0bffc824a44d39de51c57effd651,sources/raw/dellner-bubenzer/90f4ac32c060f793b64ae53e5f794fa69c4e0bffc824a44d39de51c57effd651.pdf,2026-09-07T01:27:18.022673+00:00,,,not identified,2,parsed,private-reference-only
dellner-bubenzer,https://www.dellnerbubenzer.com/downloads/Dellner-Bubenzer-BRB-120.PDF,pdf,,587319a1b9a338cb310e95ab9517656e8201439bb99df4a7cbd6a540bf0836b0,sources/raw/dellner-bubenzer/587319a1b9a338cb310e95ab9517656e8201439bb99df4a7cbd6a540bf0836b0.pdf,2026-09-07T01:27:18.421106+00:00,,,not identified,1,parsed,private-reference-only
dellner-bubenzer,https://www.dellnerbubenzer.com/downloads/dellner-bubenzer-bsc.pdf,pdf,,1bda13cbc2b6df676ff0b4fc61ca06281edb6503871c5a6f44700133dc165983,sources/raw/dellner-bubenzer/1bda13cbc2b6df676ff0b4fc61ca06281edb6503871c5a6f44700133dc165983.pdf,2026-09-07T01:27:18.833069+00:00,,,not identified,1,parsed,private-reference-only
dellner-bubenzer,https://www.dellnerbubenzer.com/downloads/Dellner-Bubenzer-BUEL-G-Brochure.pdf,pdf,,890ce3af901bb7b13791a42c1013209ba53e0fdef449f1312f9b62a3889ec717,sources/raw/dellner-bubenzer/890ce3af901bb7b13791a42c1013209ba53e0fdef449f1312f9b62a3889ec717.pdf,2026-09-07T01:27:19.246582+00:00,,,not identified,10,parsed,private-reference-only
dellner-bubenzer,https://www.dellnerbubenzer.com/downloads/Dellner-Bubenzer-BUEL-H-Brochure.pdf,pdf,,22107b1c535fb1332165a044c0f462f0eae1cb8ccd2c068da8269b050c8a5fb8,sources/raw/dellner-bubenzer/22107b1c535fb1332165a044c0f462f0eae1cb8ccd2c068da8269b050c8a5fb8.pdf,2026-09-07T01:27:19.931793+00:00,,,not identified,18,parsed,private-reference-only
dellner-bubenzer,https://www.dellnerbubenzer.com/downloads/CMB3_SB.pdf,pdf,,008dafaec95787648bdfcbacd07763adf17e595101b83c25a9746b9635f71736,sources/raw/dellner-bubenzer/008dafaec95787648bdfcbacd07763adf17e595101b83c25a9746b9635f71736.pdf,2026-09-07T01:27:20.471427+00:00,,,not identified,1,parsed,private-reference-only
dellner-bubenzer,https://www.dellnerbubenzer.com/downloads/CMB3_SF.pdf,pdf,,2b6a7ec34a17259f2f0b5f6b8931e08a150924855282f11e75a70f0917c2ad32,sources/raw/dellner-bubenzer/2b6a7ec34a17259f2f0b5f6b8931e08a150924855282f11e75a70f0917c2ad32.pdf,2026-09-07T01:27:20.890914+00:00,,,not identified,1,parsed,private-reference-only
dellner-bubenzer,https://www.dellnerbubenzer.com/downloads/Dellner-Bubenzer-HU-Compactus.pdf,pdf,,c97b680ff55a3de9afee9f7dd92ae8bfd423bfc3890964a903c9fc9c2a6ff6b6,sources/raw/dellner-bubenzer/c97b680ff55a3de9afee9f7dd92ae8bfd423bfc3890964a903c9fc9c2a6ff6b6.pdf,2026-09-07T01:27:21.326316+00:00,,,not identified,1,parsed,private-reference-only
dellner-bubenzer,https://www.dellnerbubenzer.com/downloads/dellner-bubenzer-hpps-hus-dh-2000.pdf,pdf,,5a05591856f3894ad20f3bd3aad3382fbccb9cb13cce4cf45f80922383ce7fb3,sources/raw/dellner-bubenzer/5a05591856f3894ad20f3bd3aad3382fbccb9cb13cce4cf45f80922383ce7fb3.pdf,2026-09-07T01:27:22.041723+00:00,,,not identified,1,parsed,private-reference-only
dellner-bubenzer,https://www.dellnerbubenzer.com/downloads/dellner-bubenzer-dbrb.pdf,pdf,,8e386d00a708d48edb7d407a6db2c425473c380618b0831522594dec145a4291,sources/raw/dellner-bubenzer/8e386d00a708d48edb7d407a6db2c425473c380618b0831522594dec145a4291.pdf,2026-09-07T01:27:22.449467+00:00,,,not identified,3,parsed,private-reference-only
dellner-bubenzer,https://www.dellnerbubenzer.com/downloads/dellner-bubenzer-dbrbe.pdf,pdf,,5baae3dd387930cdd83fcbd4a617482f25c26630ca09fb3fe5aabb7efd3ec074,sources/raw/dellner-bubenzer/5baae3dd387930cdd83fcbd4a617482f25c26630ca09fb3fe5aabb7efd3ec074.pdf,2026-09-07T01:27:22.866359+00:00,,,not identified,1,parsed,private-reference-only
dellner-bubenzer,https://www.dellnerbubenzer.com/downloads/Data Sheet Template DBSB_merged.pdf,pdf,,b8f0a7a07400cc8be9c99b1a7049fbff32e5b5ad8551122e2167a3351adfca26,sources/raw/dellner-bubenzer/b8f0a7a07400cc8be9c99b1a7049fbff32e5b5ad8551122e2167a3351adfca26.pdf,2026-09-07T01:27:23.289914+00:00,,,not identified,3,parsed,private-reference-only
dellner-bubenzer,https://www.dellnerbubenzer.com/downloads/dellner-bubenzer-dbsbt.pdf,pdf,,ca144a7f0adba3371a9e495778b715f93b7f52b1eec34e6606bfde0a60ee9e52,sources/raw/dellner-bubenzer/ca144a7f0adba3371a9e495778b715f93b7f52b1eec34e6606bfde0a60ee9e52.pdf,2026-09-07T01:27:23.813760+00:00,,,not identified,3,parsed,private-reference-only
dellner-bubenzer,https://www.dellnerbubenzer.com/downloads/dellner-bubenzer-sb-16-mit-buel.pdf,pdf,,cb608a702742b13e7564b089b94b6da8ea23d8a5f6c836e441c15fb627859e24,sources/raw/dellner-bubenzer/cb608a702742b13e7564b089b94b6da8ea23d8a5f6c836e441c15fb627859e24.pdf,2026-09-07T01:27:24.338750+00:00,,,not identified,1,parsed,private-reference-only
dellner-bubenzer,https://www.dellnerbubenzer.com/downloads/sb17.3mx-en.pdf,pdf,,4f686fa8ccba554707e42d6590bb1045a9646bd1edefde678adc692577eb15fa,sources/raw/dellner-bubenzer/4f686fa8ccba554707e42d6590bb1045a9646bd1edefde678adc692577eb15fa.pdf,2026-09-07T01:27:24.777162+00:00,,,not identified,1,parsed,private-reference-only
dellner-bubenzer,https://www.dellnerbubenzer.com/downloads/dellner-bubenzer-sb-17-3-mxs.pdf,pdf,,a793acbc5683e348c25232fae44ce984b7bc7e848e0587de143434173b442562,sources/raw/dellner-bubenzer/a793acbc5683e348c25232fae44ce984b7bc7e848e0587de143434173b442562.pdf,2026-09-07T01:27:25.205285+00:00,,,not identified,1,parsed,private-reference-only
dellner-bubenzer,https://www.dellnerbubenzer.com/downloads/Dellner-Bubenzer-SB-22.pdf,pdf,,570e2fbbbed0e8b91f3532ec3640d12f01eb8afa5cba66fd34f0079dd84487f4,sources/raw/dellner-bubenzer/570e2fbbbed0e8b91f3532ec3640d12f01eb8afa5cba66fd34f0079dd84487f4.pdf,2026-09-07T01:27:25.597696+00:00,,,not identified,2,parsed,private-reference-only
dellner-bubenzer,https://www.dellnerbubenzer.com/downloads/Dellner-Bubenzer-SB-23.3.pdf,pdf,,58b3c9c56f2df00d426776af53220a1cc7241b25501c5a30e49aaae45cd51eb7,sources/raw/dellner-bubenzer/58b3c9c56f2df00d426776af53220a1cc7241b25501c5a30e49aaae45cd51eb7.pdf,2026-09-07T01:27:26.106023+00:00,,,not identified,2,parsed,private-reference-only
dellner-bubenzer,https://www.dellnerbubenzer.com/downloads/dellner-bubenzer-sb-28-5.pdf,pdf,,9b83c4b4a2e82ed00d35496c17fae13cd3eed479fa4676e626e4d3eb899dd6a9,sources/raw/dellner-bubenzer/9b83c4b4a2e82ed00d35496c17fae13cd3eed479fa4676e626e4d3eb899dd6a9.pdf,2026-09-07T01:27:26.632586+00:00,,,not identified,1,parsed,private-reference-only
dellner-bubenzer,https://www.dellnerbubenzer.com/downloads/dellner-bubenzer-sb-30-mit-buel.pdf,pdf,,ea38a6acd4e005f07ac71d04f01c859644537dceb6f01d20b170d9fbc2d66026,sources/raw/dellner-bubenzer/ea38a6acd4e005f07ac71d04f01c859644537dceb6f01d20b170d9fbc2d66026.pdf,2026-09-07T01:27:27.153078+00:00,,,not identified,1,parsed,private-reference-only
dellner-bubenzer,https://www.dellnerbubenzer.com/downloads/Dellner-Bubenzer-SB-8-Series.pdf,pdf,,0fe50ddd55a39a38b6bf860f50b6d07dbd1974131ecf21cfb76ace04b3dc5618,sources/raw/dellner-bubenzer/0fe50ddd55a39a38b6bf860f50b6d07dbd1974131ecf21cfb76ace04b3dc5618.pdf,2026-09-07T01:27:27.625296+00:00,,,not identified,4,parsed,private-reference-only
dellner-bubenzer,https://www.dellnerbubenzer.com/downloads/dellner-bubenzer-sf-10-40.pdf,pdf,,d8985eba45ede2e930ce6bd92bf70307d2436ef73584ff27f31ba98436f4fb5d,sources/raw/dellner-bubenzer/d8985eba45ede2e930ce6bd92bf70307d2436ef73584ff27f31ba98436f4fb5d.pdf,2026-09-07T01:27:28.260018+00:00,,,not identified,1,parsed,private-reference-only
dellner-bubenzer,https://www.dellnerbubenzer.com/downloads/dellner-bubenzer-sf-50.pdf,pdf,,88034b0038b966b3908fcee0eac9d0789db68a7956a789857b6d1bdd2a307e3e,sources/raw/dellner-bubenzer/88034b0038b966b3908fcee0eac9d0789db68a7956a789857b6d1bdd2a307e3e.pdf,2026-09-07T01:27:28.672829+00:00,,,not identified,1,parsed,private-reference-only
dellner-bubenzer,https://www.dellnerbubenzer.com/downloads/dellner-bubenzer-skd-100-active-brake.pdf,pdf,,1bf143379cc4e2b3e2fa469311194e65ba0cba838be33078cea3955c7c708610,sources/raw/dellner-bubenzer/1bf143379cc4e2b3e2fa469311194e65ba0cba838be33078cea3955c7c708610.pdf,2026-09-07T01:27:29.051970+00:00,,,not identified,2,parsed,private-reference-only
dellner-bubenzer,https://www.dellnerbubenzer.com/downloads/dellner-bubenzer-skd-140-active-brakes.pdf,pdf,,1ba89918771131e53fe8d532c92b5e8bf0ea1037a5e7d42c74a262f7fe85ba54,sources/raw/dellner-bubenzer/1ba89918771131e53fe8d532c92b5e8bf0ea1037a5e7d42c74a262f7fe85ba54.pdf,2026-09-07T01:27:30.006776+00:00,,,not identified,2,parsed,private-reference-only
dellner-bubenzer,https://www.dellnerbubenzer.com/downloads/dellner-bubnezer-skd-35-50-65-80-active-brake.pdf,pdf,,754e8553c703d242fad9236e61817726d7278a895ec1c96bf7629fdba13be2d5,sources/raw/dellner-bubenzer/754e8553c703d242fad9236e61817726d7278a895ec1c96bf7629fdba13be2d5.pdf,2026-09-07T01:27:30.711804+00:00,,,not identified,2,parsed,private-reference-only
dellner-bubenzer,https://www.dellnerbubenzer.com/downloads/DS-060-01E-Disc-brake-SKD-4x125.pdf,pdf,,855c03f6f8b387d47caaf293bee56e5cec7e9be467aa08719ea3bb0c9f9edd29,sources/raw/dellner-bubenzer/855c03f6f8b387d47caaf293bee56e5cec7e9be467aa08719ea3bb0c9f9edd29.pdf,2026-09-07T01:27:31.437618+00:00,,,not identified,2,parsed,private-reference-only
dellner-bubenzer,https://www.dellnerbubenzer.com/downloads/DS-020-01E-Disc-brake-SKD-90.pdf,pdf,,e88438ba953625b4d0106072b57f58a629dced329d8d6f0264b536dd1e6d94ec,sources/raw/dellner-bubenzer/e88438ba953625b4d0106072b57f58a629dced329d8d6f0264b536dd1e6d94ec.pdf,2026-09-07T01:27:32.151754+00:00,,,not identified,2,parsed,private-reference-only
dellner-bubenzer,https://www.dellnerbubenzer.com/downloads/dellner-bubenzer-skde-100-electric-active-brake.pdf,pdf,,135790c7f4cee65a8205ae2b626f83100fe711da62c0da616497e286b7128f4f,sources/raw/dellner-bubenzer/135790c7f4cee65a8205ae2b626f83100fe711da62c0da616497e286b7128f4f.pdf,2026-09-07T01:27:32.851429+00:00,,,not identified,1,parsed,private-reference-only
dellner-bubenzer,https://www.dellnerbubenzer.com/downloads/dellner-bubenzer-skde-50-electric-active-brake.pdf,pdf,,d573cb0c894326d6c7a86209ce40d7b8ef3a6ec4f93bde6ca642f0d77425f3da,sources/raw/dellner-bubenzer/d573cb0c894326d6c7a86209ce40d7b8ef3a6ec4f93bde6ca642f0d77425f3da.pdf,2026-09-07T01:27:33.259190+00:00,,,not identified,1,parsed,private-reference-only
dellner-bubenzer,https://www.dellnerbubenzer.com/downloads/DS-130-01E-Disc-Brake-SKP-140.pdf,pdf,,0114a275030c8f185920af13ef5fe71677f85be48572d12e5c2ab44e3d62a097,sources/raw/dellner-bubenzer/0114a275030c8f185920af13ef5fe71677f85be48572d12e5c2ab44e3d62a097.pdf,2026-09-07T01:27:33.662745+00:00,,,not identified,2,parsed,private-reference-only
dellner-bubenzer,https://www.dellnerbubenzer.com/downloads/dellner-bubenzer-skp-180a-fail-safe-brake.pdf,pdf,,38610288fa86a4c0b967e7bf145ddbeb9f0ed2d83f64a4c08abda772a99795f8,sources/raw/dellner-bubenzer/38610288fa86a4c0b967e7bf145ddbeb9f0ed2d83f64a4c08abda772a99795f8.pdf,2026-09-07T01:27:34.480048+00:00,,,not identified,2,parsed,private-reference-only
dellner-bubenzer,https://www.dellnerbubenzer.com/downloads/dellner-bubenzer-skp-180s-fail-safe-brake.pdf,pdf,,d5dc5987ffb78223db22d0ac2a29ccb47b9f46c7c9ac9d5a2c5a2d142ffafa12,sources/raw/dellner-bubenzer/d5dc5987ffb78223db22d0ac2a29ccb47b9f46c7c9ac9d5a2c5a2d142ffafa12.pdf,2026-09-07T01:27:35.155147+00:00,,,not identified,2,parsed,private-reference-only
dellner-bubenzer,https://www.dellnerbubenzer.com/downloads/ds-110-01e-disc-brake-skp-50.pdf,pdf,,7b6473e741349b96969c75c2d71d0f4bcafd1d048b0094ac73c81cd5cecba653,sources/raw/dellner-bubenzer/7b6473e741349b96969c75c2d71d0f4bcafd1d048b0094ac73c81cd5cecba653.pdf,2026-09-07T01:27:35.889027+00:00,,,not identified,2,parsed,private-reference-only
dellner-bubenzer,https://www.dellnerbubenzer.com/downloads/dellner-bubenzer-skp-65-sa-fail-safe-brake.pdf,pdf,,6ea60dcf8dd3b9cb0a24bf55fe66181a81589ae233414fcd480244df1990eac3,sources/raw/dellner-bubenzer/6ea60dcf8dd3b9cb0a24bf55fe66181a81589ae233414fcd480244df1990eac3.pdf,2026-09-07T01:27:36.579066+00:00,,,not identified,2,parsed,private-reference-only
dellner-bubenzer,https://www.dellnerbubenzer.com/downloads/dellner-bubenzer-skp-95-fail-safe-brake.pdf,pdf,,52d69f32814a861dcc43bf9bc481d4f4d0f25ff7f8727f211a0f4d67e658ab06,sources/raw/dellner-bubenzer/52d69f32814a861dcc43bf9bc481d4f4d0f25ff7f8727f211a0f4d67e658ab06.pdf,2026-09-07T01:27:37.327501+00:00,,,not identified,4,parsed,private-reference-only
dellner-bubenzer,https://www.dellnerbubenzer.com/downloads/dellner-bubenzer-k-en.pdf,pdf,,5650e5694ce306216450d9908a7daada47c52095a2a906afe5576d64f345afd9,sources/raw/dellner-bubenzer/5650e5694ce306216450d9908a7daada47c52095a2a906afe5576d64f345afd9.pdf,2026-09-07T01:27:38.504885+00:00,,,not identified,1,parsed,private-reference-only
emg,https://www.emg.elexis.group/solutions/safety-components,html,,bd0558b70103d0bcf09152e0714a4c6226cee27cfe87a6d998d04f16f8160727,sources/raw/emg/bd0558b70103d0bcf09152e0714a4c6226cee27cfe87a6d998d04f16f8160727.html,2026-09-07T01:26:21.773697+00:00,,,,,,private-reference-only
emg,https://www.emg.elexis.group/de/loesungen/sicherheitskomponenten,html,,7c4ca6938470efbcbd265ac3107647b02702b67c6fbd8887a00d0e6f2b912666,sources/raw/emg/7c4ca6938470efbcbd265ac3107647b02702b67c6fbd8887a00d0e6f2b912666.html,2026-09-07T01:26:23.822234+00:00,,,,,,private-reference-only
emg,https://www.emg.elexis.group/downloads,html,,12a7a6c2af1988a3c8787a2ed29d4405b158a53df9f944cb4332aeebde236bf9,sources/raw/emg/12a7a6c2af1988a3c8787a2ed29d4405b158a53df9f944cb4332aeebde236bf9.html,2026-09-07T01:26:24.680041+00:00,,,,,,private-reference-only
emg,https://www.emg.elexis.group/solutions/strip-guiding-solutions/actuators,html,,3e0cd3f2c58361ccaa0db6d1771af11d992a268d18a39e81c93b1e9aa95f152d,sources/raw/emg/3e0cd3f2c58361ccaa0db6d1771af11d992a268d18a39e81c93b1e9aa95f152d.html,2026-09-07T01:26:25.318997+00:00,,,,,,private-reference-only
emg,https://www.emg.elexis.group/solutions/safety-components/emg-eldro,html,,7724113365670f04a57a82517d29dd1eb9354c708fe07893197505a327e258ed,sources/raw/emg/7724113365670f04a57a82517d29dd1eb9354c708fe07893197505a327e258ed.html,2026-09-07T01:26:26.854288+00:00,,,,,,private-reference-only
emg,https://www.emg.elexis.group/solutions/safety-components/emg-eldro-new-generation,html,,4fde592eaef079409be91bfb3eeb8f8f2716bea440b8df36091ed71c27dd289e,sources/raw/emg/4fde592eaef079409be91bfb3eeb8f8f2716bea440b8df36091ed71c27dd289e.html,2026-09-07T01:26:27.255999+00:00,,,,,,private-reference-only
emg,https://www.emg.elexis.group/solutions/safety-components/emg-eldro-ex,html,,140f242f3de1fb32ee253ca673f61658257655fb6f149e6ec9c7bb2e3224f29c,sources/raw/emg/140f242f3de1fb32ee253ca673f61658257655fb6f149e6ec9c7bb2e3224f29c.html,2026-09-07T01:26:27.625627+00:00,,,,,,private-reference-only
emg,https://www.emg.elexis.group/solutions/safety-components/emg-eldro-direct-current,html,,e96b559ace0142e8d9bf95b13a890e3df858619420403a3584c44227945af77d,sources/raw/emg/e96b559ace0142e8d9bf95b13a890e3df858619420403a3584c44227945af77d.html,2026-09-07T01:26:28.002974+00:00,,,,,,private-reference-only
emg,https://www.emg.elexis.group/solutions/safety-components/emg-elhy,html,,386f6af91560f432f84903edcdbf5cf759ff64fcc45e70b45f1ac1684a36f648,sources/raw/emg/386f6af91560f432f84903edcdbf5cf759ff64fcc45e70b45f1ac1684a36f648.html,2026-09-07T01:26:28.381847+00:00,,,,,,private-reference-only
emg,https://www.emg.elexis.group/solutions/safety-components/emg-esse,html,,8c82b7d36688fdae8ea78ca4b1cd68925e49071aaccf2f2458b78d18ef2ddf29,sources/raw/emg/8c82b7d36688fdae8ea78ca4b1cd68925e49071aaccf2f2458b78d18ef2ddf29.html,2026-09-07T01:26:29.477231+00:00,,,,,,private-reference-only
emg,https://www.emg.elexis.group/solutions/safety-components/emg-brakematic,html,,b220aa3a5e5ad223a1bdbff6de86b713114578eaa9b3286db8537cfd3068a149,sources/raw/emg/b220aa3a5e5ad223a1bdbff6de86b713114578eaa9b3286db8537cfd3068a149.html,2026-09-07T01:26:29.929924+00:00,,,,,,private-reference-only
emg,https://www.emg.elexis.group/solutions/safety-components/emg-electrohydraulic-actuators,html,,becc198487f5c4f18520f3ef43b1e00bf642481bc84d40b016cd6a2ac098cc45,sources/raw/emg/becc198487f5c4f18520f3ef43b1e00bf642481bc84d40b016cd6a2ac098cc45.html,2026-09-07T01:26:31.019117+00:00,,,,,,private-reference-only
emg,https://www.emg.elexis.group/service/exchange-thrusters,html,,69d6a0b465d0de308b1f6700cd3980142283f1787c19e6a4ccb5c4743ebce7c7,sources/raw/emg/69d6a0b465d0de308b1f6700cd3980142283f1787c19e6a4ccb5c4743ebce7c7.html,2026-09-07T01:26:31.474969+00:00,,,,,,private-reference-only
emg,https://www.emg.elexis.group/de/downloads,html,,92c70bf27a98b21838faa3315ae9217c8323add60c9ef1de4e0b195ca8fef7eb,sources/raw/emg/92c70bf27a98b21838faa3315ae9217c8323add60c9ef1de4e0b195ca8fef7eb.html,2026-09-07T01:26:31.872403+00:00,,,,,,private-reference-only
emg,https://www.emg.elexis.group/de/loesungen/sicherheitskomponenten/emg-eldro,html,,cd3e75ac852269f2a5981079ec1125635e3de3a34c39ade3646efcf10eea2537,sources/raw/emg/cd3e75ac852269f2a5981079ec1125635e3de3a34c39ade3646efcf10eea2537.html,2026-09-07T01:26:32.617165+00:00,,,,,,private-reference-only
emg,https://www.emg.elexis.group/de/loesungen/sicherheitskomponenten/emg-eldro-neue-generation,html,,a50650bdf9f1afe6916b3b88de7539b314c36bffaae850c43ff2f666129a358a,sources/raw/emg/a50650bdf9f1afe6916b3b88de7539b314c36bffaae850c43ff2f666129a358a.html,2026-09-07T01:26:33.012505+00:00,,,,,,private-reference-only
emg,https://www.emg.elexis.group/de/loesungen/sicherheitskomponenten/emg-eldro-ex,html,,d74d415bdbb393e57da425ccf542a78b763847d80e85cd15b110351d1924b9da,sources/raw/emg/d74d415bdbb393e57da425ccf542a78b763847d80e85cd15b110351d1924b9da.html,2026-09-07T01:26:33.442820+00:00,,,,,,private-reference-only
emg,https://www.emg.elexis.group/de/loesungen/sicherheitskomponenten/emg-eldro-gleichstrom,html,,1298cc35b4835af2112204d385c6ba5fa45f201e8d2c4abcc44698f933add6be,sources/raw/emg/1298cc35b4835af2112204d385c6ba5fa45f201e8d2c4abcc44698f933add6be.html,2026-09-07T01:26:33.821352+00:00,,,,,,private-reference-only
emg,https://www.emg.elexis.group/de/loesungen/sicherheitskomponenten/emg-elhy,html,,4526090f42306132cbdbb78f97a9a2d588f8c045c25b2f0418236ab7b906bfc0,sources/raw/emg/4526090f42306132cbdbb78f97a9a2d588f8c045c25b2f0418236ab7b906bfc0.html,2026-09-07T01:26:35.634513+00:00,,,,,,private-reference-only
emg,https://www.emg.elexis.group/de/loesungen/sicherheitskomponenten/emg-esse,html,,ef8f2f1092f7366ab25de65e5a527dc6711d704054f939bb765f65d5b0e0df84,sources/raw/emg/ef8f2f1092f7366ab25de65e5a527dc6711d704054f939bb765f65d5b0e0df84.html,2026-09-07T01:26:36.006802+00:00,,,,,,private-reference-only
emg,https://www.emg.elexis.group/de/loesungen/sicherheitskomponenten/emg-brakematic,html,,39fb4e4d19363ff3d3bc9cf5ae09b4a312d893c9400d2490570c2d02e13e6b69,sources/raw/emg/39fb4e4d19363ff3d3bc9cf5ae09b4a312d893c9400d2490570c2d02e13e6b69.html,2026-09-07T01:26:36.422196+00:00,,,,,,private-reference-only
emg,https://www.emg.elexis.group/de/loesungen/sicherheitskomponenten/emg-elektrohydraulische-aktuatoren,html,,47e3d29cac3f395126e40fa37dfdf7ec355fdb5186f5de539b3f886d33b44f5a,sources/raw/emg/47e3d29cac3f395126e40fa37dfdf7ec355fdb5186f5de539b3f886d33b44f5a.html,2026-09-07T01:26:36.773909+00:00,,,,,,private-reference-only
emg,https://www.emg.elexis.group/de/service/austausch-von-bremslueftern,html,,598f0f24003d765e20643e01634658b39786a2d3c2e7ba898d646d3f172d1286,sources/raw/emg/598f0f24003d765e20643e01634658b39786a2d3c2e7ba898d646d3f172d1286.html,2026-09-07T01:26:37.163258+00:00,,,,,,private-reference-only
emg,https://www.emg.elexis.group/ru/downloads,html,,184ceb52f68eac50d0c44abdf34c9f3a59ddb9af359584e7fe77b42d05f72213,sources/raw/emg/184ceb52f68eac50d0c44abdf34c9f3a59ddb9af359584e7fe77b42d05f72213.html,2026-09-07T01:26:37.573810+00:00,,,,,,private-reference-only
emg,https://www.emg.elexis.group/fileadmin/user_upload/emg/Brochures/20260226_Brochure-QA-systems_EN.pdf,pdf,,d3c70998448c1adc4c4c67cd46cd965a3cf2f10d93094f2aa6d3fab8fb98f334,sources/raw/emg/d3c70998448c1adc4c4c67cd46cd965a3cf2f10d93094f2aa6d3fab8fb98f334.pdf,2026-09-07T01:26:39.340783+00:00,,,not identified,14,parsed,private-reference-only
emg,https://www.emg.elexis.group/fileadmin/user_upload/emg/Brochures/20260226_Brochure-QA-systems_DE.pdf,pdf,,b3d5a1ae80ae8d95f18904fa2b03f072c0b1d637d863f725a11a7763d09f035d,sources/raw/emg/b3d5a1ae80ae8d95f18904fa2b03f072c0b1d637d863f725a11a7763d09f035d.pdf,2026-09-07T01:26:40.449087+00:00,,,not identified,14,parsed,private-reference-only
emg,https://www.emg.elexis.group/fileadmin/user_upload/emg/Company/Manufacturing_Capabilities/20260402_Broschuere_Fertigungsmoeglichkeiten-EMG.pdf,pdf,,45771946cca4d20a808ae6b482d1f80488a5dc29bb5b438bcb3690b1a9503305,sources/raw/emg/45771946cca4d20a808ae6b482d1f80488a5dc29bb5b438bcb3690b1a9503305.pdf,2026-09-07T01:26:42.135868+00:00,,Revision 00,unreviewed candidate,20,parsed,private-reference-only
emg,https://www.emg.elexis.group/fileadmin/user_upload/emg/Company/Manufacturing_Capabilities/20260402_Brochure_Manufacturing-capabilities-EMG.pdf,pdf,,d5bba9a7a5692dc7370cf675074d84fabac154450cb463daaa187adc18b9412e,sources/raw/emg/d5bba9a7a5692dc7370cf675074d84fabac154450cb463daaa187adc18b9412e.pdf,2026-09-07T01:26:43.778793+00:00,,Revision 00,unreviewed candidate,20,parsed,private-reference-only
emg,https://www.emg.elexis.group/fileadmin/user_upload/emg/Landingpages/EMG-Application_Uncoiler.pdf,pdf,,7aa70019f2c0ce17a096db91a68a7886dd0418114765b095b29746eefaedf152,sources/raw/emg/7aa70019f2c0ce17a096db91a68a7886dd0418114765b095b29746eefaedf152.pdf,2026-09-07T01:26:44.256205+00:00,,,not identified,1,parsed,private-reference-only
emg,https://www.emg.elexis.group/solutions/strip-guiding-solutions/actuators/hydraulic-control-emg-hst,html,,2f13fee2ebe1d7d47189af2d8a5137df692dec7c81dfc3b2ae0dd298ff81c4a9,sources/raw/emg/2f13fee2ebe1d7d47189af2d8a5137df692dec7c81dfc3b2ae0dd298ff81c4a9.html,2026-09-07T01:26:44.582133+00:00,,,,,,private-reference-only
emg,https://www.emg.elexis.group/solutions/strip-guiding-solutions/actuators/hydraulic-control-and-power-units-hr/ha,html,,006d5dab3a30763f085832d9e3c548e6721b2481d4ff613f108366fd9ae788f4,sources/raw/emg/006d5dab3a30763f085832d9e3c548e6721b2481d4ff613f108366fd9ae788f4.html,2026-09-07T01:26:44.903570+00:00,,,,,,private-reference-only
emg,https://www.emg.elexis.group/ru/reshenija/ehlementy-obespechenija-bezopasnosti/emg-eldro,html,,c791b4bea4476a9a975027dcd1ac0f5aecd6f8ec5fd4e23ed997eb9d0096f653,sources/raw/emg/c791b4bea4476a9a975027dcd1ac0f5aecd6f8ec5fd4e23ed997eb9d0096f653.html,2026-09-07T01:26:45.236580+00:00,,,,,,private-reference-only
emg,https://www.emg.elexis.group/zh/%E8%A7%A3%E5%86%B3%E6%96%B9%E6%A1%88/%E9%87%8D%E5%9E%8B%E7%89%A9%E6%B5%81%E7%9A%84%E5%AE%89%E5%85%A8%E7%BB%84%E4%BB%B6/emg-eldro,html,,e8a542ee413a48ad48b5afa746806a4dcc1d9eeb614da0cfe34795482e839514,sources/raw/emg/e8a542ee413a48ad48b5afa746806a4dcc1d9eeb614da0cfe34795482e839514.html,2026-09-07T01:26:46.829475+00:00,,,,,,private-reference-only
emg,https://www.emg.elexis.group/ru/reshenija/ehlementy-obespechenija-bezopasnosti/emg-eldro-novoe-pokolenie,html,,3658dfc9fa0f70bdc0cf0838338a593bdcf922afd7ce660191ca8338abf54204,sources/raw/emg/3658dfc9fa0f70bdc0cf0838338a593bdcf922afd7ce660191ca8338abf54204.html,2026-09-07T01:26:47.216525+00:00,,,,,,private-reference-only
emg,https://www.emg.elexis.group/zh/%E8%A7%A3%E5%86%B3%E6%96%B9%E6%A1%88/%E9%87%8D%E5%9E%8B%E7%89%A9%E6%B5%81%E7%9A%84%E5%AE%89%E5%85%A8%E7%BB%84%E4%BB%B6/emg-eldro-%E6%96%B0%E4%B8%80%E4%BB%A3%E4%BA%A7%E5%93%81,html,,5043220ee4529cbd0e7cba71ac733652705e6f8594d15a7474879187a9463790,sources/raw/emg/5043220ee4529cbd0e7cba71ac733652705e6f8594d15a7474879187a9463790.html,2026-09-07T01:26:48.638091+00:00,,,,,,private-reference-only
emg,https://www.emg.elexis.group/ru/reshenija/ehlementy-obespechenija-bezopasnosti/emg-eldro-ex,html,,26130d20022f58f8551eebf91a093d5d6da05b98dffcca920e4ba1c295597de8,sources/raw/emg/26130d20022f58f8551eebf91a093d5d6da05b98dffcca920e4ba1c295597de8.html,2026-09-07T01:26:50.242472+00:00,,,,,,private-reference-only
emg,https://www.emg.elexis.group/zh/%E8%A7%A3%E5%86%B3%E6%96%B9%E6%A1%88/%E9%87%8D%E5%9E%8B%E7%89%A9%E6%B5%81%E7%9A%84%E5%AE%89%E5%85%A8%E7%BB%84%E4%BB%B6/emg-eldro-ex,html,,253ba0550e9569caa4d6b7ec3e0e3f6fccfd3b5d6dc7a6b9c0f6b1d87a5b3438,sources/raw/emg/253ba0550e9569caa4d6b7ec3e0e3f6fccfd3b5d6dc7a6b9c0f6b1d87a5b3438.html,2026-09-07T01:26:50.619431+00:00,,,,,,private-reference-only
emg,https://www.emg.elexis.group/ru/reshenija/ehlementy-obespechenija-bezopasnosti/eldro-serii-postojannogo-toka,html,,4cc1f2061e60e0f0eff26cd51daa631e97b06269114fb04740dc298edea7cc05,sources/raw/emg/4cc1f2061e60e0f0eff26cd51daa631e97b06269114fb04740dc298edea7cc05.html,2026-09-07T01:26:52.772492+00:00,,,,,,private-reference-only
emg,https://www.emg.elexis.group/zh/%E8%A7%A3%E5%86%B3%E6%96%B9%E6%A1%88/%E9%87%8D%E5%9E%8B%E7%89%A9%E6%B5%81%E7%9A%84%E5%AE%89%E5%85%A8%E7%BB%84%E4%BB%B6/eldro-%E7%9B%B4%E6%B5%81,html,,24507667e19328219c64da549444823378e649b0f4e0660d359ad48e80ea8d9a,sources/raw/emg/24507667e19328219c64da549444823378e649b0f4e0660d359ad48e80ea8d9a.html,2026-09-07T01:26:55.111524+00:00,,,,,,private-reference-only
emg,https://www.emg.elexis.group/ru/reshenija/ehlementy-obespechenija-bezopasnosti/emg-elhy,html,,651987d18cec7b270e063a58a1104f1aa1b331e2d63a84b49bb2854a9ccaaad0,sources/raw/emg/651987d18cec7b270e063a58a1104f1aa1b331e2d63a84b49bb2854a9ccaaad0.html,2026-09-07T01:26:55.523046+00:00,,,,,,private-reference-only
emg,https://www.emg.elexis.group/zh/%E8%A7%A3%E5%86%B3%E6%96%B9%E6%A1%88/%E9%87%8D%E5%9E%8B%E7%89%A9%E6%B5%81%E7%9A%84%E5%AE%89%E5%85%A8%E7%BB%84%E4%BB%B6/emg-elhy,html,,98f1c1dd48c75e633ff34d0a122ea3669be629a0bfeb1288979cd024b814309b,sources/raw/emg/98f1c1dd48c75e633ff34d0a122ea3669be629a0bfeb1288979cd024b814309b.html,2026-09-07T01:26:55.887696+00:00,,,,,,private-reference-only
emg,https://www.emg.elexis.group/ru/reshenija/ehlementy-obespechenija-bezopasnosti/emg-brakematic,html,,76a299758084089e04af61349e22d063550e58b7f7a798870c64506d9f38a13c,sources/raw/emg/76a299758084089e04af61349e22d063550e58b7f7a798870c64506d9f38a13c.html,2026-09-07T01:26:56.303242+00:00,,,,,,private-reference-only
emg,https://www.emg.elexis.group/zh/%E8%A7%A3%E5%86%B3%E6%96%B9%E6%A1%88/%E9%87%8D%E5%9E%8B%E7%89%A9%E6%B5%81%E7%9A%84%E5%AE%89%E5%85%A8%E7%BB%84%E4%BB%B6/emg-brakematic,html,,c12823df9d0a081c2daa413051c91cc4afe8a9d6ae3fc9719af0f999941fcddd,sources/raw/emg/c12823df9d0a081c2daa413051c91cc4afe8a9d6ae3fc9719af0f999941fcddd.html,2026-09-07T01:26:57.825188+00:00,,,,,,private-reference-only
emg,https://www.emg.elexis.group/fileadmin/user_upload/emg/Service/20230126_Exchange-Flyer_ELDRO_ELHY_Rev00_EN.pdf,pdf,,cd39d98fc523ef57b54998b7ed643dd3f8abf4c24dcc79b2f28cfa9c8a0d190a,sources/raw/emg/cd39d98fc523ef57b54998b7ed643dd3f8abf4c24dcc79b2f28cfa9c8a0d190a.pdf,2026-09-07T01:26:58.266791+00:00,,,not identified,1,parsed,private-reference-only
emg,https://www.emg.elexis.group/fileadmin/user_upload/emg/Service/ELDRO-OrderingInstruction-ExchangeUnits.pdf,pdf,,d044e5e585770bb21f9fddef3adf65624e32f78f513fe238c17e5847824dfb92,sources/raw/emg/d044e5e585770bb21f9fddef3adf65624e32f78f513fe238c17e5847824dfb92.pdf,2026-09-07T01:26:59.356295+00:00,,,not identified,1,parsed,private-reference-only
emg,https://www.emg.elexis.group/fileadmin/user_upload/emg/Service/20230116_Service-Flyer_ELDRO_ELHY_Rev00_EN.pdf,pdf,,d7e8bd221aa81424abb66fb291a85d865671a4eb6d5b0758eb78cc367117f9ab,sources/raw/emg/d7e8bd221aa81424abb66fb291a85d865671a4eb6d5b0758eb78cc367117f9ab.pdf,2026-09-07T01:26:59.655055+00:00,,,not identified,2,parsed,private-reference-only
emg,https://www.emg.elexis.group/eduard-musalf-1.vcard,vcard,,122c84a99d392cc141628a710d61e5cea455d3dc4c5b19afd1daabbc9eaf9a82,sources/raw/emg/122c84a99d392cc141628a710d61e5cea455d3dc4c5b19afd1daabbc9eaf9a82.vcard,2026-09-07T01:27:00.221947+00:00,,,,,,private-reference-only
emg,https://www.emg.elexis.group/fileadmin/user_upload/emg/Service/ELDRO-Bestellhinweis-Austauschger%C3%A4te.pdf,pdf,,b3233e64ce27e056482137c82628073ea7b4bc76f70d89f548ee4560448a221f,sources/raw/emg/b3233e64ce27e056482137c82628073ea7b4bc76f70d89f548ee4560448a221f.pdf,2026-09-07T01:27:00.593843+00:00,,,not identified,1,parsed,private-reference-only
emg,https://www.emg.elexis.group/fileadmin/user_upload/emg/Service/20230116_Service-Flyer_ELDRO_ELHY_Rev00_DE.pdf,pdf,,36dfcfc538be6f52d511ba578ec76edb66e38036411c8ece6fa85a7048dd77ae,sources/raw/emg/36dfcfc538be6f52d511ba578ec76edb66e38036411c8ece6fa85a7048dd77ae.pdf,2026-09-07T01:27:00.933332+00:00,,,not identified,2,parsed,private-reference-only
emg,https://www.emg.elexis.group/ru/reshenija/ehlementy-obespechenija-bezopasnosti,html,,6619dffd3ffd642869f736d31cfa8b3685c47a5182396182cae1954226ca4bbd,sources/raw/emg/6619dffd3ffd642869f736d31cfa8b3685c47a5182396182cae1954226ca4bbd.html,2026-09-07T01:27:01.323482+00:00,,,,,,private-reference-only
emg,https://www.emg.elexis.group/ru/service/podrulivajushchie-ustroistva,html,,87cc70a0e828b17dbaeb9b524232959d066f84df4566ce8aad464337c8817799,sources/raw/emg/87cc70a0e828b17dbaeb9b524232959d066f84df4566ce8aad464337c8817799.html,2026-09-07T01:27:01.659717+00:00,,,,,,private-reference-only
emg,https://www.emg.elexis.group/fileadmin/user_upload/emg/Landingpages/EMG-Guide-Frame_integral.pdf,pdf,,e263950f6fa3b672e41f3a673175c0ddc61283c251fec188dc7658e2c5971a1d,sources/raw/emg/e263950f6fa3b672e41f3a673175c0ddc61283c251fec188dc7658e2c5971a1d.pdf,2026-09-07T01:27:02.003302+00:00,,,not identified,1,parsed,private-reference-only
emg,https://www.emg.elexis.group/fileadmin/user_upload/emg/Landingpages/EMG-Steuerrollen_proportional.pdf,pdf,,bde582729244f183f8259ae3db50e00920f7efffdf88f3eae1727d836ce55c55,sources/raw/emg/bde582729244f183f8259ae3db50e00920f7efffdf88f3eae1727d836ce55c55.pdf,2026-09-07T01:27:02.401052+00:00,,,not identified,1,parsed,private-reference-only
emg,https://www.emg.elexis.group/ru/reshenija/sistemy-regulirovki-khoda-polosy/ispolnitelnye-mekhanizmy/hydraulic-control-emg-hst,html,,c36ff4bd11aaeb22c1f69b8fa6ac768d08dd5f2593321fa870fe2a4748fb260c,sources/raw/emg/c36ff4bd11aaeb22c1f69b8fa6ac768d08dd5f2593321fa870fe2a4748fb260c.html,2026-09-07T01:27:02.720855+00:00,,,,,,private-reference-only
emg,https://www.emg.elexis.group/zh/%E8%A7%A3%E5%86%B3%E6%96%B9%E6%A1%88/%E6%9D%BF%E5%B8%A6%E7%BA%A0%E5%81%8F%E7%B3%BB%E7%BB%9F/%E6%89%A7%E8%A1%8C%E6%9C%BA%E6%9E%84/hydraulic-control-emg-hst,html,,3b199d7b9ca840858d8716f7718bcc106e4fcb81b0f41cb8f5e51386a4fa84d4,sources/raw/emg/3b199d7b9ca840858d8716f7718bcc106e4fcb81b0f41cb8f5e51386a4fa84d4.html,2026-09-07T01:27:04.346407+00:00,,,,,,private-reference-only
emg,https://www.emg.elexis.group/ru/reshenija/sistemy-regulirovki-khoda-polosy/ispolnitelnye-mekhanizmy/hydraulic-control-and-power-units-hr/ha,html,,f06f3608e78a55b289f6c438f40728baeb6118cc8603171f20375bbcdb5398d1,sources/raw/emg/f06f3608e78a55b289f6c438f40728baeb6118cc8603171f20375bbcdb5398d1.html,2026-09-07T01:27:04.722058+00:00,,,,,,private-reference-only
emg,https://www.emg.elexis.group/zh/%E8%A7%A3%E5%86%B3%E6%96%B9%E6%A1%88/%E6%9D%BF%E5%B8%A6%E7%BA%A0%E5%81%8F%E7%B3%BB%E7%BB%9F/%E6%89%A7%E8%A1%8C%E6%9C%BA%E6%9E%84/hydraulic-control-and-power-units-hr/ha,html,,8bdfdb9916258a63298cede5ec4cd22b9568180ea173679c4a66fe0680e23dc8,sources/raw/emg/8bdfdb9916258a63298cede5ec4cd22b9568180ea173679c4a66fe0680e23dc8.html,2026-09-07T01:27:05.036156+00:00,,,,,,private-reference-only
emg,https://www.emg.elexis.group/zh/%E8%A7%A3%E5%86%B3%E6%96%B9%E6%A1%88/%E9%87%8D%E5%9E%8B%E7%89%A9%E6%B5%81%E7%9A%84%E5%AE%89%E5%85%A8%E7%BB%84%E4%BB%B6,html,,261f34a3e0632a888117503ee9dae44390461c5d78997e30c948248394e2699b,sources/raw/emg/261f34a3e0632a888117503ee9dae44390461c5d78997e30c948248394e2699b.html,2026-09-07T01:27:06.424384+00:00,,,,,,private-reference-only
emg,https://www.emg.elexis.group/zh/service/%E4%BA%A4%E6%8D%A2%E6%8E%A8%E8%BF%9B%E5%99%A8,html,,19ad6bd579fe4c9abd2b733b71c978d68e21f4814c7401d5adb2f7a67df28531,sources/raw/emg/19ad6bd579fe4c9abd2b733b71c978d68e21f4814c7401d5adb2f7a67df28531.html,2026-09-07T01:27:07.946876+00:00,,,,,,private-reference-only
galvi,http://www.galvi.com/index,html,,006e5bfa0ca0756f6c14b280922548afff2a630aebc092602591801cfc3dba6a,sources/raw/galvi/006e5bfa0ca0756f6c14b280922548afff2a630aebc092602591801cfc3dba6a.html,2026-09-07T01:26:21.772191+00:00,,,,,,private-reference-only
galvi,http://www.galvi.com/moduli/catalogo/schedatecnica/1,html,,2450e36c33806d28c8f9b2a0df5a18c00e5b40b454f6c08aea03f0c9cf27df77,sources/raw/galvi/2450e36c33806d28c8f9b2a0df5a18c00e5b40b454f6c08aea03f0c9cf27df77.html,2026-09-07T01:26:22.885937+00:00,,,,,,private-reference-only
galvi,http://www.galvi.com/moduli/catalogo/schedatecnica/2,html,,a751d9654b242e4a9afb840f516a7089954686dd65c19319ec0ac07b0021b3e8,sources/raw/galvi/a751d9654b242e4a9afb840f516a7089954686dd65c19319ec0ac07b0021b3e8.html,2026-09-07T01:26:23.192876+00:00,,,,,,private-reference-only
galvi,http://www.galvi.com/moduli/catalogo/schedatecnica/3,html,,7a4028aa92e1452d5183024686437445cf9c32b6a383cc4d93cd5255325fe33a,sources/raw/galvi/7a4028aa92e1452d5183024686437445cf9c32b6a383cc4d93cd5255325fe33a.html,2026-09-07T01:26:23.532416+00:00,,,,,,private-reference-only
galvi,http://www.galvi.com/moduli/catalogo/schedatecnica/4,html,,6da346c43980c22c257fe701bfbca211b426538195edb7f6a71d96101628fbd0,sources/raw/galvi/6da346c43980c22c257fe701bfbca211b426538195edb7f6a71d96101628fbd0.html,2026-09-07T01:26:23.832200+00:00,,,,,,private-reference-only
galvi,http://www.galvi.com/moduli/catalogo/schedatecnica/5,html,,79ffdc945233152268083f24addcb6ff008cfb8283620052f18ecdf2c5129b81,sources/raw/galvi/79ffdc945233152268083f24addcb6ff008cfb8283620052f18ecdf2c5129b81.html,2026-09-07T01:26:24.127328+00:00,,,,,,private-reference-only
galvi,http://www.galvi.com/moduli/catalogo/schedatecnica/6,html,,a20635830310eed55d3bd03fc6521782c2a07df13517bff50221ba232a8d113e,sources/raw/galvi/a20635830310eed55d3bd03fc6521782c2a07df13517bff50221ba232a8d113e.html,2026-09-07T01:26:24.433840+00:00,,,,,,private-reference-only
galvi,http://www.galvi.com/moduli/catalogo/schedatecnica/7,html,,59125204ba1c96d19b1224e0adb1092a052c44e428892c073f654ad6fd20719a,sources/raw/galvi/59125204ba1c96d19b1224e0adb1092a052c44e428892c073f654ad6fd20719a.html,2026-09-07T01:26:24.744197+00:00,,,,,,private-reference-only
galvi,http://www.galvi.com/moduli/catalogo/schedatecnica/8,html,,f4e690e755d691e4a824962c639ed0f4705636a91fffb1c560dadb8a733393a4,sources/raw/galvi/f4e690e755d691e4a824962c639ed0f4705636a91fffb1c560dadb8a733393a4.html,2026-09-07T01:26:25.035124+00:00,,,,,,private-reference-only
galvi,http://www.galvi.com/moduli/catalogo/schedatecnica/9,html,,5bb2b755097cf90d0a35078d1cb5ed316d18bc3264784f9ca96e3995e42665c5,sources/raw/galvi/5bb2b755097cf90d0a35078d1cb5ed316d18bc3264784f9ca96e3995e42665c5.html,2026-09-07T01:26:25.319257+00:00,,,,,,private-reference-only
galvi,http://www.galvi.com/moduli/catalogo/schedatecnica/10,html,,98bec7548f38953e7a0bf6fea55174471355833a5b00d85dcd07feb1392d9cd3,sources/raw/galvi/98bec7548f38953e7a0bf6fea55174471355833a5b00d85dcd07feb1392d9cd3.html,2026-09-07T01:26:25.620590+00:00,,,,,,private-reference-only
galvi,http://www.galvi.com/moduli/catalogo/schedatecnica/11,html,,68c6056ac1e7da26051f7d18c638d0d0e4d00d74eb4c45c576e3dbb3051a2866,sources/raw/galvi/68c6056ac1e7da26051f7d18c638d0d0e4d00d74eb4c45c576e3dbb3051a2866.html,2026-09-07T01:26:25.921870+00:00,,,,,,private-reference-only
galvi,http://www.galvi.com/moduli/catalogo/schedatecnica/12,html,,4a87aaa659417f5b116b36d459360754c7a98f18622deb6285baf798355772d2,sources/raw/galvi/4a87aaa659417f5b116b36d459360754c7a98f18622deb6285baf798355772d2.html,2026-09-07T01:26:26.212257+00:00,,,,,,private-reference-only
galvi,http://www.galvi.com/moduli/catalogo/schedatecnica/13,html,,af8de92596a2c2118e39116deb77e3b4e81c7e1f21d97a1b02f7f3f01c101eaf,sources/raw/galvi/af8de92596a2c2118e39116deb77e3b4e81c7e1f21d97a1b02f7f3f01c101eaf.html,2026-09-07T01:26:26.496307+00:00,,,,,,private-reference-only
galvi,http://www.galvi.com/moduli/catalogo/schedatecnica/14,html,,8f22dda3f6c8ffd7b982876253376a66e8e7ff0bdc2e45ef9ffc399a2fb1501b,sources/raw/galvi/8f22dda3f6c8ffd7b982876253376a66e8e7ff0bdc2e45ef9ffc399a2fb1501b.html,2026-09-07T01:26:26.854373+00:00,,,,,,private-reference-only
galvi,http://www.galvi.com/moduli/catalogo/schedatecnica/15,html,,f507fb92c8f263ed0fb684589c39046e55f130a300f7c9e1c0dcb4f406bf426c,sources/raw/galvi/f507fb92c8f263ed0fb684589c39046e55f130a300f7c9e1c0dcb4f406bf426c.html,2026-09-07T01:26:27.150608+00:00,,,,,,private-reference-only
galvi,http://www.galvi.com/moduli/catalogo/schedatecnica/16,html,,61f7192d124a41744fd7721a136c3f13599eb8cc9d5e6995c7eda987d0e17786,sources/raw/galvi/61f7192d124a41744fd7721a136c3f13599eb8cc9d5e6995c7eda987d0e17786.html,2026-09-07T01:26:27.486809+00:00,,,,,,private-reference-only
galvi,http://www.galvi.com/moduli/catalogo/schedatecnica/17,html,,7dd32e5e3c134bdb0bce5d20d046ff12c34bb8c811a9ee375300372cc7056ea8,sources/raw/galvi/7dd32e5e3c134bdb0bce5d20d046ff12c34bb8c811a9ee375300372cc7056ea8.html,2026-09-07T01:26:27.770469+00:00,,,,,,private-reference-only
galvi,http://www.galvi.com/moduli/catalogo/schedatecnica/18,html,,c261584beb185896b2fe01fce72fa98470e11b6c6663ca931e853a96dfc31420,sources/raw/galvi/c261584beb185896b2fe01fce72fa98470e11b6c6663ca931e853a96dfc31420.html,2026-09-07T01:26:28.052294+00:00,,,,,,private-reference-only
galvi,http://www.galvi.com/moduli/catalogo/schedatecnica/19,html,,cefa5c46ca4c9d017dd327c458b38ce6f8e60920e95458e43c113a119005d67c,sources/raw/galvi/cefa5c46ca4c9d017dd327c458b38ce6f8e60920e95458e43c113a119005d67c.html,2026-09-07T01:26:28.388228+00:00,,,,,,private-reference-only
galvi,http://www.galvi.com/moduli/catalogo/schedatecnica/20,html,,7e75e3580f0e2a51c170b39d632d1823faa5745dce15153ff564b1c6697857b9,sources/raw/galvi/7e75e3580f0e2a51c170b39d632d1823faa5745dce15153ff564b1c6697857b9.html,2026-09-07T01:26:28.687006+00:00,,,,,,private-reference-only
galvi,http://www.galvi.com/moduli/catalogo/schedatecnica/21,html,,2d68c75fb67d275b711aab3d9c7ca960f54ad6b3199ba6fb6bedb31c67ec215a,sources/raw/galvi/2d68c75fb67d275b711aab3d9c7ca960f54ad6b3199ba6fb6bedb31c67ec215a.html,2026-09-07T01:26:28.979187+00:00,,,,,,private-reference-only
galvi,http://www.galvi.com/moduli/catalogo/schedatecnica/22,html,,ce0bd74cf3723565fdd2571d914ee09866e8140c19199f113136eec5dc2f7e28,sources/raw/galvi/ce0bd74cf3723565fdd2571d914ee09866e8140c19199f113136eec5dc2f7e28.html,2026-09-07T01:26:29.257337+00:00,,,,,,private-reference-only
galvi,http://www.galvi.com/moduli/catalogo/schedatecnica/23,html,,c637b96c50f4019fa806cff10262c372ff4619e96936de51196a55916399ef2e,sources/raw/galvi/c637b96c50f4019fa806cff10262c372ff4619e96936de51196a55916399ef2e.html,2026-09-07T01:26:29.536815+00:00,,,,,,private-reference-only
galvi,http://www.galvi.com/moduli/catalogo/schedatecnica/24,html,,064f718dee91c91c98c708986f3119140b388ae4395a7099d6d505f67397b55c,sources/raw/galvi/064f718dee91c91c98c708986f3119140b388ae4395a7099d6d505f67397b55c.html,2026-09-07T01:26:29.887713+00:00,,,,,,private-reference-only
galvi,http://www.galvi.com/moduli/catalogo/schedatecnica/25,html,,f87ac50cc921a078d4ab11007210565bf80287bf4ac3d1a1e853d58ab065ced1,sources/raw/galvi/f87ac50cc921a078d4ab11007210565bf80287bf4ac3d1a1e853d58ab065ced1.html,2026-09-07T01:26:30.221979+00:00,,,,,,private-reference-only
galvi,http://www.galvi.com/moduli/catalogo/schedatecnica/26,html,,178111093832b44172d72623143e2daca20332d50929c0fbbc5c8115ae4f169d,sources/raw/galvi/178111093832b44172d72623143e2daca20332d50929c0fbbc5c8115ae4f169d.html,2026-09-07T01:26:30.521434+00:00,,,,,,private-reference-only
galvi,http://www.galvi.com/moduli/catalogo/schedatecnica/27,html,,135f0c1d39bd47179c4c3a0cd201a7e7043479ceb26ddd02902c9c4775866d1b,sources/raw/galvi/135f0c1d39bd47179c4c3a0cd201a7e7043479ceb26ddd02902c9c4775866d1b.html,2026-09-07T01:26:30.808116+00:00,,,,,,private-reference-only
galvi,http://www.galvi.com/moduli/catalogo/schedatecnica/28,html,,c2ebf855eefe97e4935bffdb53b3c46414d87ea9c96b1cb3c2e2d75a12c46218,sources/raw/galvi/c2ebf855eefe97e4935bffdb53b3c46414d87ea9c96b1cb3c2e2d75a12c46218.html,2026-09-07T01:26:31.141305+00:00,,,,,,private-reference-only
galvi,http://www.galvi.com/moduli/catalogo/schedatecnica/29,html,,516f4ca833ed4b5394151101794769864d45f7e5ffffd8c38a0af087fe8f06f3,sources/raw/galvi/516f4ca833ed4b5394151101794769864d45f7e5ffffd8c38a0af087fe8f06f3.html,2026-09-07T01:26:31.475029+00:00,,,,,,private-reference-only
galvi,http://www.galvi.com/moduli/catalogo/schedatecnica/30,html,,b7b4c3fb2fc8abb1d6e9c9d411f6a0c7cc20cf0ac4ce38be86b3611212affaa6,sources/raw/galvi/b7b4c3fb2fc8abb1d6e9c9d411f6a0c7cc20cf0ac4ce38be86b3611212affaa6.html,2026-09-07T01:26:31.756019+00:00,,,,,,private-reference-only
galvi,http://www.galvi.com/moduli/catalogo/schedatecnica/31,html,,1bf1c1fae63643b9eb9b06c9888b6bf6699461c306676d398f8678ab10bffe0a,sources/raw/galvi/1bf1c1fae63643b9eb9b06c9888b6bf6699461c306676d398f8678ab10bffe0a.html,2026-09-07T01:26:32.037372+00:00,,,,,,private-reference-only
galvi,http://www.galvi.com/moduli/catalogo/schedatecnica/32,html,,797ed6b42c39e1c00a30b865394aaee68c351629259358b71bc58d32a5e981d1,sources/raw/galvi/797ed6b42c39e1c00a30b865394aaee68c351629259358b71bc58d32a5e981d1.html,2026-09-07T01:26:32.323829+00:00,,,,,,private-reference-only
galvi,http://www.galvi.com/moduli/catalogo/schedatecnica/33,html,,dff1ae4b6e22de81767ce4563829491531e84a492cc498f3e19e7d3f5c4f55a5,sources/raw/galvi/dff1ae4b6e22de81767ce4563829491531e84a492cc498f3e19e7d3f5c4f55a5.html,2026-09-07T01:26:32.617218+00:00,,,,,,private-reference-only
galvi,http://www.galvi.com/moduli/catalogo/schedatecnica/34,html,,d61e8e41539a498900e5d23375025e09f5ed774b8932e8a031edef0567181bf6,sources/raw/galvi/d61e8e41539a498900e5d23375025e09f5ed774b8932e8a031edef0567181bf6.html,2026-09-07T01:26:32.941292+00:00,,,,,,private-reference-only
galvi,http://www.galvi.com/moduli/catalogo/schedatecnica/35,html,,fa491822c898c43766f63482c086a67e1da9b1f4e29342b3766485a34daf3a7b,sources/raw/galvi/fa491822c898c43766f63482c086a67e1da9b1f4e29342b3766485a34daf3a7b.html,2026-09-07T01:26:33.243438+00:00,,,,,,private-reference-only
galvi,http://www.galvi.com/moduli/catalogo/schedatecnica/36,html,,8f221ba21e370b5fb8ce0eac6d1d0ad6d225f92c0291cd1661474eb937217365,sources/raw/galvi/8f221ba21e370b5fb8ce0eac6d1d0ad6d225f92c0291cd1661474eb937217365.html,2026-09-07T01:26:33.566629+00:00,,,,,,private-reference-only
galvi,http://www.galvi.com/moduli/catalogo/schedatecnica/37,html,,5d56f2372ba85c5d28da6c41c349b1cccbb51499150c14686e4b12356fedb5aa,sources/raw/galvi/5d56f2372ba85c5d28da6c41c349b1cccbb51499150c14686e4b12356fedb5aa.html,2026-09-07T01:26:33.862153+00:00,,,,,,private-reference-only
galvi,http://www.galvi.com/moduli/catalogo/lista/1,html,,1fcf691ef5120564f582f044e9f785fef2cee2bfe4ed46b73b8df73f1d8490b4,sources/raw/galvi/1fcf691ef5120564f582f044e9f785fef2cee2bfe4ed46b73b8df73f1d8490b4.html,2026-09-07T01:26:34.196280+00:00,,,,,,private-reference-only
galvi,http://www.galvi.com/moduli/catalogo/form,html,,99713ad225770e915c8a55c45b35db205eda2f14601cccfdbb18849100f5fd13,sources/raw/galvi/99713ad225770e915c8a55c45b35db205eda2f14601cccfdbb18849100f5fd13.html,2026-09-07T01:26:34.529452+00:00,,,,,,private-reference-only
galvi,http://www.galvi.com/moduli/catalogo/lista/2,html,,22a5cb759f2f8486164215079c45a24694bd9a9ec0eea4f541169aff0dd722f9,sources/raw/galvi/22a5cb759f2f8486164215079c45a24694bd9a9ec0eea4f541169aff0dd722f9.html,2026-09-07T01:26:34.887105+00:00,,,,,,private-reference-only
galvi,http://drfmxgbd0lt74.cloudfront.net/PDF/Disco/GALVI Pinze freno PC.HYD.pdf,pdf,,23a09a0390f17f351b51d5e93543e2370b67a90b6b07a4352f1dfa9285d5cf8e,sources/raw/galvi/23a09a0390f17f351b51d5e93543e2370b67a90b6b07a4352f1dfa9285d5cf8e.pdf,2026-09-07T01:26:35.218043+00:00,,,not identified,1,parsed,private-reference-only
galvi,http://drfmxgbd0lt74.cloudfront.net/PDF/Disco/GALVI Pinze freno PC.HYD - Opzionali.pdf,pdf,,951db09c2a4f7c71d5971de0480592096a373a61b22ade4419f4413391b460e0,sources/raw/galvi/951db09c2a4f7c71d5971de0480592096a373a61b22ade4419f4413391b460e0.pdf,2026-09-07T01:26:36.226421+00:00,,,not identified,1,parsed,private-reference-only
galvi,http://drfmxgbd0lt74.cloudfront.net/PDF/Disco/GALVI Pinze freno PE-PX.pdf,pdf,,f3dda63d3e7b9d5067822e94b38a17802da1e6694ee9c32bb96fb21b0c1a75eb,sources/raw/galvi/f3dda63d3e7b9d5067822e94b38a17802da1e6694ee9c32bb96fb21b0c1a75eb.pdf,2026-09-07T01:26:36.920355+00:00,,,not identified,1,parsed,private-reference-only
galvi,http://drfmxgbd0lt74.cloudfront.net/PDF/Disco/GALVI Pinze freno PE-PX-1.pdf,pdf,,11df0f9125bb1e05fd6bd4c3e4759f3db9d52c92dddf4a14e78bcb05e666e5f0,sources/raw/galvi/11df0f9125bb1e05fd6bd4c3e4759f3db9d52c92dddf4a14e78bcb05e666e5f0.pdf,2026-09-07T01:26:37.446732+00:00,,,not identified,1,parsed,private-reference-only
galvi,http://drfmxgbd0lt74.cloudfront.net/PDF/Disco/GALVI Pinze freno PE-PX-2.pdf,pdf,,c96d16d38e9bc8a6591d6a21dcd2749652d6e68746d44af31a2f1c297a53aac3,sources/raw/galvi/c96d16d38e9bc8a6591d6a21dcd2749652d6e68746d44af31a2f1c297a53aac3.pdf,2026-09-07T01:26:38.069197+00:00,,,not identified,1,parsed,private-reference-only
galvi,http://drfmxgbd0lt74.cloudfront.net/PDF/Disco/GALVI Pinze freno PE-PX-3.pdf,pdf,,1578e02acae219bbb733da99c95fe6a9332aff904373aa6cfe8940d9123a5ce1,sources/raw/galvi/1578e02acae219bbb733da99c95fe6a9332aff904373aa6cfe8940d9123a5ce1.pdf,2026-09-07T01:26:38.642181+00:00,,,not identified,1,parsed,private-reference-only
galvi,http://drfmxgbd0lt74.cloudfront.net/PDF/Disco/GALVI Pinze freno PE-PX-4.pdf,pdf,,8505b29db0744bbccd95dc2083dc4399d33fbdedf77a4d5ae06fae449bce31f1,sources/raw/galvi/8505b29db0744bbccd95dc2083dc4399d33fbdedf77a4d5ae06fae449bce31f1.pdf,2026-09-07T01:26:39.277535+00:00,,,not identified,1,parsed,private-reference-only
galvi,http://drfmxgbd0lt74.cloudfront.net/PDF/Disco/PN.121-2.pdf,pdf,,ddb513707a4461b5da1a8042baa9e70c1d00ae42af8156d8e8b43bf8afa6b041,sources/raw/galvi/ddb513707a4461b5da1a8042baa9e70c1d00ae42af8156d8e8b43bf8afa6b041.pdf,2026-09-07T01:26:39.880457+00:00,,,not identified,1,parsed,private-reference-only
galvi,http://drfmxgbd0lt74.cloudfront.net/PDF/Disco/PN.121-3.pdf,pdf,,b35cf9a7eb910a97fae34e43dbba8bc563b9767b7b0b280c93ad1e0b5e565d24,sources/raw/galvi/b35cf9a7eb910a97fae34e43dbba8bc563b9767b7b0b280c93ad1e0b5e565d24.pdf,2026-09-07T01:26:40.439670+00:00,,,not identified,1,parsed,private-reference-only
galvi,http://drfmxgbd0lt74.cloudfront.net/PDF/Disco/PN.121-4.pdf,pdf,,308ca3d81f23aef4af02e16465b229ddd2358d95dab1d64b70d81db38b5c8da2,sources/raw/galvi/308ca3d81f23aef4af02e16465b229ddd2358d95dab1d64b70d81db38b5c8da2.pdf,2026-09-07T01:26:40.748150+00:00,,,not identified,1,parsed,private-reference-only
galvi,http://drfmxgbd0lt74.cloudfront.net/PDF/Disco/PN.121-5.pdf,pdf,,6becc044058ef87061ac557680e1b57f7542e6589ade57c93d6818ab40bc8500,sources/raw/galvi/6becc044058ef87061ac557680e1b57f7542e6589ade57c93d6818ab40bc8500.pdf,2026-09-07T01:26:41.384865+00:00,,,not identified,1,parsed,private-reference-only
galvi,http://drfmxgbd0lt74.cloudfront.net/PDF/Disco/PN.121-6.pdf,pdf,,0da287b2e7b5642e39eca2024d3089bc98b64aa52c4c96dd3cb9cdf8b945108f,sources/raw/galvi/0da287b2e7b5642e39eca2024d3089bc98b64aa52c4c96dd3cb9cdf8b945108f.pdf,2026-09-07T01:26:41.961138+00:00,,,not identified,1,parsed,private-reference-only
galvi,http://drfmxgbd0lt74.cloudfront.net/PDF/Disco/PN.121-7.pdf,pdf,,899cff90e4d92563b85725b8774e7ae0e32511d009d71b292f2f0a9e43a67bb9,sources/raw/galvi/899cff90e4d92563b85725b8774e7ae0e32511d009d71b292f2f0a9e43a67bb9.pdf,2026-09-07T01:26:42.561778+00:00,,,not identified,1,parsed,private-reference-only
galvi,http://drfmxgbd0lt74.cloudfront.net/PDF/Disco/SLDU_01_IT.pdf,pdf,,0c2005019452879abe1e582252ebfad5f78bad3c53e71fc1afe8078b6b5143db,sources/raw/galvi/0c2005019452879abe1e582252ebfad5f78bad3c53e71fc1afe8078b6b5143db.pdf,2026-09-07T01:26:43.185746+00:00,,,not identified,1,parsed,private-reference-only
galvi,http://drfmxgbd0lt74.cloudfront.net/PDF/Disco/GALVI Pinza freno SLDU-030.pdf,pdf,,e6d6cf68b77937b576ba5a8f8971dbcb8786d8a4af5237023009af8f7b8d3648,sources/raw/galvi/e6d6cf68b77937b576ba5a8f8971dbcb8786d8a4af5237023009af8f7b8d3648.pdf,2026-09-07T01:26:43.888641+00:00,,,not identified,1,parsed,private-reference-only
galvi,http://drfmxgbd0lt74.cloudfront.net/PDF/Disco/GALVI Pinza freno SLDU-060.pdf,pdf,,9705287a98cf60a09a328e0bfc2ab3238bc0d1a9b130bdef23983cac1ec855ec,sources/raw/galvi/9705287a98cf60a09a328e0bfc2ab3238bc0d1a9b130bdef23983cac1ec855ec.pdf,2026-09-07T01:26:44.479967+00:00,,,not identified,1,parsed,private-reference-only
galvi,"http://drfmxgbd0lt74.cloudfront.net/PDF/Disco/GALVI Pinze freno SLDU-030, SLDU-060.pdf",pdf,,5acdb4de1b4720659d3b39716cbdb63643b1e98efef0fc5685eae2300cc4410c,sources/raw/galvi/5acdb4de1b4720659d3b39716cbdb63643b1e98efef0fc5685eae2300cc4410c.pdf,2026-09-07T01:26:45.092759+00:00,,,not identified,1,parsed,private-reference-only
galvi,http://drfmxgbd0lt74.cloudfront.net/PDF/Disco/GALVI Unità Idraulica EMEHYD-5552.pdf,pdf,,f8b5a00b701f92856deb71186c8dd6d444207316b47c46dcd82c387847e018d1,sources/raw/galvi/f8b5a00b701f92856deb71186c8dd6d444207316b47c46dcd82c387847e018d1.pdf,2026-09-07T01:26:45.705164+00:00,,,not identified,4,parsed,private-reference-only
galvi,http://drfmxgbd0lt74.cloudfront.net/PDF/Disco/GALVI Unità Idraulica EMEHYD-6552.pdf,pdf,,b7afba90841032303f5d92ad94b1b2d3dbaf36dbe56686b51a255644f719ea5e,sources/raw/galvi/b7afba90841032303f5d92ad94b1b2d3dbaf36dbe56686b51a255644f719ea5e.pdf,2026-09-07T01:26:46.127670+00:00,,,not identified,4,parsed,private-reference-only
galvi,http://drfmxgbd0lt74.cloudfront.net/PDF/Disco/GALVI Unità Idraulica EMEHYD-6552-SPECIAL.pdf,pdf,,fe3b9a367573b16cb8d8b4f338586240b9e259e53468d8de00b09090d3de76ab,sources/raw/galvi/fe3b9a367573b16cb8d8b4f338586240b9e259e53468d8de00b09090d3de76ab.pdf,2026-09-07T01:26:46.899446+00:00,,,not identified,4,parsed,private-reference-only
galvi,http://drfmxgbd0lt74.cloudfront.net/PDF/Disco/GALVI Unità Idraulica EMEHYD-6863.pdf,pdf,,bde62c71dd4b5296722f581636b6e14daefe59d6c235c0bf736de8afae032605,sources/raw/galvi/bde62c71dd4b5296722f581636b6e14daefe59d6c235c0bf736de8afae032605.pdf,2026-09-07T01:26:47.670847+00:00,,,not identified,4,parsed,private-reference-only
galvi,http://drfmxgbd0lt74.cloudfront.net/PDF/Disco/GALVI Hydraulic Units EMEHYD.pdf,pdf,,127a16cc74d2f42a3005bac49aca7779281c4d156442bfb119fc81140c9daee2,sources/raw/galvi/127a16cc74d2f42a3005bac49aca7779281c4d156442bfb119fc81140c9daee2.pdf,2026-09-07T01:26:48.735151+00:00,,,not identified,1,parsed,private-reference-only
galvi,http://drfmxgbd0lt74.cloudfront.net/PDF/Disco/DF.227.pdf,pdf,,2b4d1a3f3ac4839daf3a96832dfac753faed9f26041636bb87f391fca92a5991,sources/raw/galvi/2b4d1a3f3ac4839daf3a96832dfac753faed9f26041636bb87f391fca92a5991.pdf,2026-09-07T01:26:49.388135+00:00,,,not identified,1,parsed,private-reference-only
galvi,http://drfmxgbd0lt74.cloudfront.net/PDF/Disco/DF.221.pdf,pdf,,33c4da93f0a93dca2a271f1efd604842e50ed3c19c20b7e06500420085785363,sources/raw/galvi/33c4da93f0a93dca2a271f1efd604842e50ed3c19c20b7e06500420085785363.pdf,2026-09-07T01:26:49.944244+00:00,,,not identified,1,parsed,private-reference-only
galvi,http://drfmxgbd0lt74.cloudfront.net/PDF/Disco/DF.223.pdf,pdf,,c487ddb286f4d922eefb5fa68e13728529eb92d55beb6fc59952e804149219e2,sources/raw/galvi/c487ddb286f4d922eefb5fa68e13728529eb92d55beb6fc59952e804149219e2.pdf,2026-09-07T01:26:50.483909+00:00,,,not identified,1,parsed,private-reference-only
galvi,http://drfmxgbd0lt74.cloudfront.net/PDF/Disco/DIS-03.pdf,pdf,,7d4b3dec256aa3c86aec99b5b01d50cb2ace8ea9e0561381b1fa4f58f4845b87,sources/raw/galvi/7d4b3dec256aa3c86aec99b5b01d50cb2ace8ea9e0561381b1fa4f58f4845b87.pdf,2026-09-07T01:26:51.049586+00:00,,,not identified,1,parsed,private-reference-only
galvi,http://drfmxgbd0lt74.cloudfront.net/PDF/Disco/DIS-04.pdf,pdf,,46b5ac8ebdb2a1599a5aaaf425fd3917ed11475a83d9b591210ab55f92a76e45,sources/raw/galvi/46b5ac8ebdb2a1599a5aaaf425fd3917ed11475a83d9b591210ab55f92a76e45.pdf,2026-09-07T01:26:51.693261+00:00,,,not identified,1,parsed,private-reference-only
galvi,http://drfmxgbd0lt74.cloudfront.net/PDF/Disco/DIS-01_2022.pdf,pdf,,4e5c9033fbafb156ff30db3d5742e76dbb37f2efcef1edfdd0c9d47a2a12058c,sources/raw/galvi/4e5c9033fbafb156ff30db3d5742e76dbb37f2efcef1edfdd0c9d47a2a12058c.pdf,2026-09-07T01:26:52.688655+00:00,,,not identified,1,parsed,private-reference-only
galvi,http://drfmxgbd0lt74.cloudfront.net/PDF/Disco/DIS-02.pdf,pdf,,42318af300ca10f48523b01aaf2b15a9e0204048396aab559972cad72c1aa034,sources/raw/galvi/42318af300ca10f48523b01aaf2b15a9e0204048396aab559972cad72c1aa034.pdf,2026-09-07T01:26:53.390622+00:00,,,not identified,1,parsed,private-reference-only
galvi,http://www.galvi.com/moduli/catalogo/lista/3,html,,95905149c3b84cd78d1af7748ffd5e3c4e9c6aae2e7eaa746521a3821ec86894,sources/raw/galvi/95905149c3b84cd78d1af7748ffd5e3c4e9c6aae2e7eaa746521a3821ec86894.html,2026-09-07T01:26:54.052627+00:00,,,,,,private-reference-only
galvi,http://www.galvi.com/moduli/catalogo/lista/4,html,,7b303f641e3a56ab805f719410fe342a6ff2a33430581c459819ee2f9fcb743b,sources/raw/galvi/7b303f641e3a56ab805f719410fe342a6ff2a33430581c459819ee2f9fcb743b.html,2026-09-07T01:26:54.358611+00:00,,,,,,private-reference-only
galvi,http://drfmxgbd0lt74.cloudfront.net/PDF/Respingenti/Respingenti GALVI RME - RMV.pdf,pdf,,e01160a51475e40f90125b98524ec004195efbc573ec864b98d1915c9954bcbe,sources/raw/galvi/e01160a51475e40f90125b98524ec004195efbc573ec864b98d1915c9954bcbe.pdf,2026-09-07T01:26:54.658590+00:00,,,not identified,5,parsed,private-reference-only
galvi,http://drfmxgbd0lt74.cloudfront.net/PDF/Disco/GALVI Hydraulic Units MINHYD.pdf,pdf,,521e0f43b7e2b77c67f14f041195519dbacf132467719fb91364bf08995f4b87,sources/raw/galvi/521e0f43b7e2b77c67f14f041195519dbacf132467719fb91364bf08995f4b87.pdf,2026-09-07T01:26:55.111647+00:00,,,not identified,1,parsed,private-reference-only
galvi,http://drfmxgbd0lt74.cloudfront.net/PDF/Respingenti/GALVI MBS Buffers Technical Leaflet.pdf,pdf,,5c22fd1dc3907c60ec66533366208f1904387abd2743e9687e89b1bf6dd81385,sources/raw/galvi/5c22fd1dc3907c60ec66533366208f1904387abd2743e9687e89b1bf6dd81385.pdf,2026-09-07T01:26:55.747118+00:00,,,not identified,1,parsed,private-reference-only
galvi,http://drfmxgbd0lt74.cloudfront.net/PDF/Cataloghi/GALVI_Shoe Brakes.pdf,pdf,,08b6d7d0f37c2e4973c8cc67c7c8325d25c32cd6ee42d56403ce615c3b5e5675,sources/raw/galvi/08b6d7d0f37c2e4973c8cc67c7c8325d25c32cd6ee42d56403ce615c3b5e5675.pdf,2026-09-07T01:26:56.122931+00:00,,revoli,unreviewed candidate,29,parsed,private-reference-only
galvi,http://drfmxgbd0lt74.cloudfront.net/PDF/Cataloghi/GALVI_Thrusters.pdf,pdf,,6ce37967e537d81254197539eb9ecc0b653a9283f07a19636e1974ec4f68a933,sources/raw/galvi/6ce37967e537d81254197539eb9ecc0b653a9283f07a19636e1974ec4f68a933.pdf,2026-09-07T01:26:57.091248+00:00,,,not identified,1,parsed,private-reference-only
galvi,http://drfmxgbd0lt74.cloudfront.net/PDF/Cataloghi/Respingenti GALVI RME - RMV - MBS.pdf,pdf,,99912c1b6abb38faedd827b2a13c4d3a6254e33e1e965cdbd565b4a03a6a629f,sources/raw/galvi/99912c1b6abb38faedd827b2a13c4d3a6254e33e1e965cdbd565b4a03a6a629f.pdf,2026-09-07T01:26:57.444430+00:00,,,not identified,6,parsed,private-reference-only
mondel,https://www.cmco.com/globalassets/industries/marine-terminal--port/mh1156_marine-terminal-brochure.pdf,pdf,,70dcf17b34b9ce888afd7cafdf04a6c493b3490b22576a6ef6a8a2592abccd2a,sources/raw/mondel/70dcf17b34b9ce888afd7cafdf04a6c493b3490b22576a6ef6a8a2592abccd2a.pdf,2026-09-07T01:26:27.506887+00:00,,,not identified,8,parsed,private-reference-only
mondel,https://www.cmco.com/globalassets/inriver/resources/MH638_Brake-Accessories-Brochure-FINAL.pdf,pdf,,7e6d04f3c961dbc57ebc1b8b12c09c7da687195c405dfbd8c27038d5aac5decb,sources/raw/mondel/7e6d04f3c961dbc57ebc1b8b12c09c7da687195c405dfbd8c27038d5aac5decb.pdf,2026-09-07T01:28:57.577094+00:00,,,not identified,2,parsed,private-reference-only
mondel,https://www.cmco.com/globalassets/inriver/resources/560042-brake-wheels-couplings-r0.pdf,pdf,,28568810af80b739b409dd70cecf7680cb1063f7632161e20d7281c3815c9771,sources/raw/mondel/28568810af80b739b409dd70cecf7680cb1063f7632161e20d7281c3815c9771.pdf,2026-09-07T01:28:58.077125+00:00,,revent,unreviewed candidate,15,parsed,private-reference-only
mondel,https://www.cmco.com/en-ae/products/power-and-motion-technology/brakes/brake-products/300m-mill-duty-brakes/,html,,18f81e0ff369559e187d94b9add9643c15321dcc21bc116ea4971ce94bd521a7,sources/raw/mondel/18f81e0ff369559e187d94b9add9643c15321dcc21bc116ea4971ce94bd521a7.html,2026-09-07T01:34:37.365798+00:00,,,,,,private-reference-only
mondel,https://www.cmco.com/pt-br/Produtos/Tecnologia-de-potencia-e-movimento/Freios/Produtos-de-freio/freios-industriais-200s/,html,,3f3ccdaf7804f3495a14a04d7975ca0baf4d3a75d20be0aa4752a03811a06b98,sources/raw/mondel/3f3ccdaf7804f3495a14a04d7975ca0baf4d3a75d20be0aa4752a03811a06b98.html,2026-09-07T01:34:38.455189+00:00,,,,,,private-reference-only
mondel,https://www.cmco.com/en-ae/products/power-and-motion-technology/brakes/brake-accessories/,html,,bf85dc1ed01a7a2808efc1935383c848120616714aa6a3db6cbc0fc797cf35a5,sources/raw/mondel/bf85dc1ed01a7a2808efc1935383c848120616714aa6a3db6cbc0fc797cf35a5.html,2026-09-07T01:34:39.182163+00:00,,,,,,private-reference-only
mondel,https://www.cmco.com/en-ae/products/power-and-motion-technology/brakes/brake-products/,html,,7a077107a9aa1265f8fbbb94536751cd721f804c6d8112e4c95f321500f404f6,sources/raw/mondel/7a077107a9aa1265f8fbbb94536751cd721f804c6d8112e4c95f321500f404f6.html,2026-09-07T01:34:39.618285+00:00,,,,,,private-reference-only
mondel,https://www.cmco.com/en-ae/products/power-and-motion-technology/brakes/,html,,2394ff2ea1c6240a01a0d982672537fe46ff717230562a8a7017d79635d7b755,sources/raw/mondel/2394ff2ea1c6240a01a0d982672537fe46ff717230562a8a7017d79635d7b755.html,2026-09-07T01:34:40.077742+00:00,,,,,,private-reference-only
mondel,https://www.cmco.com/globalassets/inriver/resources/mh386_300m-mill-duty-brake-brochure-1.pdf,pdf,,dd862cdf33d03b38752fd11a82115352dbc797114fa66bf6da57dbe3ccabe0e2,sources/raw/mondel/dd862cdf33d03b38752fd11a82115352dbc797114fa66bf6da57dbe3ccabe0e2.pdf,2026-09-07T01:34:40.687397+00:00,,,not identified,1,parsed,private-reference-only
mondel,https://www.cmco.com/globalassets/inriver/resources/550014_mbem_manual-r0.pdf,pdf,,95801e419b5a553947a56995c791a971c692d22ebe73fa0d2149ec0a1f0bbb5c,sources/raw/mondel/95801e419b5a553947a56995c791a971c692d22ebe73fa0d2149ec0a1f0bbb5c.pdf,2026-09-07T01:34:41.146686+00:00,,revent,unreviewed candidate,37,parsed,private-reference-only
mondel,https://www.cmco.com/globalassets/inriver/resources/cr4744_brakemd-flyer.pdf,pdf,,d6f56ccfd45ef5ace9955372e6fa483d76bdd51271af03902a9ee9c12d0718dc,sources/raw/mondel/d6f56ccfd45ef5ace9955372e6fa483d76bdd51271af03902a9ee9c12d0718dc.pdf,2026-09-07T01:34:41.537223+00:00,,,not identified,1,parsed,private-reference-only
mondel,https://www.cmco.com/globalassets/inriver/resources/MH1038_EMG-Brochure-flush.pdf,pdf,,ba92b0ca2a9dde5474acfbd28a007ed4b96b6067d7a20a25eb900c086bf9eb78,sources/raw/mondel/ba92b0ca2a9dde5474acfbd28a007ed4b96b6067d7a20a25eb900c086bf9eb78.pdf,2026-09-07T01:34:41.973363+00:00,,,not identified,1,parsed,private-reference-only
mondel,https://www.cmco.com/globalassets/inriver/resources/560001-r4_mbt_electric_shoe_brake_manual.pdf,pdf,,a85d653a785f86cd1a47d10820795df790c5ad23e8f8016e618cb57b79bb0155,sources/raw/mondel/a85d653a785f86cd1a47d10820795df790c5ad23e8f8016e618cb57b79bb0155.pdf,2026-09-07T01:34:42.261182+00:00,,revent,unreviewed candidate,36,parsed,private-reference-only
mondel,https://www.cmco.com/globalassets/inriver/resources/560002-r4-mbt-e-electric-shoe-brake-manual.pdf,pdf,,59dbd05852fc736f751f95cf028434528998914543e146e0a01b0b7292657bb6,sources/raw/mondel/59dbd05852fc736f751f95cf028434528998914543e146e0a01b0b7292657bb6.pdf,2026-09-07T01:34:42.604607+00:00,,revent,unreviewed candidate,35,parsed,private-reference-only
mondel,https://www.cmco.com/globalassets/inriver/resources/560008-r5-mbtf-electric-shoe-brake-manual.pdf,pdf,,4176971d11506f77b0ed72e767da545b6acd6c60a956925e719dcf89437e9b3d,sources/raw/mondel/4176971d11506f77b0ed72e767da545b6acd6c60a956925e719dcf89437e9b3d.pdf,2026-09-07T01:34:42.943910+00:00,,revent,unreviewed candidate,36,parsed,private-reference-only
mondel,https://www.cmco.com/globalassets/inriver/resources/560012-r5-mbtf-e-electric-shoe-brake-manual.pdf,pdf,,56541c5be163f11dda768e009f9d7bb63659da396e11859b55cb5c77abd46def,sources/raw/mondel/56541c5be163f11dda768e009f9d7bb63659da396e11859b55cb5c77abd46def.pdf,2026-09-07T01:34:43.255257+00:00,,revent,unreviewed candidate,36,parsed,private-reference-only
mondel,https://www.cmco.com/globalassets/inriver/resources/mbe-300-m-series-electric-shoe-brake-550012-r2.pdf,pdf,,03e7feaccc323ab56a3c58fbd6b2937ea34660ebc944b31027073c46ab7ce264,sources/raw/mondel/03e7feaccc323ab56a3c58fbd6b2937ea34660ebc944b31027073c46ab7ce264.pdf,2026-09-07T01:34:43.574240+00:00,,,not identified,34,parsed,private-reference-only
mondel,https://www.cmco.com/en-ae/products/power-and-motion-technology/brakes/brake-accessories/braketronic-controller/,html,,4a9d4983f19806b7fa4342dd3e314e3fc6dd4bf3e25a495dc830fd7296a9c91c,sources/raw/mondel/4a9d4983f19806b7fa4342dd3e314e3fc6dd4bf3e25a495dc830fd7296a9c91c.html,2026-09-07T01:34:43.949032+00:00,,,,,,private-reference-only
mondel,https://www.cmco.com/en-ae/products/power-and-motion-technology/brakes/brake-products/motor-mounted-brakes/,html,,ae5d0e78d439883191a4ed601dbaf337fac13ba1d8de6cd9c96eaeb181e042a9,sources/raw/mondel/ae5d0e78d439883191a4ed601dbaf337fac13ba1d8de6cd9c96eaeb181e042a9.html,2026-09-07T01:34:44.697574+00:00,,,,,,private-reference-only
mondel,https://www.cmco.com/en-ae/products/power-and-motion-technology/brakes/brake-products/custom-engineered-brakes/,html,,a3bd3a740ef1429ad35ec63b310436955281f8de3cdd61ccce0a2c065ac506bb,sources/raw/mondel/a3bd3a740ef1429ad35ec63b310436955281f8de3cdd61ccce0a2c065ac506bb.html,2026-09-07T01:34:45.399841+00:00,,,,,,private-reference-only
mondel,https://www.cmco.com/globalassets/inriver/resources/cr5342_200s-brakes-flyer.pdf,pdf,,b5014518150acb70644268afe296de635a3570d1359bcafa0f5a0fd039cf69c5,sources/raw/mondel/b5014518150acb70644268afe296de635a3570d1359bcafa0f5a0fd039cf69c5.pdf,2026-09-07T01:34:46.058127+00:00,,,not identified,2,parsed,private-reference-only
mondel,https://www.cmco.com/globalassets/inriver/resources/200s-technical-document-452039.pdf,pdf,,c0d62d2109a6e04267d261e18679590fd0acd50af80645e91256af400b6dc0bb,sources/raw/mondel/c0d62d2109a6e04267d261e18679590fd0acd50af80645e91256af400b6dc0bb.pdf,2026-09-07T01:34:46.455273+00:00,,Rev 1,unreviewed candidate,20,parsed,private-reference-only
mondel,https://www.cmco.com/globalassets/inriver/resources/mondel_family_brochure.pdf,pdf,,a231f67a328cb7f8e1ca28d963ec2d66400b72808019f52a4c5c82c40bae068c,sources/raw/mondel/a231f67a328cb7f8e1ca28d963ec2d66400b72808019f52a4c5c82c40bae068c.pdf,2026-09-07T01:34:47.059219+00:00,,,not identified,8,parsed,private-reference-only
mondel,https://www.cmco.com/globalassets/inriver/resources/MH1930_Brake-Quick-Ship-Brochure-Final-flush.pdf,pdf,,a478961abe678a61128c1369d626e4dc78844dfa7ac2bbf24997c840958a11c6,sources/raw/mondel/a478961abe678a61128c1369d626e4dc78844dfa7ac2bbf24997c840958a11c6.pdf,2026-09-07T01:34:47.502741+00:00,,,not identified,2,parsed,private-reference-only
mondel,https://www.cmco.com/globalassets/inriver/resources/ST-Electric-Shoe-Brakes-Rev0-CC-10-24-18.pdf,pdf,,db8097a7df0d01507bc91226954c69d420952fead15e58f5fcf1e71a8def75de,sources/raw/mondel/db8097a7df0d01507bc91226954c69d420952fead15e58f5fcf1e71a8def75de.pdf,2026-09-07T01:34:47.844127+00:00,,revent,unreviewed candidate,52,parsed,private-reference-only
mondel,https://www.cmco.com/globalassets/inriver/resources/STElectricShoeBrakes-Rev0-ES-PRINT-02-06-19.pdf,pdf,,71b485ca1b11efa65c34516eee5db7035a79e3ed1c03554f5456a792dbe18174,sources/raw/mondel/71b485ca1b11efa65c34516eee5db7035a79e3ed1c03554f5456a792dbe18174.pdf,2026-09-07T01:34:48.509239+00:00,,,not identified,53,parsed,private-reference-only
mondel,https://www.cmco.com/globalassets/inriver/resources/452040_Series2_MSA_Brakes_PM_PRINT_05-31-19.pdf,pdf,,854f964ec59be1ee6561d6f9c355c470af1f50c01e349706970ab24304cbfbbf,sources/raw/mondel/854f964ec59be1ee6561d6f9c355c470af1f50c01e349706970ab24304cbfbbf.pdf,2026-09-07T01:34:49.045473+00:00,,revent,unreviewed candidate,44,parsed,private-reference-only
mondel,https://www.cmco.com/en-ae/products/power-and-motion-technology/brakes/brake-products/200s-industrial-duty-brakes/,html,,23c8d1bb59073561835180806d8031b1c42c40d81d909db92ce1cbc7c0c0e3c5,sources/raw/mondel/23c8d1bb59073561835180806d8031b1c42c40d81d909db92ce1cbc7c0c0e3c5.html,2026-09-07T01:34:49.575338+00:00,,,,,,private-reference-only
mondel,https://www.cmco.com/en-ae/products/power-and-motion-technology/brakes/brake-products/400d-heavy-duty-disc-brakes/,html,,abe16920648c28cf4db1bc716322f2adc3a46ca949b801c6d6e93f526252c23d,sources/raw/mondel/abe16920648c28cf4db1bc716322f2adc3a46ca949b801c6d6e93f526252c23d.html,2026-09-07T01:34:50.071594+00:00,,,,,,private-reference-only
mondel,https://www.cmco.com/en-ae/products/power-and-motion-technology/brakes/brake-products/vertical-brakes/,html,,59774a2d4101d2f593b842250745650b8adafccb734a320c4c2b43fed2684e03,sources/raw/mondel/59774a2d4101d2f593b842250745650b8adafccb734a320c4c2b43fed2684e03.html,2026-09-07T01:34:50.818603+00:00,,,,,,private-reference-only
mondel,https://www.cmco.com/en-ae/products/power-and-motion-technology/brakes/brake-accessories/mondel-brake-wheels/,html,,911bd7c75b0bcc5eab95f2f1ae65613cb52b53f24818f7e01d53486f1d14d684,sources/raw/mondel/911bd7c75b0bcc5eab95f2f1ae65613cb52b53f24818f7e01d53486f1d14d684.html,2026-09-07T01:34:51.508234+00:00,,,,,,private-reference-only
mondel,https://www.cmco.com/en-ae/products/power-and-motion-technology/brakes/brake-accessories/brake-enclosures/,html,,14f3a7a9c31082a77a00c635881feddcd050147fe9a7390d157fc40d9f7dfdef,sources/raw/mondel/14f3a7a9c31082a77a00c635881feddcd050147fe9a7390d157fc40d9f7dfdef.html,2026-09-07T01:34:52.187985+00:00,,,,,,private-reference-only
mondel,https://www.cmco.com/en-ae/products/power-and-motion-technology/brakes/brake-accessories/mondel-brake-rectifier/,html,,772b626c3a9478ddacd564ed793bdf10fc63a79e42e08a58571f6d806c4f9e1d,sources/raw/mondel/772b626c3a9478ddacd564ed793bdf10fc63a79e42e08a58571f6d806c4f9e1d.html,2026-09-07T01:34:52.866733+00:00,,,,,,private-reference-only
mondel,https://www.cmco.com/en-ae/products/power-and-motion-technology/brakes/brake-accessories/hy-thrust-actuators/,html,,eba411e4381b78235057be457a35d3cc81c613c5d933491b520a61a787abfc2e,sources/raw/mondel/eba411e4381b78235057be457a35d3cc81c613c5d933491b520a61a787abfc2e.html,2026-09-07T01:34:53.549532+00:00,,,,,,private-reference-only
mondel,https://www.cmco.com/globalassets/inriver/resources/MH385-Braketronic-Brochure.pdf,pdf,,84095df36c22ac2f7847f0a1e864f0de0033139667a5ce45fa4f36d45ec59845,sources/raw/mondel/84095df36c22ac2f7847f0a1e864f0de0033139667a5ce45fa4f36d45ec59845.pdf,2026-09-07T01:34:54.214806+00:00,,,not identified,1,parsed,private-reference-only
mondel,https://www.cmco.com/globalassets/inriver/resources/MH2631-Product-Guide-Final-web.pdf,pdf,,07533b6e83de9ef90ff5a90a54b9bda949d2ca8d1efcb203a22a2bf021ee11c1,sources/raw/mondel/07533b6e83de9ef90ff5a90a54b9bda949d2ca8d1efcb203a22a2bf021ee11c1.pdf,2026-09-07T01:34:54.538898+00:00,,,not identified,50,parsed,private-reference-only
mondel,https://www.cmco.com/globalassets/inriver/resources/braketronic-manual-140-10292-r1.pdf,pdf,,2724cd84aa9692b6efede83948e318549459511a84f8d725bd7c51b2ad86b9bd,sources/raw/mondel/2724cd84aa9692b6efede83948e318549459511a84f8d725bd7c51b2ad86b9bd.pdf,2026-09-07T01:34:54.994043+00:00,,revent,unreviewed candidate,20,parsed,private-reference-only
mondel,https://www.cmco.com/globalassets/inriver/resources/cr4671_custom-engineered-brakes-brochure.pdf,pdf,,fad6d1843bd441a67d761b56d5f031d4bb61a05485f77bec6102b8f868d3ad40,sources/raw/mondel/fad6d1843bd441a67d761b56d5f031d4bb61a05485f77bec6102b8f868d3ad40.pdf,2026-09-07T01:34:55.338849+00:00,,,not identified,4,parsed,private-reference-only
mondel,https://www.cmco.com/globalassets/inriver/resources/mh384_400d_disc_brake_brochure.pdf,pdf,,e8de7818e2a69dc0cbb4116751c7b95ab9bd5bcaf76b39823be0080207f2a6f0,sources/raw/mondel/e8de7818e2a69dc0cbb4116751c7b95ab9bd5bcaf76b39823be0080207f2a6f0.pdf,2026-09-07T01:34:55.712423+00:00,,,not identified,2,parsed,private-reference-only
mondel,https://www.cmco.com/globalassets/inriver/resources/dt_heavy_duty_disc_brakes_560005_r1.pdf,pdf,,82b7de2680fb029b4309bdf68c0933e5d2742e5da9df4d36e18216e4f1e1ce2e,sources/raw/mondel/82b7de2680fb029b4309bdf68c0933e5d2742e5da9df4d36e18216e4f1e1ce2e.pdf,2026-09-07T01:34:56.200119+00:00,,revent,unreviewed candidate,17,parsed,private-reference-only
mondel,https://www.cmco.com/globalassets/inriver/resources/DT5-05-final.pdf,pdf,,683867144a843cc6266e6c03dff1d3e37b0e63988efa6e1f48836cee57f7679c,sources/raw/mondel/683867144a843cc6266e6c03dff1d3e37b0e63988efa6e1f48836cee57f7679c.pdf,2026-09-07T01:34:56.471190+00:00,,,not identified,1,parsed,private-reference-only
mondel,https://www.cmco.com/globalassets/inriver/resources/dt1_ed23-dwgfile.dwg,dwg,,bdcb8d4f7ad76e0ce055363b4a874c2434c38a0a519bf846332320515f3ff272,sources/raw/mondel/bdcb8d4f7ad76e0ce055363b4a874c2434c38a0a519bf846332320515f3ff272.dwg,2026-09-07T01:34:56.834199+00:00,,,,,,private-reference-only
mondel,https://www.cmco.com/globalassets/inriver/resources/dt2-ed30-dwgfile.dwg,dwg,,c344dee78ed3913d7151c912294abffeedc911c4155b4efda2c6ecc4cd1cecc0,sources/raw/mondel/c344dee78ed3913d7151c912294abffeedc911c4155b4efda2c6ecc4cd1cecc0.dwg,2026-09-07T01:34:57.092943+00:00,,,,,,private-reference-only
mondel,https://www.cmco.com/globalassets/inriver/resources/552074_abr-brake-rectifier-instruction-manual-r0.pdf,pdf,,d82ae4f088bdea17ef75c79e04033d0eab7a52919c0a125817268a63465593e8,sources/raw/mondel/d82ae4f088bdea17ef75c79e04033d0eab7a52919c0a125817268a63465593e8.pdf,2026-09-07T01:34:57.374828+00:00,,,not identified,9,parsed,private-reference-only
mondel,https://www.cmco.com/globalassets/inriver/resources/452027_gbr-brake-rectifier-instruction-manual_r0.pdf,pdf,,04f2c9c2d48c66d139d44c544a5718c86d35f32e35e168525e18ed51aea00a84,sources/raw/mondel/04f2c9c2d48c66d139d44c544a5718c86d35f32e35e168525e18ed51aea00a84.pdf,2026-09-07T01:34:57.648979+00:00,,,not identified,10,parsed,private-reference-only
mondel,https://www.cmco.com/globalassets/inriver/resources/452026-gbc-brake-controller-instruction-manual-r1.pdf,pdf,,2a98cc07d779d37d1b6639eb8512e5db705978a902db20f125ccbc96c46c812c,sources/raw/mondel/2a98cc07d779d37d1b6639eb8512e5db705978a902db20f125ccbc96c46c812c.pdf,2026-09-07T01:34:57.990849+00:00,,,not identified,10,parsed,private-reference-only
mondel,https://www.cmco.com/globalassets/inriver/resources/mh230-thruster-brochure.pdf,pdf,,3d178173707f4f7b68512cea0f76a4a1812b13f6a1e213a3e377ded43d98f02d,sources/raw/mondel/3d178173707f4f7b68512cea0f76a4a1812b13f6a1e213a3e377ded43d98f02d.pdf,2026-09-07T01:34:58.284173+00:00,,,not identified,2,parsed,private-reference-only
sibre,https://www.sibre.de/en/,html,,b4975f2686bf24467ed797fec91e47dd39fd50d6a510247bac77b3180c433e98,sources/raw/sibre/b4975f2686bf24467ed797fec91e47dd39fd50d6a510247bac77b3180c433e98.html,2026-09-07T01:26:21.772672+00:00,,,,,,private-reference-only
sibre,https://www.sibre.de/downloads/,html,,9b53cc27c0c50dc6889e6bc1515ab993734cd4f586e4fb2f2a6932bca5bd120d,sources/raw/sibre/9b53cc27c0c50dc6889e6bc1515ab993734cd4f586e4fb2f2a6932bca5bd120d.html,2026-09-07T01:26:24.433450+00:00,,,,,,private-reference-only
sibre,https://www.sibre.de/en/products/,html,,caddbc077c55b6f0a7e59221c087bdb6fb8b00a6542b7319c14175ac40b4fd55,sources/raw/sibre/caddbc077c55b6f0a7e59221c087bdb6fb8b00a6542b7319c14175ac40b4fd55.html,2026-09-07T01:26:25.921554+00:00,,,,,,private-reference-only
sibre,https://www.sibre.de/en/downloads/,html,,98843690794a216d21353b2129735a5cf8dc35e3c4b3b8d05bc7eef302c99b1f,sources/raw/sibre/98843690794a216d21353b2129735a5cf8dc35e3c4b3b8d05bc7eef302c99b1f.html,2026-09-07T01:26:26.854338+00:00,,,,,,private-reference-only
sibre,https://www.sibre.de/en/bremsen/usb-5/,html,,1166793b046f1c316bbb8ca13f33d3d967fc2f12aac0ff432dd7c9186b3fbbc8,sources/raw/sibre/1166793b046f1c316bbb8ca13f33d3d967fc2f12aac0ff432dd7c9186b3fbbc8.html,2026-09-07T01:26:28.796896+00:00,,,,,,private-reference-only
sibre,https://www.sibre.de/en/products/service-brakes-mining/,html,,73d9d7011988e59cd0b336c1429c720c615307463406c7abe7680cfb94b03950,sources/raw/sibre/73d9d7011988e59cd0b336c1429c720c615307463406c7abe7680cfb94b03950.html,2026-09-07T01:26:29.948212+00:00,,,,,,private-reference-only
sibre,https://www.sibre.de/en/bremsen/shi/,html,,4a753a8182522d3003909e1e29268a778f97a38b96d834b956c3c6a630bd7652,sources/raw/sibre/4a753a8182522d3003909e1e29268a778f97a38b96d834b956c3c6a630bd7652.html,2026-09-07T01:26:30.968289+00:00,,,,,,private-reference-only
sibre,https://www.sibre.de/en/products/storm-brakes/,html,,59538390df096e683d9cba73178a321103999fa4e8cbd0464345932f577118cd,sources/raw/sibre/59538390df096e683d9cba73178a321103999fa4e8cbd0464345932f577118cd.html,2026-09-07T01:26:32.261926+00:00,,,,,,private-reference-only
sibre,https://www.sibre.de/en/products/couplings/,html,,8a8004df63f7e60a9be009112b3d46140d5a9d87e9c274f1df9f472c00bd00fb,sources/raw/sibre/8a8004df63f7e60a9be009112b3d46140d5a9d87e9c274f1df9f472c00bd00fb.html,2026-09-07T01:26:33.307807+00:00,,,,,,private-reference-only
sibre,https://www.sibre.de/en/products/crane-wheels/,html,,38113c36d1f8eb3558d5868d285a7ddcba11128374fd2f13537255c351ea8c2f,sources/raw/sibre/38113c36d1f8eb3558d5868d285a7ddcba11128374fd2f13537255c351ea8c2f.html,2026-09-07T01:26:34.331039+00:00,,,,,,private-reference-only
sibre,https://www.sibre.de/en/bremsen/buffers/,html,,e4e097dfa657abe8d925933043a107aa6e20fe8a99cca99c79399746fb998d3a,sources/raw/sibre/e4e097dfa657abe8d925933043a107aa6e20fe8a99cca99c79399746fb998d3a.html,2026-09-07T01:26:34.909271+00:00,,,,,,private-reference-only
sibre,https://www.sibre.de/wp-content/uploads/2025/05/AGB_EN_2018.pdf,pdf,,93179114f19b8d5830300ddc89941b2f7a07596782eb3be73cdd6f83bf57fe5a,sources/raw/sibre/93179114f19b8d5830300ddc89941b2f7a07596782eb3be73cdd6f83bf57fe5a.pdf,2026-09-07T01:26:36.020518+00:00,,reviously,unreviewed candidate,2,parsed,private-reference-only
sibre,https://www.sibre.de/wp-content/uploads/2026/01/Aggregat-KA-2.pdf,pdf,,592ed411ef24c2e27f9c9a5998c75d255908de0c8cd557f853a54a66be7b27d3,sources/raw/sibre/592ed411ef24c2e27f9c9a5998c75d255908de0c8cd557f853a54a66be7b27d3.pdf,2026-09-07T01:26:36.870605+00:00,,,not identified,2,parsed,private-reference-only
sibre,https://www.sibre.de/wp-content/uploads/2025/09/RTCB-700_2025.pdf,pdf,,303e45e87f64cde5a69ddbb65d179f486a22d84fa41f346e42448a044e7746af,sources/raw/sibre/303e45e87f64cde5a69ddbb65d179f486a22d84fa41f346e42448a044e7746af.pdf,2026-09-07T01:26:37.275606+00:00,,,not identified,1,parsed,private-reference-only
sibre,https://www.sibre.de/wp-content/uploads/2025/08/SBH_Elhy.pdf,pdf,,6ffad6f47b21ebfe8df63d20a6812350c3d80c8345aae5bd0ca6fb846ad58283,sources/raw/sibre/6ffad6f47b21ebfe8df63d20a6812350c3d80c8345aae5bd0ca6fb846ad58283.pdf,2026-09-07T01:26:37.814212+00:00,,,not identified,1,parsed,private-reference-only
sibre,https://www.sibre.de/wp-content/uploads/2025/07/RB_SL-2025-1.pdf,pdf,,c3e3d187afe9adee30370ed7a6ae4e0f82896efd9a859dba12c56cffa10188f9,sources/raw/sibre/c3e3d187afe9adee30370ed7a6ae4e0f82896efd9a859dba12c56cffa10188f9.pdf,2026-09-07T01:26:38.322846+00:00,,,not identified,2,parsed,private-reference-only
sibre,https://www.sibre.de/wp-content/uploads/2025/05/ISO_9001-GER-10000406844-MSC-RvA-DEU-2-20240604.pdf,pdf,,47a7da8e29b187a61e201d5a7704b406c2ceff9bcef2b799134ee6f65c4c546c,sources/raw/sibre/47a7da8e29b187a61e201d5a7704b406c2ceff9bcef2b799134ee6f65c4c546c.pdf,2026-09-07T01:26:38.985214+00:00,,,not identified,2,parsed,private-reference-only
sibre,https://www.sibre.de/wp-content/uploads/2024/08/Rollenfuehrung-fuer-Laufradsaetze-DIN-15090.pdf,pdf,,a1cbcf23f2810c186bf6ddaa5f77587822cd0574827427fc5c157816d975f317,sources/raw/sibre/a1cbcf23f2810c186bf6ddaa5f77587822cd0574827427fc5c157816d975f317.pdf,2026-09-07T01:26:39.606990+00:00,,,not identified,2,parsed,private-reference-only
sibre,https://www.sibre.de/wp-content/uploads/2024/04/RB-NC-500_2024-1.pdf,pdf,,f5492de4a38fe1ffd02a1eb20777aeff50a3ac86017b2d9493ee238f12838a93,sources/raw/sibre/f5492de4a38fe1ffd02a1eb20777aeff50a3ac86017b2d9493ee238f12838a93.pdf,2026-09-07T01:26:40.263263+00:00,,,not identified,2,parsed,private-reference-only
sibre,https://www.sibre.de/wp-content/uploads/2022/09/SIBRE-Hydraulik-Puffer-SP_2-1.pdf,pdf,,084121bc280249b49c07446423bdd65fb5fa7019bcdab0cc39fd05fa5a26ab88,sources/raw/sibre/084121bc280249b49c07446423bdd65fb5fa7019bcdab0cc39fd05fa5a26ab88.pdf,2026-09-07T01:26:40.691921+00:00,,,not identified,5,parsed,private-reference-only
sibre,https://www.sibre.de/wp-content/uploads/2022/07/ED_2021.pdf,pdf,,2ce582be1c8a7baf105fcf6af938c35dca30c361403c3fb525815577eaae9130,sources/raw/sibre/2ce582be1c8a7baf105fcf6af938c35dca30c361403c3fb525815577eaae9130.pdf,2026-09-07T01:26:41.598290+00:00,,,not identified,1,parsed,private-reference-only
sibre,https://www.sibre.de/wp-content/uploads/2022/06/SIBRE-Hydraulik-Puffer-SP.pdf,pdf,,9c71584853e512af6022b9cf379994ede479f9c54320a1111e0426fe0ba4cbc9,sources/raw/sibre/9c71584853e512af6022b9cf379994ede479f9c54320a1111e0426fe0ba4cbc9.pdf,2026-09-07T01:26:42.074871+00:00,,,not identified,1,parsed,private-reference-only
sibre,https://www.sibre.de/wp-content/uploads/2022/06/Bremsbacken_2021.pdf,pdf,,444fe1b392cd11c8e3329b2ca334ff1030d147df762701875700f9435e8da9be,sources/raw/sibre/444fe1b392cd11c8e3329b2ca334ff1030d147df762701875700f9435e8da9be.pdf,2026-09-07T01:26:42.370521+00:00,,,not identified,1,parsed,private-reference-only
sibre,https://www.sibre.de/wp-content/uploads/2022/06/Magnetsteuerung_SCU.pdf,pdf,,abe9a755c792e2199134b38af0e524ce2873ed65e12c840ccc2f695d536a48f4,sources/raw/sibre/abe9a755c792e2199134b38af0e524ce2873ed65e12c840ccc2f695d536a48f4.pdf,2026-09-07T01:26:43.611933+00:00,,,not identified,2,parsed,private-reference-only
sibre,https://www.sibre.de/wp-content/uploads/2022/06/Schutzhaube_SBH_2021.pdf,pdf,,8bbcd693b14a84d2c36b72b257f5e976f205cf8db616b9c58a3fa76b442d0ff2,sources/raw/sibre/8bbcd693b14a84d2c36b72b257f5e976f205cf8db616b9c58a3fa76b442d0ff2.pdf,2026-09-07T01:26:45.291864+00:00,,,not identified,1,parsed,private-reference-only
sibre,https://www.sibre.de/wp-content/uploads/2022/06/Schutzhaube_TE_2021.pdf,pdf,,94535622a8e93accf5291370229ad7574f7f9f6e72f892e755ad41e732551028,sources/raw/sibre/94535622a8e93accf5291370229ad7574f7f9f6e72f892e755ad41e732551028.pdf,2026-09-07T01:26:46.485358+00:00,,,not identified,1,parsed,private-reference-only
sibre,https://www.sibre.de/wp-content/uploads/2023/06/Trommelbremsen_Optionen.pdf,pdf,,ae4f47b54885b86e78647c62547ebf031f05d8d3e10811a4e600bb10f5fa43e1,sources/raw/sibre/ae4f47b54885b86e78647c62547ebf031f05d8d3e10811a4e600bb10f5fa43e1.pdf,2026-09-07T01:26:50.354896+00:00,,,not identified,2,parsed,private-reference-only
sibre,https://www.sibre.de/wp-content/uploads/2023/09/Schienenzange-RB_2023_09.pdf,pdf,,67740699fddb6a666a6ce20aa0481f8baf24fa9fefe0ad49308a9f838cbb60f8,sources/raw/sibre/67740699fddb6a666a6ce20aa0481f8baf24fa9fefe0ad49308a9f838cbb60f8.pdf,2026-09-07T01:26:52.595641+00:00,,,not identified,2,parsed,private-reference-only
sibre,https://www.sibre.de/wp-content/uploads/2022/06/Radbremse-RHI-100-FC-2021.pdf,pdf,,83c4a817e2b66fedcbd8f9eb9fd488716aff45b25dc46b9d45056fef37393b1f,sources/raw/sibre/83c4a817e2b66fedcbd8f9eb9fd488716aff45b25dc46b9d45056fef37393b1f.pdf,2026-09-07T01:26:53.878887+00:00,,,not identified,1,parsed,private-reference-only
sibre,https://www.sibre.de/wp-content/uploads/2022/05/RPS-800-2021.pdf,pdf,,98d4b36fa4c761788dc4a1ba503f8762f98df9f44fa390af2df5c65b3438b829,sources/raw/sibre/98d4b36fa4c761788dc4a1ba503f8762f98df9f44fa390af2df5c65b3438b829.pdf,2026-09-07T01:26:55.643730+00:00,,,not identified,1,parsed,private-reference-only
sibre,https://www.sibre.de/wp-content/uploads/2022/05/RPS-610-2021.pdf,pdf,,bcb43b4abe2c76ca65d85a8af64513ebf3c7c0e60d204614ff876e4aa5b6fbc8,sources/raw/sibre/bcb43b4abe2c76ca65d85a8af64513ebf3c7c0e60d204614ff876e4aa5b6fbc8.pdf,2026-09-07T01:26:56.859989+00:00,,,not identified,1,parsed,private-reference-only
sibre,https://www.sibre.de/wp-content/uploads/2022/05/RPS-450-2021.pdf,pdf,,e97ff30b60c99eedb18e87dae69cb08f561989ffd1092bf6ebadea2e9b9cf639,sources/raw/sibre/e97ff30b60c99eedb18e87dae69cb08f561989ffd1092bf6ebadea2e9b9cf639.pdf,2026-09-07T01:26:58.407624+00:00,,,not identified,1,parsed,private-reference-only
sibre,https://www.sibre.de/wp-content/uploads/2022/06/Schutzhaube-RTCB-350-2024.pdf,pdf,,d19a6ae55dda1a71028454d950d9d66a1f679f38bd4d1cf7c9be9dcb8adf0d25,sources/raw/sibre/d19a6ae55dda1a71028454d950d9d66a1f679f38bd4d1cf7c9be9dcb8adf0d25.pdf,2026-09-07T01:26:59.671657+00:00,,,not identified,1,parsed,private-reference-only
sibre,https://www.sibre.de/wp-content/uploads/2022/05/RPS-200-300-2021.pdf,pdf,,168cb74aac7f219fb205b34f966e9c80fbac6aa295b029c4764af5eb95ac3139,sources/raw/sibre/168cb74aac7f219fb205b34f966e9c80fbac6aa295b029c4764af5eb95ac3139.pdf,2026-09-07T01:27:01.736889+00:00,,,not identified,1,parsed,private-reference-only
sibre,https://www.sibre.de/wp-content/uploads/2022/06/Schutzhaube-RTCB-225-2024.pdf,pdf,,bc9f1d3c00c7d89bf3c4585ecac45839c25cfbef84263bca3852236085f96eaa,sources/raw/sibre/bc9f1d3c00c7d89bf3c4585ecac45839c25cfbef84263bca3852236085f96eaa.pdf,2026-09-07T01:27:04.722409+00:00,,,not identified,1,parsed,private-reference-only
sibre,https://www.sibre.de/wp-content/uploads/2022/06/RTCB-350_2024-2.pdf,pdf,,349827bb46177149e7d6cd271b69281e3e6aef2d31f86caa7b3ff43901b190d1,sources/raw/sibre/349827bb46177149e7d6cd271b69281e3e6aef2d31f86caa7b3ff43901b190d1.pdf,2026-09-07T01:27:06.215575+00:00,,,not identified,1,parsed,private-reference-only
sibre,https://www.sibre.de/wp-content/uploads/2022/06/Radbremse-RHI-30-125-2021.pdf,pdf,,da1ff3cdf59cdb90786c8db7c1c8ef7778cf3fc73e064d611a2177f9f7b7440f,sources/raw/sibre/da1ff3cdf59cdb90786c8db7c1c8ef7778cf3fc73e064d611a2177f9f7b7440f.pdf,2026-09-07T01:27:07.591620+00:00,,,not identified,1,parsed,private-reference-only
sibre,https://www.sibre.de/wp-content/uploads/2022/06/RTCB-225_2024.pdf,pdf,,7fabab9f3c59fb7e01ebd93ca13e5865627a1128ba6ca32bf063ab8bbede5c8c,sources/raw/sibre/7fabab9f3c59fb7e01ebd93ca13e5865627a1128ba6ca32bf063ab8bbede5c8c.pdf,2026-09-07T01:27:08.839506+00:00,,,not identified,2,parsed,private-reference-only
sibre,https://www.sibre.de/wp-content/uploads/2022/06/S2-12_2_EN_SDT_2015-02.pdf,pdf,,408bf01e5fdb9afd4836ad41b38deb0b172995c076542816b5d29e84edc79974,sources/raw/sibre/408bf01e5fdb9afd4836ad41b38deb0b172995c076542816b5d29e84edc79974.pdf,2026-09-07T01:27:11.944387+00:00,,revenez,unreviewed candidate,2,parsed,private-reference-only
sibre,https://www.sibre.de/wp-content/uploads/2022/06/S2-12_1_EN_SMT_2016-02.pdf,pdf,,900e29283506e4c2508d3e2887d7816e5a90d27b1e1a1039df145fd3599a933c,sources/raw/sibre/900e29283506e4c2508d3e2887d7816e5a90d27b1e1a1039df145fd3599a933c.pdf,2026-09-07T01:27:12.617586+00:00,,revenez,unreviewed candidate,3,parsed,private-reference-only
sibre,https://www.sibre.de/wp-content/uploads/2022/06/Monitoring-System-SSM_2020_01_DE-1.pdf,pdf,,d920e9a3e57fcb2fcd5a6d51f9636ed7bb5c117769383cdc747a48a61c9b4724,sources/raw/sibre/d920e9a3e57fcb2fcd5a6d51f9636ed7bb5c117769383cdc747a48a61c9b4724.pdf,2026-09-07T01:27:13.305998+00:00,,,not identified,1,parsed,private-reference-only
sibre,https://www.sibre.de/wp-content/uploads/2022/05/APC-BT_2021.pdf,pdf,,d2fa46394bbd2a9717e016f0f88faf1ff963f8c8c077141433e25e90f4a31593,sources/raw/sibre/d2fa46394bbd2a9717e016f0f88faf1ff963f8c8c077141433e25e90f4a31593.pdf,2026-09-07T01:27:13.737579+00:00,,,not identified,1,parsed,private-reference-only
sibre,https://www.sibre.de/wp-content/uploads/2022/05/APC-AT_2021.pdf,pdf,,2434e7cd94840f0eb51b148deab011df7384c0c7af1d4e91b50e95beee9982bf,sources/raw/sibre/2434e7cd94840f0eb51b148deab011df7384c0c7af1d4e91b50e95beee9982bf.pdf,2026-09-07T01:27:14.432455+00:00,,,not identified,2,parsed,private-reference-only
sibre,https://www.sibre.de/wp-content/uploads/2022/05/APC-A_2021-1.pdf,pdf,,83c905e28443f3205f5d1a84c5f33fda2617a971723ef7d778c7abf04e03a5b6,sources/raw/sibre/83c905e28443f3205f5d1a84c5f33fda2617a971723ef7d778c7abf04e03a5b6.pdf,2026-09-07T01:27:15.607507+00:00,,,not identified,1,parsed,private-reference-only
sibre,https://www.sibre.de/wp-content/uploads/2022/09/ALC-AT_2021.pdf,pdf,,9af36e5759220e66f95739081005bf3222deac98847cfd6a5ccda6787e711608,sources/raw/sibre/9af36e5759220e66f95739081005bf3222deac98847cfd6a5ccda6787e711608.pdf,2026-09-07T01:27:18.022903+00:00,,,not identified,1,parsed,private-reference-only
sibre,https://www.sibre.de/wp-content/uploads/2022/05/ALC-A_2021.pdf,pdf,,65e239371a8994e5497f649d2794c5cfc2137577a2a91d3968756865a9528566,sources/raw/sibre/65e239371a8994e5497f649d2794c5cfc2137577a2a91d3968756865a9528566.pdf,2026-09-07T01:27:18.662227+00:00,,,not identified,1,parsed,private-reference-only
sibre,https://www.sibre.de/wp-content/uploads/2022/06/Bremstrrommel-135E_2021.pdf,pdf,,e73a4925a49358734920b8b3fbf44f5ce8a73da627464b58406c59a4ce211811,sources/raw/sibre/e73a4925a49358734920b8b3fbf44f5ce8a73da627464b58406c59a4ce211811.pdf,2026-09-07T01:27:19.206548+00:00,,,not identified,1,parsed,private-reference-only
sibre,https://www.sibre.de/wp-content/uploads/2022/05/Bremstrrommel-95E_2021.pdf,pdf,,0e02f5cbb5a02a57e2f9e8dd98c1ae33ace34588bd1c125bac464ba3ffcbfaab,sources/raw/sibre/0e02f5cbb5a02a57e2f9e8dd98c1ae33ace34588bd1c125bac464ba3ffcbfaab.pdf,2026-09-07T01:27:19.844999+00:00,,,not identified,1,parsed,private-reference-only
sibre,https://www.sibre.de/wp-content/uploads/2022/05/Bremstrrommel-94E_2021.pdf,pdf,,73868462e171846906012eb7f507ff1a8a69d8c27e33d0be44f8be5f1eddd8ed,sources/raw/sibre/73868462e171846906012eb7f507ff1a8a69d8c27e33d0be44f8be5f1eddd8ed.pdf,2026-09-07T01:27:20.623091+00:00,,,not identified,1,parsed,private-reference-only
sibre,https://www.sibre.de/wp-content/uploads/2022/06/ZKES_2021.pdf,pdf,,19a9a6e253ce3f45af620343e7d6b93ddd2eb8295ddf4c2a08176c6dcd5c4c1e,sources/raw/sibre/19a9a6e253ce3f45af620343e7d6b93ddd2eb8295ddf4c2a08176c6dcd5c4c1e.pdf,2026-09-07T01:27:23.186394+00:00,,,not identified,2,parsed,private-reference-only
sibre,https://www.sibre.de/wp-content/uploads/2022/05/ZS1-12-13_DE_ASC-AS_2009-09.pdf,pdf,,729adb2aba63b18cfc4387aa9834ed04dca07b4ca6dff90a1ff6f978d6b03eff,sources/raw/sibre/729adb2aba63b18cfc4387aa9834ed04dca07b4ca6dff90a1ff6f978d6b03eff.pdf,2026-09-07T01:27:24.962153+00:00,,,not identified,2,parsed,private-reference-only
sibre,https://www.sibre.de/wp-content/uploads/2022/05/APC-AS_2021.pdf,pdf,,8f31e51eefb80e1599ff11766cc30cfc4b2aff47f49f8a107ec1eafd92ea114d,sources/raw/sibre/8f31e51eefb80e1599ff11766cc30cfc4b2aff47f49f8a107ec1eafd92ea114d.pdf,2026-09-07T01:27:25.602220+00:00,,,not identified,2,parsed,private-reference-only
sibre,https://www.sibre.de/wp-content/uploads/2022/05/APC-A_2021.pdf,pdf,,528435d35a60633f197743e47b3bab41474e7a9db77ef2c093d15667ced6e4c6,sources/raw/sibre/528435d35a60633f197743e47b3bab41474e7a9db77ef2c093d15667ced6e4c6.pdf,2026-09-07T01:27:26.633007+00:00,,,not identified,1,parsed,private-reference-only
sibre,https://www.sibre.de/wp-content/uploads/2022/05/AFC-AS_2021-1.pdf,pdf,,63d5dfd79f29421407f137d41f3259cdc5feb039760824dea3efd63595dc2706,sources/raw/sibre/63d5dfd79f29421407f137d41f3259cdc5feb039760824dea3efd63595dc2706.pdf,2026-09-07T01:27:27.153526+00:00,,,not identified,1,parsed,private-reference-only
sibre,https://www.sibre.de/wp-content/uploads/2022/05/AFC-A_2021-1.pdf,pdf,,a08a8999906666f33e98d591a29cee4d2a148081df6b64abf4fe0e762ec0f84d,sources/raw/sibre/a08a8999906666f33e98d591a29cee4d2a148081df6b64abf4fe0e762ec0f84d.pdf,2026-09-07T01:27:27.853519+00:00,,,not identified,1,parsed,private-reference-only
sibre,https://www.sibre.de/wp-content/uploads/2022/06/ALC-AS_2021.pdf,pdf,,a5b28a917a5816ef3a201ec8a8547a505421f1140faa77f4597519230e099c6c,sources/raw/sibre/a5b28a917a5816ef3a201ec8a8547a505421f1140faa77f4597519230e099c6c.pdf,2026-09-07T01:27:28.505687+00:00,,,not identified,1,parsed,private-reference-only
sibre,https://www.sibre.de/wp-content/uploads/2022/05/Nabe-mit-Scheibe_2021.pdf,pdf,,02302fa5738a90f82fd647308e29151ec3a4eb25ba874855cf0fc3bcb7a71176,sources/raw/sibre/02302fa5738a90f82fd647308e29151ec3a4eb25ba874855cf0fc3bcb7a71176.pdf,2026-09-07T01:27:29.186401+00:00,,,not identified,1,parsed,private-reference-only
sibre,https://www.sibre.de/wp-content/uploads/2022/05/Bremsscheiben_2021.pdf,pdf,,e4d74cfec2a835f9bb4327e15fa18266fc77e02048475f6cbfb841ae30fc9948,sources/raw/sibre/e4d74cfec2a835f9bb4327e15fa18266fc77e02048475f6cbfb841ae30fc9948.pdf,2026-09-07T01:27:29.722273+00:00,,,not identified,1,parsed,private-reference-only
sibre,https://www.sibre.de/wp-content/uploads/2022/05/USB5_V_2021.pdf,pdf,,f02c6a6ad5c34524a89aa76c97f890194eb7d047bbf1bc27f4820c73bc0a78b3,sources/raw/sibre/f02c6a6ad5c34524a89aa76c97f890194eb7d047bbf1bc27f4820c73bc0a78b3.pdf,2026-09-07T01:27:30.862324+00:00,,,not identified,1,parsed,private-reference-only
sibre,https://www.sibre.de/wp-content/uploads/2022/05/USB5_V_ELHY_2021_01-1.pdf,pdf,,ad903a896c6933cc89101d13f1a15c5df0865387bd29f2b035f382e9b390aaa4,sources/raw/sibre/ad903a896c6933cc89101d13f1a15c5df0865387bd29f2b035f382e9b390aaa4.pdf,2026-09-07T01:27:35.349359+00:00,,,not identified,1,parsed,private-reference-only
sibre,https://www.sibre.de/wp-content/uploads/2022/05/USB5_III_2021.pdf,pdf,,54d5d9d01892f910fb0ac3631fc757bce74307b50f26060de6b194aa2fdc7268,sources/raw/sibre/54d5d9d01892f910fb0ac3631fc757bce74307b50f26060de6b194aa2fdc7268.pdf,2026-09-07T01:27:36.819362+00:00,,,not identified,1,parsed,private-reference-only
sibre,https://www.sibre.de/wp-content/uploads/2022/05/Tonnenkupplung-ABC-V_2023.pdf,pdf,,269f9461b751f08736761df31527efb8f67ec06c1010ad01abba032e3f5a2f5c,sources/raw/sibre/269f9461b751f08736761df31527efb8f67ec06c1010ad01abba032e3f5a2f5c.pdf,2026-09-07T01:27:39.641815+00:00,,REV2.doc,unreviewed candidate,18,parsed,private-reference-only
sibre,https://www.sibre.de/wp-content/uploads/2022/05/SHI_Technische-Daten_2021.pdf,pdf,,0898cc6261c41fdfea5d757a3ec20e31765acb72821af0b022acaa69544d0a11,sources/raw/sibre/0898cc6261c41fdfea5d757a3ec20e31765acb72821af0b022acaa69544d0a11.pdf,2026-09-07T01:27:43.776756+00:00,,,not identified,1,parsed,private-reference-only
sibre,https://www.sibre.de/wp-content/uploads/2022/05/SHI_Produktuebersicht_2021.pdf,pdf,,ef9ec93ef5a9e0d6350b781058851833910b100a463747052b83dc8ea75b0eac,sources/raw/sibre/ef9ec93ef5a9e0d6350b781058851833910b100a463747052b83dc8ea75b0eac.pdf,2026-09-07T01:27:44.799779+00:00,,,not identified,1,parsed,private-reference-only
sibre,https://www.sibre.de/wp-content/uploads/2022/05/SHI_FC_Anordnungsbeispiele_2021.pdf,pdf,,a8d30ea943c0dcfd163debbf5b06017ac03d2a0e953ddedf107365cdd16ce444,sources/raw/sibre/a8d30ea943c0dcfd163debbf5b06017ac03d2a0e953ddedf107365cdd16ce444.pdf,2026-09-07T01:27:46.297523+00:00,,,not identified,1,parsed,private-reference-only
sibre,https://www.sibre.de/wp-content/uploads/2023/05/SHI_Auswahl_Hydraulikaggregate_2021-1.pdf,pdf,,e7e374f7612957528bfc1c691f14b2889e685b002063f0177ce35ee969440b07,sources/raw/sibre/e7e374f7612957528bfc1c691f14b2889e685b002063f0177ce35ee969440b07.pdf,2026-09-07T01:27:55.603777+00:00,,,not identified,1,parsed,private-reference-only
sibre,https://www.sibre.de/wp-content/uploads/2022/05/SHI_Anordnungsbeispiele_2021.pdf,pdf,,931670058e27191974d77616f65579f3edb212baf71e2ef35c787a999344b45c,sources/raw/sibre/931670058e27191974d77616f65579f3edb212baf71e2ef35c787a999344b45c.pdf,2026-09-07T01:27:56.021428+00:00,,,not identified,1,parsed,private-reference-only
sibre,https://www.sibre.de/wp-content/uploads/2022/05/SHI_281-282_2021.pdf,pdf,,602bd7d67261abc3bc2377db24b09f4f51fff279bfecdccb1d6928c5897af48b,sources/raw/sibre/602bd7d67261abc3bc2377db24b09f4f51fff279bfecdccb1d6928c5897af48b.pdf,2026-09-07T01:27:56.921262+00:00,,,not identified,1,parsed,private-reference-only
sibre,https://www.sibre.de/wp-content/uploads/2022/05/SHI_280_FC_Konsole_2021.pdf,pdf,,b2b47ac85f3f9bc1d2a3ad789265aec589d1d39297b28a99a70a8ce15ae589c0,sources/raw/sibre/b2b47ac85f3f9bc1d2a3ad789265aec589d1d39297b28a99a70a8ce15ae589c0.pdf,2026-09-07T01:27:57.479011+00:00,,,not identified,1,parsed,private-reference-only
sibre,https://www.sibre.de/wp-content/uploads/2022/05/SHI_280_FC_Flansch_2021.pdf,pdf,,ff78f82f4e5130ea648da3259fc8ffb90ee4f72559a08a360c48d26af02200a4,sources/raw/sibre/ff78f82f4e5130ea648da3259fc8ffb90ee4f72559a08a360c48d26af02200a4.pdf,2026-09-07T01:27:58.137051+00:00,,,not identified,1,parsed,private-reference-only
sibre,https://www.sibre.de/wp-content/uploads/2022/05/SHI_251-252_2021.pdf,pdf,,ca3b555b0ff4c761f13192f59232698c83e2c32c468bcfcaae58cb61293a49a0,sources/raw/sibre/ca3b555b0ff4c761f13192f59232698c83e2c32c468bcfcaae58cb61293a49a0.pdf,2026-09-07T01:27:58.817518+00:00,,,not identified,1,parsed,private-reference-only
sibre,https://www.sibre.de/wp-content/uploads/2022/05/SHI_250_FC_Konsole_2021.pdf,pdf,,fed85af7c1cbabea3e8fa610da6ceef37eac54d21c846c4be849f01597b70811,sources/raw/sibre/fed85af7c1cbabea3e8fa610da6ceef37eac54d21c846c4be849f01597b70811.pdf,2026-09-07T01:27:59.491814+00:00,,revolume,unreviewed candidate,1,parsed,private-reference-only
sibre,https://www.sibre.de/wp-content/uploads/2022/05/SHI_250_FC_Flansch_2021.pdf,pdf,,15504ea0a649f3f81a84e601d137afc59791c7a5638e9751877044868623c666,sources/raw/sibre/15504ea0a649f3f81a84e601d137afc59791c7a5638e9751877044868623c666.pdf,2026-09-07T01:28:00.668906+00:00,,,not identified,1,parsed,private-reference-only
sibre,https://www.sibre.de/wp-content/uploads/2022/05/SHI_231-232_2021.pdf,pdf,,b526d0d7253acc2068a34995759c9ad0b4c73a4563d7b5d0f0a9e05fae9cd2ac,sources/raw/sibre/b526d0d7253acc2068a34995759c9ad0b4c73a4563d7b5d0f0a9e05fae9cd2ac.pdf,2026-09-07T01:28:01.915762+00:00,,,not identified,1,parsed,private-reference-only
sibre,https://www.sibre.de/wp-content/uploads/2022/05/SHI_230_FC_Konsole_2021.pdf,pdf,,16db8a3412f5494847be83774bfbd25642caedb2a097a17ec645b7e1ba131e59,sources/raw/sibre/16db8a3412f5494847be83774bfbd25642caedb2a097a17ec645b7e1ba131e59.pdf,2026-09-07T01:28:04.192594+00:00,,revolume,unreviewed candidate,1,parsed,private-reference-only
sibre,https://www.sibre.de/wp-content/uploads/2022/05/SHI_201-202_2021.pdf,pdf,,ef26de1eb6f9d2d62b217b3e223410abb47d37971a722cc1e074d6977fa2b4ed,sources/raw/sibre/ef26de1eb6f9d2d62b217b3e223410abb47d37971a722cc1e074d6977fa2b4ed.pdf,2026-09-07T01:28:06.233645+00:00,,,not identified,1,parsed,private-reference-only
sibre,https://www.sibre.de/wp-content/uploads/2022/05/SHI_200_FC_Konsole_2021.pdf,pdf,,08fe9e03aeb12e5c7a9b0ec40788a3703d273b99cd0652dafe127b40c8b6d689,sources/raw/sibre/08fe9e03aeb12e5c7a9b0ec40788a3703d273b99cd0652dafe127b40c8b6d689.pdf,2026-09-07T01:28:07.872922+00:00,,,not identified,1,parsed,private-reference-only
sibre,https://www.sibre.de/wp-content/uploads/2022/05/SHI_200_FC_Flansch_2021.pdf,pdf,,5395d0be53fc2dc8c3c95baa045740f297f3af8a8198ad565c45bf107fe20918,sources/raw/sibre/5395d0be53fc2dc8c3c95baa045740f297f3af8a8198ad565c45bf107fe20918.pdf,2026-09-07T01:28:09.735946+00:00,,,not identified,1,parsed,private-reference-only
sibre,https://www.sibre.de/wp-content/uploads/2022/05/SHI_161-162_2021.pdf,pdf,,9050589cca8e14f4b902321ee7363f4cd9aa7fb71e0069ea352f0374bc1acb0c,sources/raw/sibre/9050589cca8e14f4b902321ee7363f4cd9aa7fb71e0069ea352f0374bc1acb0c.pdf,2026-09-07T01:28:10.867529+00:00,,,not identified,1,parsed,private-reference-only
sibre,https://www.sibre.de/wp-content/uploads/2022/05/SHI_160_FC_Konsole_2021.pdf,pdf,,fa64fad7e944f2fde5d3e84db1b880759b0c24327c0990f10614370d6db3267f,sources/raw/sibre/fa64fad7e944f2fde5d3e84db1b880759b0c24327c0990f10614370d6db3267f.pdf,2026-09-07T01:28:12.232467+00:00,,,not identified,1,parsed,private-reference-only
sibre,https://www.sibre.de/wp-content/uploads/2022/05/SHI_160_FC_Flansch_2021.pdf,pdf,,658d80e05b4ad852e03ba07ffaafe8be15097ec1029e26721c5fc02a08b13ca8,sources/raw/sibre/658d80e05b4ad852e03ba07ffaafe8be15097ec1029e26721c5fc02a08b13ca8.pdf,2026-09-07T01:28:12.800749+00:00,,,not identified,1,parsed,private-reference-only
sibre,https://www.sibre.de/wp-content/uploads/2022/05/SHI_106-107_2021.pdf,pdf,,b88444334f5572c0d6726b8c55ce5b7a9c63b17f7547f7ec2d0411bdf30f4f54,sources/raw/sibre/b88444334f5572c0d6726b8c55ce5b7a9c63b17f7547f7ec2d0411bdf30f4f54.pdf,2026-09-07T01:28:13.978257+00:00,,,not identified,1,parsed,private-reference-only
sibre,https://www.sibre.de/wp-content/uploads/2022/05/SHI_104-105_2021-1.pdf,pdf,,6242f5b666f1feeb5d85122d2669348ccaea5e8cc4450ab8371ad92d2e53d67b,sources/raw/sibre/6242f5b666f1feeb5d85122d2669348ccaea5e8cc4450ab8371ad92d2e53d67b.pdf,2026-09-07T01:28:17.441854+00:00,,,not identified,1,parsed,private-reference-only
sibre,https://www.sibre.de/wp-content/uploads/2022/05/SHI_103_2021-1.pdf,pdf,,4f0f0c71871faf8e4585ae06a0b3df194f30d61047a2f6fbe40e94514d62f0f8,sources/raw/sibre/4f0f0c71871faf8e4585ae06a0b3df194f30d61047a2f6fbe40e94514d62f0f8.pdf,2026-09-07T01:28:18.253871+00:00,,,not identified,1,parsed,private-reference-only
sibre,https://www.sibre.de/wp-content/uploads/2022/05/SHI_100_FC_Konsole_2021-1.pdf,pdf,,3516a37df06b0599f5554e1ed87fe321c7e8e0b0202fac6d4a47552bfdc1199f,sources/raw/sibre/3516a37df06b0599f5554e1ed87fe321c7e8e0b0202fac6d4a47552bfdc1199f.pdf,2026-09-07T01:28:19.377760+00:00,,,not identified,1,parsed,private-reference-only
sibre,https://www.sibre.de/wp-content/uploads/2022/05/SHI_100_FC_Flansch_2021-1.pdf,pdf,,054f8ffd1920593a74106b321b09713186ee9203dc923348adcd3ba91b6260f3,sources/raw/sibre/054f8ffd1920593a74106b321b09713186ee9203dc923348adcd3ba91b6260f3.pdf,2026-09-07T01:28:20.730683+00:00,,,not identified,1,parsed,private-reference-only
sibre,https://www.sibre.de/wp-content/uploads/2022/05/SHI_75_FC_Flansch_2021-1.pdf,pdf,,4a14a7b961599867fc357c1b1e66a03a5897a374970465df8d395f70be1e791e,sources/raw/sibre/4a14a7b961599867fc357c1b1e66a03a5897a374970465df8d395f70be1e791e.pdf,2026-09-07T01:28:21.643030+00:00,,,not identified,1,parsed,private-reference-only
sibre,https://www.sibre.de/wp-content/uploads/2022/05/SHI_75_2021.pdf,pdf,,87cfb89eebcbc66d97b77862e97d838c7d80bd679791ee2e9e3db48e398bdbd3,sources/raw/sibre/87cfb89eebcbc66d97b77862e97d838c7d80bd679791ee2e9e3db48e398bdbd3.pdf,2026-09-07T01:28:23.342219+00:00,,,not identified,1,parsed,private-reference-only
sibre,https://www.sibre.de/wp-content/uploads/2022/05/Laufradsysteme-SRA-SRN_2024pdf.pdf,pdf,,e5a73844b6d01476de8eeedca7d3d05203b2cd1eca1f6d58b1d7f7c5b41ea921,sources/raw/sibre/e5a73844b6d01476de8eeedca7d3d05203b2cd1eca1f6d58b1d7f7c5b41ea921.pdf,2026-09-07T01:28:25.208734+00:00,,,not identified,32,parsed,private-reference-only
sibre,https://www.sibre.de/wp-content/uploads/2022/05/Laufradsysteme_2021.pdf,pdf,,907191f38719222d646622e4dec4dedafc9c08bc4cdd61c87b9f9027c84c7e98,sources/raw/sibre/907191f38719222d646622e4dec4dedafc9c08bc4cdd61c87b9f9027c84c7e98.pdf,2026-09-07T01:28:34.483256+00:00,,,not identified,12,parsed,private-reference-only
sibre,https://www.sibre.de/wp-content/uploads/2022/05/Hydraulikaggregat-Funktionsbeschreibung_2021.pdf,pdf,,a5007faf82163e53d9d9fb51ff3f4b162818766162bba07d24353908df39ea4a,sources/raw/sibre/a5007faf82163e53d9d9fb51ff3f4b162818766162bba07d24353908df39ea4a.pdf,2026-09-07T01:28:37.311813+00:00,,,not identified,1,parsed,private-reference-only
sibre,https://www.sibre.de/wp-content/uploads/2022/05/Schutzhaus-H-SF3_2021.pdf,pdf,,2586305a3c6ea913dcb7def42f384745b239f257e593247ea3953a5a6f2133f8,sources/raw/sibre/2586305a3c6ea913dcb7def42f384745b239f257e593247ea3953a5a6f2133f8.pdf,2026-09-07T01:28:37.847410+00:00,,,not identified,1,parsed,private-reference-only
sibre,https://www.sibre.de/wp-content/uploads/2022/05/Aggregat-H-SF3_SB_2021.pdf,pdf,,3118c014ba0d73e16701a30e6ab7de597ad2607aa57df1073834075a8bf2ed3d,sources/raw/sibre/3118c014ba0d73e16701a30e6ab7de597ad2607aa57df1073834075a8bf2ed3d.pdf,2026-09-07T01:28:38.503969+00:00,,,not identified,1,parsed,private-reference-only
sibre,https://www.sibre.de/wp-content/uploads/2022/05/Hydraulikaggregat-Funktionsbeschreibung_2021-1.pdf,pdf,,a5007faf82163e53d9d9fb51ff3f4b162818766162bba07d24353908df39ea4a,sources/raw/sibre/a5007faf82163e53d9d9fb51ff3f4b162818766162bba07d24353908df39ea4a.pdf,2026-09-07T01:28:39.684982+00:00,,,,,,private-reference-only
sibre,https://www.sibre.de/wp-content/uploads/2022/05/Schutzhaube-H-SF3_2021-1.pdf,pdf,,0d7eb348ba22ea665b43f6d70758a929fb446c0530aa16b986e6e29655dbeb65,sources/raw/sibre/0d7eb348ba22ea665b43f6d70758a929fb446c0530aa16b986e6e29655dbeb65.pdf,2026-09-07T01:28:40.239783+00:00,,,not identified,1,parsed,private-reference-only
sibre,https://www.sibre.de/wp-content/uploads/2022/05/Aggregat-H-SF3_2021-1.pdf,pdf,,107d1d6a589c850c7864322c8ee1bad94d71c52fcde690d875c544818ff39429,sources/raw/sibre/107d1d6a589c850c7864322c8ee1bad94d71c52fcde690d875c544818ff39429.pdf,2026-09-07T01:28:41.001273+00:00,,,not identified,2,parsed,private-reference-only
sibre,https://www.sibre.de/wp-content/uploads/2023/05/Aggregat-V2_2023.pdf,pdf,,a5a0fa253a1bedb856013962c98df824b485403d4cb75c7035965c0f097ccffc,sources/raw/sibre/a5a0fa253a1bedb856013962c98df824b485403d4cb75c7035965c0f097ccffc.pdf,2026-09-07T01:28:42.133662+00:00,,,not identified,2,parsed,private-reference-only
sibre,https://www.sibre.de/wp-content/uploads/2023/04/TE_2021.pdf,pdf,,ec4cacb8eba8bf79cb2cdacafc07a71d930d129a27e32a6d38b61c240923ca69,sources/raw/sibre/ec4cacb8eba8bf79cb2cdacafc07a71d930d129a27e32a6d38b61c240923ca69.pdf,2026-09-07T01:28:43.071158+00:00,,,not identified,1,parsed,private-reference-only
sibre,https://www.sibre.de/wp-content/uploads/2024/07/SBM_2021.pdf,pdf,,1db16909a2b939a6959211d23c9d3c6f35e00ed90ee6c726d231047479246d11,sources/raw/sibre/1db16909a2b939a6959211d23c9d3c6f35e00ed90ee6c726d231047479246d11.pdf,2026-09-07T01:28:44.425402+00:00,,,not identified,1,parsed,private-reference-only
sibre,https://www.sibre.de/wp-content/uploads/2022/05/TMB_2021.pdf,pdf,,9e4eb21fd78918af01ea0743e388d136caef1de30be7141f0589c0962d8a55f4,sources/raw/sibre/9e4eb21fd78918af01ea0743e388d136caef1de30be7141f0589c0962d8a55f4.pdf,2026-09-07T01:28:45.213604+00:00,,,not identified,1,parsed,private-reference-only
sibre,https://www.sibre.de/wp-content/uploads/2023/04/THi_2021.pdf,pdf,,ca70d3c06fb40c7b86fb7b9bae191f80d8d9f496ad68f1413c57590ea5bb95c5,sources/raw/sibre/ca70d3c06fb40c7b86fb7b9bae191f80d8d9f496ad68f1413c57590ea5bb95c5.pdf,2026-09-07T01:28:46.493309+00:00,,,not identified,1,parsed,private-reference-only
sibre,https://www.sibre.de/wp-content/uploads/2022/05/TEc_2021.pdf,pdf,,910c29977b424abdcc968dfea2c34fe6c9ff7a0eab35f1edb2befce77b35e330,sources/raw/sibre/910c29977b424abdcc968dfea2c34fe6c9ff7a0eab35f1edb2befce77b35e330.pdf,2026-09-07T01:28:47.056551+00:00,,,not identified,1,parsed,private-reference-only
sibre,https://www.sibre.de/wp-content/uploads/2022/05/TM-I-40-TM-I-60_2021-1.pdf,pdf,,f7952be9abfab450674573ab61cdce8b127d5a28da9c9c4d4053cb7bdd37c5b8,sources/raw/sibre/f7952be9abfab450674573ab61cdce8b127d5a28da9c9c4d4053cb7bdd37c5b8.pdf,2026-09-07T01:28:48.689005+00:00,,,not identified,2,parsed,private-reference-only
sibre,https://www.sibre.de/wp-content/uploads/2022/05/SBH_Eldro.pdf,pdf,,cc7187cf12b150ebc6ac5d88a728141ba9507685d243ffd62f06cb352cacd5fc,sources/raw/sibre/cc7187cf12b150ebc6ac5d88a728141ba9507685d243ffd62f06cb352cacd5fc.pdf,2026-09-07T01:28:49.938943+00:00,,,not identified,1,parsed,private-reference-only
sibre,https://www.sibre.de/wp-content/uploads/2022/05/SBG_2021.pdf,pdf,,8a01b47efe4cf7167a999f240279586158b725574a128b9f2aa6aff25f88d759,sources/raw/sibre/8a01b47efe4cf7167a999f240279586158b725574a128b9f2aa6aff25f88d759.pdf,2026-09-07T01:28:50.840647+00:00,,,not identified,1,parsed,private-reference-only
sibre,https://www.sibre.de/wp-content/uploads/2023/04/TPi_2021.pdf,pdf,,7fbb3034f4a28bcc39b55b1655dc42de9d1ed1f3ec8ff801ee96955d2c7ba46e,sources/raw/sibre/7fbb3034f4a28bcc39b55b1655dc42de9d1ed1f3ec8ff801ee96955d2c7ba46e.pdf,2026-09-07T01:28:52.363908+00:00,,,not identified,1,parsed,private-reference-only
sibre,https://www.sibre.de/wp-content/uploads/2022/05/TE_160_2021.pdf,pdf,,7580458e75ecca27079be024b686a3da09a270c83d2b58bb4d89a4280ab73827,sources/raw/sibre/7580458e75ecca27079be024b686a3da09a270c83d2b58bb4d89a4280ab73827.pdf,2026-09-07T01:28:52.991953+00:00,,,not identified,2,parsed,private-reference-only
sibre,https://www.sibre.de/wp-content/uploads/2023/04/TE-I_2021.pdf,pdf,,3faf38f3cf84c450953d1c693c65e3d520525ac73836d070a65ba29afc080854,sources/raw/sibre/3faf38f3cf84c450953d1c693c65e3d520525ac73836d070a65ba29afc080854.pdf,2026-09-07T01:28:55.534344+00:00,,,not identified,1,parsed,private-reference-only
sibre,https://www.sibre.de/wp-content/uploads/2022/05/CB8-H_2026.pdf,pdf,,6b009140a00067b4c8f91e2252668a6ebe53f40b67330e1d651934a473ea3cf1,sources/raw/sibre/6b009140a00067b4c8f91e2252668a6ebe53f40b67330e1d651934a473ea3cf1.pdf,2026-09-07T01:28:56.379299+00:00,,,not identified,1,parsed,private-reference-only
sibre,https://www.sibre.de/wp-content/uploads/2022/05/CB8-M_2026.pdf,pdf,,6df2e04d05de63c2cba9a40c42ec33e08625a25d782af532d6329e27806e0861,sources/raw/sibre/6df2e04d05de63c2cba9a40c42ec33e08625a25d782af532d6329e27806e0861.pdf,2026-09-07T01:28:57.663553+00:00,,,not identified,1,parsed,private-reference-only
sibre,https://www.sibre.de/wp-content/uploads/2022/05/CB8-P_2026.pdf,pdf,,0c99c306c0288bd4a9a4d4cd4c8db693e8feaea3a707071c5d1f8ce9ce358403,sources/raw/sibre/0c99c306c0288bd4a9a4d4cd4c8db693e8feaea3a707071c5d1f8ce9ce358403.pdf,2026-09-07T01:28:58.437401+00:00,,,not identified,1,parsed,private-reference-only
sibre,https://www.sibre.de/wp-content/uploads/2022/05/CB8-E_2026.pdf,pdf,,fe4a7e82b6c262f242850ba48b06d55c625a88aa6ea12d77ef7bfa2e43e9080b,sources/raw/sibre/fe4a7e82b6c262f242850ba48b06d55c625a88aa6ea12d77ef7bfa2e43e9080b.pdf,2026-09-07T01:28:59.705081+00:00,,,not identified,1,parsed,private-reference-only
sibre,https://www.sibre.de/wp-content/uploads/2022/05/TEXU-G-800-1000_2021.pdf,pdf,,10b07aa7f9d1e7860ab40f0c7e3f4cdd88462a27e5bdac7948397b54279908e1,sources/raw/sibre/10b07aa7f9d1e7860ab40f0c7e3f4cdd88462a27e5bdac7948397b54279908e1.pdf,2026-09-07T01:29:01.217998+00:00,,,not identified,1,parsed,private-reference-only
sibre,https://www.sibre.de/wp-content/uploads/2022/05/TEXU-G-630-710_2021.pdf,pdf,,1f52f6c4a72609f20d6a896858602f2446e9f866a859451643619f7df0aa12ae,sources/raw/sibre/1f52f6c4a72609f20d6a896858602f2446e9f866a859451643619f7df0aa12ae.pdf,2026-09-07T01:29:04.217668+00:00,,,not identified,1,parsed,private-reference-only
sibre,https://www.sibre.de/wp-content/uploads/2022/05/USB5_III_ELHY_2021.pdf,pdf,,a7c860b2fe96389f4e044ade6c95fc1ad0406fa44258359bea51f2d877cbef9f,sources/raw/sibre/a7c860b2fe96389f4e044ade6c95fc1ad0406fa44258359bea51f2d877cbef9f.pdf,2026-09-07T01:29:06.296331+00:00,,,not identified,1,parsed,private-reference-only
sibre,https://www.sibre.de/wp-content/uploads/2022/05/USB5_II_2021.pdf,pdf,,f228e8c5d5d0e2d7958afe2da0ebc082d1912ad1d61db8e6b2000865e5b288f5,sources/raw/sibre/f228e8c5d5d0e2d7958afe2da0ebc082d1912ad1d61db8e6b2000865e5b288f5.pdf,2026-09-07T01:29:08.980622+00:00,,,not identified,1,parsed,private-reference-only
sibre,https://www.sibre.de/wp-content/uploads/2024/07/USB5_I_ELHY_2021.pdf,pdf,,12b4efa1e919ff18926aa99f5abe62254f4fe3cc5d97060360741066ecc4d1e4,sources/raw/sibre/12b4efa1e919ff18926aa99f5abe62254f4fe3cc5d97060360741066ecc4d1e4.pdf,2026-09-07T01:29:12.710279+00:00,,,not identified,1,parsed,private-reference-only
sibre,https://www.sibre.de/wp-content/uploads/2022/05/USB5_I_2021.pdf,pdf,,3f7d6884c4ae712bd12434904bae5d59fbacd734fdb35f70c37b0a77b6e2dc21,sources/raw/sibre/3f7d6884c4ae712bd12434904bae5d59fbacd734fdb35f70c37b0a77b6e2dc21.pdf,2026-09-07T01:29:13.936522+00:00,,,not identified,1,parsed,private-reference-only
sibre,https://www.sibre.de/wp-content/uploads/2022/05/USB5_05_2021_01-1.pdf,pdf,,e6ea41c618c8d4aa8e04e7f7c0bcdb67ee9397b808b009392978e308111a625f,sources/raw/sibre/e6ea41c618c8d4aa8e04e7f7c0bcdb67ee9397b808b009392978e308111a625f.pdf,2026-09-07T01:29:19.250776+00:00,,,not identified,1,parsed,private-reference-only
sibre,https://www.sibre.de/wp-content/uploads/2025/05/AGB_DE_2018.pdf,pdf,,d56d0cf9853f8f6acaa9590df88c8cef4ef1d4fdec20aab4e70bf2fb3c04d522,sources/raw/sibre/d56d0cf9853f8f6acaa9590df88c8cef4ef1d4fdec20aab4e70bf2fb3c04d522.pdf,2026-09-07T01:29:21.386167+00:00,,,not identified,2,parsed,private-reference-only
sibre,https://www.sibre.de/ru/downloads/,html,,c8403a8dd8947dbee7b3a74b63887e7dc4f2025281d90ffe6c5e32e8c492326c,sources/raw/sibre/c8403a8dd8947dbee7b3a74b63887e7dc4f2025281d90ffe6c5e32e8c492326c.html,2026-09-07T01:29:22.532104+00:00,,,,,,private-reference-only
sibre,https://www.sibre.de/ru/products/,html,,bf885bf97ec233697ac92a103f284c00ccd0d45dfd3d68f32060dfdedc08861d,sources/raw/sibre/bf885bf97ec233697ac92a103f284c00ccd0d45dfd3d68f32060dfdedc08861d.html,2026-09-07T01:29:24.493494+00:00,,,,,,private-reference-only
sibre,https://www.sibre.de/es/productos/,html,,48994ed2fb59f0b8c96e4c3ea0d57f010a8e699e2e4e893d0c82570e9a2c9757,sources/raw/sibre/48994ed2fb59f0b8c96e4c3ea0d57f010a8e699e2e4e893d0c82570e9a2c9757.html,2026-09-07T01:29:25.422260+00:00,,,,,,private-reference-only
sibre,https://www.sibre.de/wp-content/uploads/2026/01/HPU-KA2_EN.pdf,pdf,,a4708701cd0c3e82beef1dd42c79e9cc596b43207850872b157f99508fd5bc1d,sources/raw/sibre/a4708701cd0c3e82beef1dd42c79e9cc596b43207850872b157f99508fd5bc1d.pdf,2026-09-07T01:29:26.314416+00:00,,,not identified,2,parsed,private-reference-only
sibre,https://www.sibre.de/wp-content/uploads/2025/09/RTCB-700-2025_EN.pdf,pdf,,945263110e9bc12ef7099106a6be71c6424d2927618037a361337e0f510bb900,sources/raw/sibre/945263110e9bc12ef7099106a6be71c6424d2927618037a361337e0f510bb900.pdf,2026-09-07T01:29:27.191268+00:00,,,not identified,1,parsed,private-reference-only
sibre,https://www.sibre.de/wp-content/uploads/2025/08/SBH_Elhy-1.pdf,pdf,,c672171a27c2eeb689caa6b6ce276a555ebfac428668c169f46f8ea937777cf4,sources/raw/sibre/c672171a27c2eeb689caa6b6ce276a555ebfac428668c169f46f8ea937777cf4.pdf,2026-09-07T01:29:28.128204+00:00,,,not identified,1,parsed,private-reference-only
sibre,https://www.sibre.de/wp-content/uploads/2025/07/RB-SL-2025_EN-1.pdf,pdf,,bebc5fc604ec1fa742363314c271db364ef23a28f997700cdc0c73ca43745e7c,sources/raw/sibre/bebc5fc604ec1fa742363314c271db364ef23a28f997700cdc0c73ca43745e7c.pdf,2026-09-07T01:29:28.704558+00:00,,,not identified,2,parsed,private-reference-only
sibre,https://www.sibre.de/wp-content/uploads/2025/05/ISO_9001-ENG-10000406844-MSC-RvA-DEU-2-20240604.pdf,pdf,,cb773e227709e56c494453246d0ea3f39b0992f33ec5bde334d103bd81ae549f,sources/raw/sibre/cb773e227709e56c494453246d0ea3f39b0992f33ec5bde334d103bd81ae549f.pdf,2026-09-07T01:29:29.765871+00:00,,,not identified,2,parsed,private-reference-only
sibre,https://www.sibre.de/wp-content/uploads/2024/08/Guide-rollers.pdf,pdf,,9e0978c7a933d6b91354aba9ccb43cc99dd9797b9e9fe920a29818aa858654a7,sources/raw/sibre/9e0978c7a933d6b91354aba9ccb43cc99dd9797b9e9fe920a29818aa858654a7.pdf,2026-09-07T01:29:31.739693+00:00,,,not identified,2,parsed,private-reference-only
sibre,https://www.sibre.de/wp-content/uploads/2024/04/RB-NC-500_2024_EN.pdf,pdf,,aac525ea23182ae7c0bbe883390294eac124c85f98d1e1936894fad79694dafa,sources/raw/sibre/aac525ea23182ae7c0bbe883390294eac124c85f98d1e1936894fad79694dafa.pdf,2026-09-07T01:29:32.786523+00:00,,,not identified,2,parsed,private-reference-only
sibre,https://www.sibre.de/wp-content/uploads/2022/09/Hydraulic-buffer-SP_2022-1.pdf,pdf,,9ccbd91d271bd029e3dde8e91ecd9262013a407e4da4acf36e9cdbabdeb0e443,sources/raw/sibre/9ccbd91d271bd029e3dde8e91ecd9262013a407e4da4acf36e9cdbabdeb0e443.pdf,2026-09-07T01:29:33.328725+00:00,,,not identified,5,parsed,private-reference-only
sibre,https://www.sibre.de/wp-content/uploads/2022/07/ELDRO-thrusters_2021_EN.pdf,pdf,,c1b98f17cafd404b881682c72d8574ac1e219969429dd5d30a5cc2b73d080de3,sources/raw/sibre/c1b98f17cafd404b881682c72d8574ac1e219969429dd5d30a5cc2b73d080de3.pdf,2026-09-07T01:29:34.808653+00:00,,,not identified,1,parsed,private-reference-only
sibre,https://www.sibre.de/wp-content/uploads/2022/06/Hydraulic-buffer-SP_2021.pdf,pdf,,9e85a43bd952f6925c43996c34dc34d990ed36ff1d8bc72207b0499723437e12,sources/raw/sibre/9e85a43bd952f6925c43996c34dc34d990ed36ff1d8bc72207b0499723437e12.pdf,2026-09-07T01:29:35.258244+00:00,,,not identified,1,parsed,private-reference-only
sibre,https://www.sibre.de/wp-content/uploads/2022/06/sibre-brake-shoes-for-drum-brakes-1.pdf,pdf,,7a29ad5c2740bcad808fdf6091c1827bbb9006e13e943dcb22ba2d036cd7b3ae,sources/raw/sibre/7a29ad5c2740bcad808fdf6091c1827bbb9006e13e943dcb22ba2d036cd7b3ae.pdf,2026-09-07T01:29:35.674533+00:00,,,not identified,1,parsed,private-reference-only
sibre,https://www.sibre.de/en/bremsen/kompakt-cb8-cb6/,html,,73cd71f868d3852434940c296382ae188ca8271da5f4452bfc6fbf0f13a9309e,sources/raw/sibre/73cd71f868d3852434940c296382ae188ca8271da5f4452bfc6fbf0f13a9309e.html,2026-09-07T01:29:36.219475+00:00,,,,,,private-reference-only
sibre,https://www.sibre.de/en/bremsen/typ-te/,html,,d19850cd59d74e8e07071318516d5f8207256eba7fea5f97bc4f9cbe5c46a52e,sources/raw/sibre/d19850cd59d74e8e07071318516d5f8207256eba7fea5f97bc4f9cbe5c46a52e.html,2026-09-07T01:29:37.220796+00:00,,,,,,private-reference-only
sibre,https://www.sibre.de/en/bremsen/texu/,html,,cbecbcd5f7e7dd6ccd5fab4e7d6724d7587b6f97e6d96b681e630ab5f22d867f,sources/raw/sibre/cbecbcd5f7e7dd6ccd5fab4e7d6724d7587b6f97e6d96b681e630ab5f22d867f.html,2026-09-07T01:29:38.328712+00:00,,,,,,private-reference-only
sibre,https://www.sibre.de/bremsen/usb-5/,html,,1d6aee3cc866abe949b2b704ff7fd6a6de8c9e0a9b4fe7e12d317ab34b03f493,sources/raw/sibre/1d6aee3cc866abe949b2b704ff7fd6a6de8c9e0a9b4fe7e12d317ab34b03f493.html,2026-09-07T01:29:39.430828+00:00,,,,,,private-reference-only
sibre,https://www.sibre.de/ru/bremsen/usb-5/,html,,932fe94d63d348667003bc9c19263fe93723762a87d35561ca08ad7a38194e8d,sources/raw/sibre/932fe94d63d348667003bc9c19263fe93723762a87d35561ca08ad7a38194e8d.html,2026-09-07T01:29:40.491220+00:00,,,,,,private-reference-only
sibre,https://www.sibre.de/es/bremsen/usb-5/,html,,30a7fb7c30e2dd4eb37e73bbbf2ffe92c49f57a0c5a39d22abe95bf0d1cc160a,sources/raw/sibre/30a7fb7c30e2dd4eb37e73bbbf2ffe92c49f57a0c5a39d22abe95bf0d1cc160a.html,2026-09-07T01:29:41.538408+00:00,,,,,,private-reference-only
sibre,https://www.sibre.de/fr/bremsen/usb-5/,html,,5c25659982679c9ca1f6e9bf757184e6ed8fc3f54a1813cbbf27ba333f04b965,sources/raw/sibre/5c25659982679c9ca1f6e9bf757184e6ed8fc3f54a1813cbbf27ba333f04b965.html,2026-09-07T01:29:42.573563+00:00,,,,,,private-reference-only
sibre,https://www.sibre.de/produkte/betriebsbremsen/,html,,c87417fc66a51031d447f6b18429c55a103a23c380a2be627df2474507f6de6c,sources/raw/sibre/c87417fc66a51031d447f6b18429c55a103a23c380a2be627df2474507f6de6c.html,2026-09-07T01:29:43.646351+00:00,,,,,,private-reference-only
sibre,https://www.sibre.de/ru/products/service-brakes-mining/,html,,db33fdad6d208fd3d75b622824b7ccc17e2ee38aa62aeef37f89adb4b2ea55ba,sources/raw/sibre/db33fdad6d208fd3d75b622824b7ccc17e2ee38aa62aeef37f89adb4b2ea55ba.html,2026-09-07T01:29:44.534111+00:00,,,,,,private-reference-only
sibre,https://www.sibre.de/es/productos/frenos-de-servicio-mining/,html,,7671e5f5ada3f3606a7cc41d43ce7291789f0f22abea26e8105973be27210538,sources/raw/sibre/7671e5f5ada3f3606a7cc41d43ce7291789f0f22abea26e8105973be27210538.html,2026-09-07T01:29:45.508899+00:00,,,,,,private-reference-only
sibre,https://www.sibre.de/en/bremsen/hydraulik-aggregate/,html,,2f1012d4e4a7264e3a1dbee941a459d77a6c204788831265ebaa746e755b23ea,sources/raw/sibre/2f1012d4e4a7264e3a1dbee941a459d77a6c204788831265ebaa746e755b23ea.html,2026-09-07T01:29:46.373428+00:00,,,,,,private-reference-only
sibre,https://www.sibre.de/en/products/safety-brakes-mining/,html,,5a7db18378c0bab6d6420ddf76f98e43694eae0c5ac747488c70bfb32d652b39,sources/raw/sibre/5a7db18378c0bab6d6420ddf76f98e43694eae0c5ac747488c70bfb32d652b39.html,2026-09-07T01:29:47.447642+00:00,,,,,,private-reference-only
sibre,https://www.sibre.de/bremsen/shi/,html,,6eb1e7a8232e00f2c6f3ed81d24851d5dca53d3e55252d3b6600bb1aab466a34,sources/raw/sibre/6eb1e7a8232e00f2c6f3ed81d24851d5dca53d3e55252d3b6600bb1aab466a34.html,2026-09-07T01:29:48.443693+00:00,,,,,,private-reference-only
sibre,https://www.sibre.de/ru/bremsen/shi/,html,,6666557d6649fb5c86aeb1a63a3534821e0ff3225ed85270f976be8c148bffc2,sources/raw/sibre/6666557d6649fb5c86aeb1a63a3534821e0ff3225ed85270f976be8c148bffc2.html,2026-09-07T01:29:49.519033+00:00,,,,,,private-reference-only
sibre,https://www.sibre.de/es/bremsen/shi/,html,,087f67a4daa92cd1257379d24a6a6407e147c236afd8347b5c0c89b85731c39a,sources/raw/sibre/087f67a4daa92cd1257379d24a6a6407e147c236afd8347b5c0c89b85731c39a.html,2026-09-07T01:29:50.645199+00:00,,,,,,private-reference-only
sibre,https://www.sibre.de/fr/bremsen/shi/,html,,f88279ad42aaef8b7f3c937600471c4dd77779a2063719e8b3b054b612bf7b57,sources/raw/sibre/f88279ad42aaef8b7f3c937600471c4dd77779a2063719e8b3b054b612bf7b57.html,2026-09-07T01:29:51.693851+00:00,,,,,,private-reference-only
sibre,https://www.sibre.de/en/bremsen/rb/,html,,586cec347ef4488f83c77a655d1ba54900a4aa5506c5498d75cf6f38dce2b55c,sources/raw/sibre/586cec347ef4488f83c77a655d1ba54900a4aa5506c5498d75cf6f38dce2b55c.html,2026-09-07T01:29:52.737162+00:00,,,,,,private-reference-only
sibre,https://www.sibre.de/en/bremsen/rhi/,html,,3be3adb295020d460c3d9380fd887ad98cfdf11a5d4c8dbae3173a4e0f916aee,sources/raw/sibre/3be3adb295020d460c3d9380fd887ad98cfdf11a5d4c8dbae3173a4e0f916aee.html,2026-09-07T01:29:53.674722+00:00,,,,,,private-reference-only
sibre,https://www.sibre.de/en/bremsen/rkb/,html,,5461fbc2822a350ec6e416e77572c1f5bd68fed19ce3b183e9e3d9f4911062b0,sources/raw/sibre/5461fbc2822a350ec6e416e77572c1f5bd68fed19ce3b183e9e3d9f4911062b0.html,2026-09-07T01:29:54.658263+00:00,,,,,,private-reference-only
sibre,https://www.sibre.de/en/bremsen/rps/,html,,f8a1d1430b20cde3dd66da6e751ef6a25e19c105e3daf024ac7c2b1d7644c1c7,sources/raw/sibre/f8a1d1430b20cde3dd66da6e751ef6a25e19c105e3daf024ac7c2b1d7644c1c7.html,2026-09-07T01:29:55.582912+00:00,,,,,,private-reference-only
sibre,https://www.sibre.de/en/bremsen/rtcb/,html,,ff7aa8b2eba717ad09166614c2475b60117ec676e9e84606382e53ab9a92b0fd,sources/raw/sibre/ff7aa8b2eba717ad09166614c2475b60117ec676e9e84606382e53ab9a92b0fd.html,2026-09-07T01:29:56.568635+00:00,,,,,,private-reference-only
sibre,https://www.sibre.de/produkte/sturmbremsen/,html,,0b9d56b3e9c48a34bd211d79d87373ee7d99f326a33601d00846bf4f8f0178e3,sources/raw/sibre/0b9d56b3e9c48a34bd211d79d87373ee7d99f326a33601d00846bf4f8f0178e3.html,2026-09-07T01:29:57.607556+00:00,,,,,,private-reference-only
sibre,https://www.sibre.de/ru/products/storm-brakes/,html,,dfb51e0522648c88d688152ebc8dd25bbb51da4d6df9dbdb5c7e8662d5ddbc40,sources/raw/sibre/dfb51e0522648c88d688152ebc8dd25bbb51da4d6df9dbdb5c7e8662d5ddbc40.html,2026-09-07T01:29:58.503408+00:00,,,,,,private-reference-only
sibre,https://www.sibre.de/es/productos/frenos-de-tormenta/,html,,43a50fd6d0e73973199cf3d90f9ff60a537042e6f1d3e85252db5e8c76ced00f,sources/raw/sibre/43a50fd6d0e73973199cf3d90f9ff60a537042e6f1d3e85252db5e8c76ced00f.html,2026-09-07T01:29:59.535523+00:00,,,,,,private-reference-only
sibre,https://www.sibre.de/en/bremsen/abc-v/,html,,2980dee975e67a479002b62f19d1c78fca43918643cb9abfac87bf271dd323ad,sources/raw/sibre/2980dee975e67a479002b62f19d1c78fca43918643cb9abfac87bf271dd323ad.html,2026-09-07T01:30:00.526659+00:00,,,,,,private-reference-only
sibre,https://www.sibre.de/en/bremsen/afc-90/,html,,e18e66f8ae2c86d68e5c16cd8b651bf242f63fba4599a34a03645aa06395c4d9,sources/raw/sibre/e18e66f8ae2c86d68e5c16cd8b651bf242f63fba4599a34a03645aa06395c4d9.html,2026-09-07T01:30:01.616414+00:00,,,,,,private-reference-only
sibre,https://www.sibre.de/ru/products/couplings/,html,,0bae7b5f17004c1d35dc233212795bf06a821c59ef68387cacbf8f6ffd699ba7,sources/raw/sibre/0bae7b5f17004c1d35dc233212795bf06a821c59ef68387cacbf8f6ffd699ba7.html,2026-09-07T01:30:02.825544+00:00,,,,,,private-reference-only
sibre,https://www.sibre.de/es/productos/acoplamientos/,html,,d53a3f0316dbb70db1cf10973bc87b85ee7066faa1ac1c62b8f6ad1c61ac2d61,sources/raw/sibre/d53a3f0316dbb70db1cf10973bc87b85ee7066faa1ac1c62b8f6ad1c61ac2d61.html,2026-09-07T01:30:03.784398+00:00,,,,,,private-reference-only
sibre,https://www.sibre.de/bremsen/kranpuffer/,html,,2c26b6f1cfda546dd90d6ee7c1c9a4bb560c3f0a531488d44b662b663155d428,sources/raw/sibre/2c26b6f1cfda546dd90d6ee7c1c9a4bb560c3f0a531488d44b662b663155d428.html,2026-09-07T01:30:04.717944+00:00,,,,,,private-reference-only
sibre,https://www.sibre.de/ru/bremsen/buffers/,html,,163edeff875ae1d78d1cc0a28c8dfc4684a6e9fce3be86f7956520bf6864df1c,sources/raw/sibre/163edeff875ae1d78d1cc0a28c8dfc4684a6e9fce3be86f7956520bf6864df1c.html,2026-09-07T01:30:05.581561+00:00,,,,,,private-reference-only
sibre,https://www.sibre.de/es/bremsen/amortiguadores/,html,,095530ad19378c2e2f34343b854f6ba6aa21ce31ba9952cd7b776d79496cd33e,sources/raw/sibre/095530ad19378c2e2f34343b854f6ba6aa21ce31ba9952cd7b776d79496cd33e.html,2026-09-07T01:30:06.494641+00:00,,,,,,private-reference-only
sibre,https://www.sibre.de/fr/bremsen/buttes/,html,,6cdc49636605c55155283e7895a16f27d9bbeb6245c919e776d299d142e75b90,sources/raw/sibre/6cdc49636605c55155283e7895a16f27d9bbeb6245c919e776d299d142e75b90.html,2026-09-07T01:30:07.608612+00:00,,,,,,private-reference-only
sibre,https://www.sibre.de/ru/products/crane-wheels/,html,,38113c36d1f8eb3558d5868d285a7ddcba11128374fd2f13537255c351ea8c2f,sources/raw/sibre/38113c36d1f8eb3558d5868d285a7ddcba11128374fd2f13537255c351ea8c2f.html,2026-09-07T01:30:08.520815+00:00,,,,,,private-reference-only
sibre,https://www.sibre.de/es/productos/ruedas-de-grua/,html,,38113c36d1f8eb3558d5868d285a7ddcba11128374fd2f13537255c351ea8c2f,sources/raw/sibre/38113c36d1f8eb3558d5868d285a7ddcba11128374fd2f13537255c351ea8c2f.html,2026-09-07T01:30:09.084763+00:00,,,,,,private-reference-only
sibre,https://www.sibre.de/en/branchen/container-handling/service-brakes/,html,,3d6006176e14394187031f8bd57bb3169691219575d27d2913d557d6f9634a30,sources/raw/sibre/3d6006176e14394187031f8bd57bb3169691219575d27d2913d557d6f9634a30.html,2026-09-07T01:30:10.017843+00:00,,,,,,private-reference-only
sibre,https://www.sibre.de/bremsen/kompakt-cb8-cb6/,html,,9510f53bcda9bb68dc06c373870f84eac02cdc2976473cdc49518958e36af50a,sources/raw/sibre/9510f53bcda9bb68dc06c373870f84eac02cdc2976473cdc49518958e36af50a.html,2026-09-07T01:30:10.861657+00:00,,,,,,private-reference-only
sibre,https://www.sibre.de/ru/bremsen/kompakt-cb8-cb6/,html,,6a6656a24407914d22debb059a5b357cea7eb7e548d28cc544f5bb9b1dd26f9e,sources/raw/sibre/6a6656a24407914d22debb059a5b357cea7eb7e548d28cc544f5bb9b1dd26f9e.html,2026-09-07T01:30:11.805064+00:00,,,,,,private-reference-only
sibre,https://www.sibre.de/es/bremsen/kompakt-cb8-cb6/,html,,9347d3dee6654ef431363b57f60dffed824d906818e5891ff57e086bc23d9898,sources/raw/sibre/9347d3dee6654ef431363b57f60dffed824d906818e5891ff57e086bc23d9898.html,2026-09-07T01:30:13.028469+00:00,,,,,,private-reference-only
sibre,https://www.sibre.de/fr/bremsen/kompakt-cb8-cb6/,html,,8f53399d28bd114b2931426baed69dd20db30cac61c98bf08894064b31f2b749,sources/raw/sibre/8f53399d28bd114b2931426baed69dd20db30cac61c98bf08894064b31f2b749.html,2026-09-07T01:30:14.112418+00:00,,,,,,private-reference-only
sibre,https://www.sibre.de/bremsen/typ-te/,html,,728c10d6b586dcd5983ec22d6237467498a94fd9cd71e1938d32ade9f7411767,sources/raw/sibre/728c10d6b586dcd5983ec22d6237467498a94fd9cd71e1938d32ade9f7411767.html,2026-09-07T01:30:15.203870+00:00,,,,,,private-reference-only
sibre,https://www.sibre.de/ru/bremsen/typ-te/,html,,d81c8585c81e665c955ef68a329c7ca410ffe4a1ff33eeaee642e00725da026e,sources/raw/sibre/d81c8585c81e665c955ef68a329c7ca410ffe4a1ff33eeaee642e00725da026e.html,2026-09-07T01:30:16.288281+00:00,,,,,,private-reference-only
sibre,https://www.sibre.de/es/bremsen/typ-te/,html,,20d5ef156bf99d65538e1a6ce81e54c3f9e098e4a5dc21afc13db8de6d4b7188,sources/raw/sibre/20d5ef156bf99d65538e1a6ce81e54c3f9e098e4a5dc21afc13db8de6d4b7188.html,2026-09-07T01:30:17.422112+00:00,,,,,,private-reference-only
sibre,https://www.sibre.de/fr/bremsen/typ-te/,html,,e32d3259bd0bf2de1deb35fcbb44c2748c2dac714901933fd3830ef63927aca8,sources/raw/sibre/e32d3259bd0bf2de1deb35fcbb44c2748c2dac714901933fd3830ef63927aca8.html,2026-09-07T01:30:18.595353+00:00,,,,,,private-reference-only
sibre,https://www.sibre.de/bremsen/texu/,html,,130c073cecf571e7dd071815ac99386f247d502910289713e5fe5dd857081098,sources/raw/sibre/130c073cecf571e7dd071815ac99386f247d502910289713e5fe5dd857081098.html,2026-09-07T01:30:19.866599+00:00,,,,,,private-reference-only
sibre,https://www.sibre.de/ru/bremsen/texu/,html,,926abbec2debccdd1604451b8a161e79f28666799cd1e8574f43ee6f38c0f975,sources/raw/sibre/926abbec2debccdd1604451b8a161e79f28666799cd1e8574f43ee6f38c0f975.html,2026-09-07T01:30:20.883614+00:00,,,,,,private-reference-only
sibre,https://www.sibre.de/es/bremsen/texu/,html,,2abba3f7ede0deadaa60c793f5161b2886a1ab5942f3cad8ba2da23aab3fb9a2,sources/raw/sibre/2abba3f7ede0deadaa60c793f5161b2886a1ab5942f3cad8ba2da23aab3fb9a2.html,2026-09-07T01:30:21.831482+00:00,,,,,,private-reference-only
sibre,https://www.sibre.de/fr/bremsen/texu/,html,,f768bb333058085adaa704c7a2cb64eafe14a7ce76f54ec7612cabbdcf137b83,sources/raw/sibre/f768bb333058085adaa704c7a2cb64eafe14a7ce76f54ec7612cabbdcf137b83.html,2026-09-07T01:30:22.724637+00:00,,,,,,private-reference-only
sibre,https://www.sibre.de/fr/produits/freins-de-service-mining/,html,,485734075309425d89f9a317b3acd1ca4603c0d1033ab4afd3cba0ce638ebc44,sources/raw/sibre/485734075309425d89f9a317b3acd1ca4603c0d1033ab4afd3cba0ce638ebc44.html,2026-09-07T01:30:23.672700+00:00,,,,,,private-reference-only
sibre,https://www.sibre.de/fr/produits/freins-de-rails/,html,,3549dcfe3d9496a37ba0480ff74db4a1279a4d7eacd5994430e7faa9680bb5be,sources/raw/sibre/3549dcfe3d9496a37ba0480ff74db4a1279a4d7eacd5994430e7faa9680bb5be.html,2026-09-07T01:30:24.661964+00:00,,,,,,private-reference-only
sibre,https://www.sibre.de/bremsen/hydraulik-aggregate/,html,,b8f9d65995a61d1a255a12f125d52ec0f7fcaaf8a428d7b44ae51bbbc04335d6,sources/raw/sibre/b8f9d65995a61d1a255a12f125d52ec0f7fcaaf8a428d7b44ae51bbbc04335d6.html,2026-09-07T01:30:25.563135+00:00,,,,,,private-reference-only
sibre,https://www.sibre.de/ru/bremsen/hydraulik-aggregate/,html,,2ecb04ace9b03c2d1f8b268470bcbf546f696f96f2bc3c2ac737b6e2e28e5637,sources/raw/sibre/2ecb04ace9b03c2d1f8b268470bcbf546f696f96f2bc3c2ac737b6e2e28e5637.html,2026-09-07T01:30:26.463944+00:00,,,,,,private-reference-only
sibre,https://www.sibre.de/es/bremsen/hydraulik-aggregate/,html,,b2a334d6a5b350073d67ae90e017e823b389a7e9d8b70528d07d45ad451dd471,sources/raw/sibre/b2a334d6a5b350073d67ae90e017e823b389a7e9d8b70528d07d45ad451dd471.html,2026-09-07T01:30:27.474743+00:00,,,,,,private-reference-only
sibre,https://www.sibre.de/fr/bremsen/hydraulik-aggregate/,html,,dd136cfaf95ff03ca6a2addb5ec570c0454d58a630d90aa1649d238162ee5cdc,sources/raw/sibre/dd136cfaf95ff03ca6a2addb5ec570c0454d58a630d90aa1649d238162ee5cdc.html,2026-09-07T01:30:28.418670+00:00,,,,,,private-reference-only
sibre,https://www.sibre.de/produkte/sicherheitsbremsen/,html,,a79099467f34d04a99f07ded9bbef6859401a85000e7d11e04a3b2df788935aa,sources/raw/sibre/a79099467f34d04a99f07ded9bbef6859401a85000e7d11e04a3b2df788935aa.html,2026-09-07T01:30:29.373590+00:00,,,,,,private-reference-only
sibre,https://www.sibre.de/ru/products/safety-brakes-mining/,html,,a533d83f1a6ee9e932e6ca824166fbad49600239d853bfc2f6bc6840ac53f7e0,sources/raw/sibre/a533d83f1a6ee9e932e6ca824166fbad49600239d853bfc2f6bc6840ac53f7e0.html,2026-09-07T01:30:30.249894+00:00,,,,,,private-reference-only
sibre,https://www.sibre.de/es/productos/frenos-de-emergencia-mining/,html,,67333448ed9ceb961099f891373d69a0a085e6ee20c524488d944df2b7ac207f,sources/raw/sibre/67333448ed9ceb961099f891373d69a0a085e6ee20c524488d944df2b7ac207f.html,2026-09-07T01:30:31.094401+00:00,,,,,,private-reference-only
sibre,https://www.sibre.de/bremsen/rb/,html,,66c89bf77290c99a82efda06b5dfa2755ce34f0d72a3379e2da914d26ffd5577,sources/raw/sibre/66c89bf77290c99a82efda06b5dfa2755ce34f0d72a3379e2da914d26ffd5577.html,2026-09-07T01:30:31.981086+00:00,,,,,,private-reference-only
sibre,https://www.sibre.de/ru/bremsen/rb/,html,,a1748ef3f575d52a450dd51b8c6f0b0b76414fbc7cf0774068d4bb4ee0574064,sources/raw/sibre/a1748ef3f575d52a450dd51b8c6f0b0b76414fbc7cf0774068d4bb4ee0574064.html,2026-09-07T01:30:32.990008+00:00,,,,,,private-reference-only
sibre,https://www.sibre.de/es/bremsen/rb/,html,,aea5ba35a15a7ab06f594ac5976f59a267f83a9bbd847d63f2f5b94c38e5251d,sources/raw/sibre/aea5ba35a15a7ab06f594ac5976f59a267f83a9bbd847d63f2f5b94c38e5251d.html,2026-09-07T01:30:33.969313+00:00,,,,,,private-reference-only
sibre,https://www.sibre.de/fr/bremsen/rb/,html,,d628ccf24952a7d53ddef1cd7d36f9d43619ae258ccaf9ef76173796c8e42c91,sources/raw/sibre/d628ccf24952a7d53ddef1cd7d36f9d43619ae258ccaf9ef76173796c8e42c91.html,2026-09-07T01:30:35.001166+00:00,,,,,,private-reference-only
sibre,https://www.sibre.de/bremsen/rhi/,html,,ecb6d1b713a855cce3ec622828daaa47618994acd2b638f08f7c7f3ae15f771f,sources/raw/sibre/ecb6d1b713a855cce3ec622828daaa47618994acd2b638f08f7c7f3ae15f771f.html,2026-09-07T01:30:35.947204+00:00,,,,,,private-reference-only
stromag,https://www.stromag.com/-/media/Project/Altramotion/shared/files/Literature/brand/stromag/catalogs/mcc-p-8518-sg-en-a4-web.pdf?rev=d1104cc1554a466487df155561b85270,pdf,,d0320fa92a53d3f2b8424ad6154be1e5a25037e96734d79ca4803395351c8f51,sources/raw/stromag/d0320fa92a53d3f2b8424ad6154be1e5a25037e96734d79ca4803395351c8f51.pdf,2026-09-07T01:26:22.304828+00:00,,Revision number,unreviewed candidate,200,parsed,private-reference-only
stromag,https://www.altraliterature.com/brand/stromag/catalogs,html,,eff6d4988b4d038d75885d696cced55ee1b17eebf78f298df251c9a23a152dc5,sources/raw/stromag/eff6d4988b4d038d75885d696cced55ee1b17eebf78f298df251c9a23a152dc5.html,2026-09-07T01:28:57.576433+00:00,,,,,,private-reference-only
stromag,https://www.altraliterature.com/brand/stromag/brochures,html,,3c03bfeea0e855cf30ae042d48a1177d5365cdf98dc1beb1270fe6bbc3acbf7d,sources/raw/stromag/3c03bfeea0e855cf30ae042d48a1177d5365cdf98dc1beb1270fe6bbc3acbf7d.html,2026-09-07T01:28:58.451552+00:00,,,,,,private-reference-only
stromag,https://www.altraliterature.com/brand/stromag/application-profiles,html,,fc3af2988f8a040495cd736d7f12ab17e6eb73e457c34ad91f30ca597af489b6,sources/raw/stromag/fc3af2988f8a040495cd736d7f12ab17e6eb73e457c34ad91f30ca597af489b6.html,2026-09-07T01:28:59.351076+00:00,,,,,,private-reference-only
stromag,https://www.altraliterature.com/brand/stromag/articles,html,,d5ff2b9583eee277ea8687090f9d707a9a168addbc90ad2cc64be14ac144d47c,sources/raw/stromag/d5ff2b9583eee277ea8687090f9d707a9a168addbc90ad2cc64be14ac144d47c.html,2026-09-07T01:29:00.025280+00:00,,,,,,private-reference-only
stromag,https://www.altraliterature.com/brand/stromag/innovation-spotlights,html,,517e250162119944226804c285a05e0dcf2f2c92efc93a7b273a1eb4f4daf16a,sources/raw/stromag/517e250162119944226804c285a05e0dcf2f2c92efc93a7b273a1eb4f4daf16a.html,2026-09-07T01:29:00.397939+00:00,,,,,,private-reference-only
stromag,https://www.altraliterature.com/brand/stromag/certificates,html,,e62d3545c0d05d41a6f745ee93d9030a648c94fdedaf8417f9e4827aabd86050,sources/raw/stromag/e62d3545c0d05d41a6f745ee93d9030a648c94fdedaf8417f9e4827aabd86050.html,2026-09-07T01:29:00.720270+00:00,,,,,,private-reference-only
stromag,https://www.altraliterature.com/brand/stromag/forms,html,,18b4fc26035ecc34d5273ec171de8fa256ab4a755be306db58e1a94528915a20,sources/raw/stromag/18b4fc26035ecc34d5273ec171de8fa256ab4a755be306db58e1a94528915a20.html,2026-09-07T01:29:01.089302+00:00,,,,,,private-reference-only
svendborg,https://www.svendborg-brakes.com/products/,html,,8b495e9e62d4240da834e2eb7909d7f9b2fbb787ef0624562838db27d483559c,sources/raw/svendborg/8b495e9e62d4240da834e2eb7909d7f9b2fbb787ef0624562838db27d483559c.html,2026-09-07T01:26:21.773227+00:00,,,,,,private-reference-only
svendborg,https://svendborg-brakes.com/media/enuo1zu4/product-catalogue.pdf,pdf,,e8078a73e7e4072d7daf7dc7cedacb33a8ed228c2bc1551d9f0d838293e43b59,sources/raw/svendborg/e8078a73e7e4072d7daf7dc7cedacb33a8ed228c2bc1551d9f0d838293e43b59.pdf,2026-09-07T01:26:23.042108+00:00,,,not identified,112,parsed,private-reference-only
svendborg,https://www.svendborg-brakes.com/media/jihl2vom/superior-braking-solutions_svendborg-brakes.pdf,pdf,,389966eb3fef11e85c1c8cc83fe9f5778c9757eae0144ca057d6d7d50137e06d,sources/raw/svendborg/389966eb3fef11e85c1c8cc83fe9f5778c9757eae0144ca057d6d7d50137e06d.pdf,2026-09-07T01:26:25.662895+00:00,,,not identified,2,parsed,private-reference-only
svendborg,https://www.svendborg-brakes.com/,html,,99f2d74b5a6bd387b176b73d6ec709b8b2e9e7f357fe9886521c4916b653de87,sources/raw/svendborg/99f2d74b5a6bd387b176b73d6ec709b8b2e9e7f357fe9886521c4916b653de87.html,2026-09-07T01:26:26.856930+00:00,,,,,,private-reference-only
svendborg,https://www.svendborg-brakes.com/services/,html,,a2a2620396fd352acbe75051e1489a684332ac143a86232d79d959dea2a5ef6d,sources/raw/svendborg/a2a2620396fd352acbe75051e1489a684332ac143a86232d79d959dea2a5ef6d.html,2026-09-07T01:26:27.401190+00:00,,,,,,private-reference-only
svendborg,https://www.svendborg-brakes.com/services/design/,html,,6a07ba07962865ff8e18bb65d2c4662f0b37f5ea5f6bee1a21d095d99baa0356,sources/raw/svendborg/6a07ba07962865ff8e18bb65d2c4662f0b37f5ea5f6bee1a21d095d99baa0356.html,2026-09-07T01:26:27.736803+00:00,,,,,,private-reference-only
svendborg,https://www.svendborg-brakes.com/services/products/,html,,8e82ce27486de8fa1b0e796766b632b8d91214a2db34a70ad8861d08572f02a4,sources/raw/svendborg/8e82ce27486de8fa1b0e796766b632b8d91214a2db34a70ad8861d08572f02a4.html,2026-09-07T01:26:28.043160+00:00,,,,,,private-reference-only
svendborg,https://www.svendborg-brakes.com/services/supply-chain/,html,,7f136c5fcc2e2865578d22c4db8cf3bd0f3396fadd73e4539cec9d7a739a42da,sources/raw/svendborg/7f136c5fcc2e2865578d22c4db8cf3bd0f3396fadd73e4539cec9d7a739a42da.html,2026-09-07T01:26:28.422186+00:00,,,,,,private-reference-only
svendborg,https://www.svendborg-brakes.com/services/aftermarket/,html,,43886e71d35fa8ef0e9534d17798e7888362fcc2a62382468c6962c926f04f82,sources/raw/svendborg/43886e71d35fa8ef0e9534d17798e7888362fcc2a62382468c6962c926f04f82.html,2026-09-07T01:26:28.762390+00:00,,,,,,private-reference-only
svendborg,https://www.svendborg-brakes.com/services/aftermarket/roadshow/,html,,3709d1565ad8a86b41c7e62fdf992eb848fb7937d300e97e36f0c86a62b3e740,sources/raw/svendborg/3709d1565ad8a86b41c7e62fdf992eb848fb7937d300e97e36f0c86a62b3e740.html,2026-09-07T01:26:29.123503+00:00,,,,,,private-reference-only
svendborg,https://www.svendborg-brakes.com/services/aftermarket/service-support/,html,,ccd1aedc70fed7d097d07f99d4dc0d9a244a175d9f06a96f4ab760da5afe529a,sources/raw/svendborg/ccd1aedc70fed7d097d07f99d4dc0d9a244a175d9f06a96f4ab760da5afe529a.html,2026-09-07T01:26:29.523063+00:00,,,,,,private-reference-only
svendborg,https://www.svendborg-brakes.com/services/aftermarket/genuine-parts/,html,,5d98065539d4e0ff587ffaee94015e85d4b978605969538eed4088ce1af5a671,sources/raw/svendborg/5d98065539d4e0ff587ffaee94015e85d4b978605969538eed4088ce1af5a671.html,2026-09-07T01:26:29.878393+00:00,,,,,,private-reference-only
svendborg,https://www.svendborg-brakes.com/services/aftermarket/authentication/,html,,c702a2fbd91d394b66e6e2687aee4c9bf7d54c9c81f6d8484eda2fac363fe368,sources/raw/svendborg/c702a2fbd91d394b66e6e2687aee4c9bf7d54c9c81f6d8484eda2fac363fe368.html,2026-09-07T01:26:30.221919+00:00,,,,,,private-reference-only
svendborg,https://www.svendborg-brakes.com/services/aftermarket/service-tools/,html,,337d918f82c82193cb9dfdc64fcea16a6401b5f18d552b91ed89b65d63402551,sources/raw/svendborg/337d918f82c82193cb9dfdc64fcea16a6401b5f18d552b91ed89b65d63402551.html,2026-09-07T01:26:30.554766+00:00,,,,,,private-reference-only
svendborg,https://www.svendborg-brakes.com/services/aftermarket/yaw-disc-resurfacing/,html,,b2cbe0c75ba66d4ff2d75e828cdb987ba408e7947c200afc18bcf233da1b51d1,sources/raw/svendborg/b2cbe0c75ba66d4ff2d75e828cdb987ba408e7947c200afc18bcf233da1b51d1.html,2026-09-07T01:26:30.887493+00:00,,,,,,private-reference-only
svendborg,https://www.svendborg-brakes.com/services/aftermarket/green-friction-material/,html,,d193ab78ac3ddbbbc33394ac3cb3de04b21fb3c8ac911ac383351780f3a572e9,sources/raw/svendborg/d193ab78ac3ddbbbc33394ac3cb3de04b21fb3c8ac911ac383351780f3a572e9.html,2026-09-07T01:26:31.216069+00:00,,,,,,private-reference-only
svendborg,https://www.svendborg-brakes.com/services/aftermarket/buy-online/,html,,c788ad26b9b908a3d7fe263f796ab7d305dd5f546d1950d0bbc87c444abbffa8,sources/raw/svendborg/c788ad26b9b908a3d7fe263f796ab7d305dd5f546d1950d0bbc87c444abbffa8.html,2026-09-07T01:26:31.553484+00:00,,,,,,private-reference-only
svendborg,https://www.svendborg-brakes.com/services/aftermarket/service-support-app/,html,,8eae9541378cba37ec44c2d52d8e797fac8bbdf22f95fb000407b654ecf1fd00,sources/raw/svendborg/8eae9541378cba37ec44c2d52d8e797fac8bbdf22f95fb000407b654ecf1fd00.html,2026-09-07T01:26:31.880454+00:00,,,,,,private-reference-only
svendborg,https://www.svendborg-brakes.com/markets/,html,,4b1e3d18d9175c6122cbe02cef097a3eb129c2223002b4a19a45bee10f234f4d,sources/raw/svendborg/4b1e3d18d9175c6122cbe02cef097a3eb129c2223002b4a19a45bee10f234f4d.html,2026-09-07T01:26:32.200914+00:00,,,,,,private-reference-only
svendborg,https://www.svendborg-brakes.com/markets/wind/,html,,1302261e4d3ef89af60d5abfa426bf422587b5919fe5dd94e6afad493ef49c07,sources/raw/svendborg/1302261e4d3ef89af60d5abfa426bf422587b5919fe5dd94e6afad493ef49c07.html,2026-09-07T01:26:32.543295+00:00,,,,,,private-reference-only
svendborg,https://www.svendborg-brakes.com/markets/mining/,html,,8de0db758de99d1ef14e230999332cdb83d863d0c4a80a7be794f119d435f2ea,sources/raw/svendborg/8de0db758de99d1ef14e230999332cdb83d863d0c4a80a7be794f119d435f2ea.html,2026-09-07T01:26:32.864245+00:00,,,,,,private-reference-only
svendborg,https://www.svendborg-brakes.com/markets/container-handling/,html,,99c4899d7df4ae3827211c0cecc3d82873994b80bff847443c0ab9f8fc80c27f,sources/raw/svendborg/99c4899d7df4ae3827211c0cecc3d82873994b80bff847443c0ab9f8fc80c27f.html,2026-09-07T01:26:33.211269+00:00,,,,,,private-reference-only
svendborg,https://www.svendborg-brakes.com/markets/container-handling/brakes/,html,,291c6996802a62bf5ba66251cb2640eab2ca41e1235082fbb6e78b417b73b975,sources/raw/svendborg/291c6996802a62bf5ba66251cb2640eab2ca41e1235082fbb6e78b417b73b975.html,2026-09-07T01:26:33.531738+00:00,,,,,,private-reference-only
svendborg,https://www.svendborg-brakes.com/markets/container-handling/hydraulic-power-units/,html,,17577eeb7e9e5c84db627a837057ee330c39c5aa8c6d4cc4e4e76bfca3b1f679,sources/raw/svendborg/17577eeb7e9e5c84db627a837057ee330c39c5aa8c6d4cc4e4e76bfca3b1f679.html,2026-09-07T01:26:33.862205+00:00,,,,,,private-reference-only
svendborg,https://www.svendborg-brakes.com/markets/container-handling/controlled-braking/,html,,f9c2f18f6af94a53a97ce54c676842d395e39c892c5dc0c4d84551d24202b723,sources/raw/svendborg/f9c2f18f6af94a53a97ce54c676842d395e39c892c5dc0c4d84551d24202b723.html,2026-09-07T01:26:34.196221+00:00,,,,,,private-reference-only
svendborg,https://www.svendborg-brakes.com/markets/container-handling/monitoring/,html,,aadd90baed519657244819d8c7322eec4af803c8c6b8abb24fd91a1fedd4d4da,sources/raw/svendborg/aadd90baed519657244819d8c7322eec4af803c8c6b8abb24fd91a1fedd4d4da.html,2026-09-07T01:26:34.529263+00:00,,,,,,private-reference-only
svendborg,https://www.svendborg-brakes.com/markets/container-handling/braking-simulator/,html,,66ebf11075e8d6cb7d859b5e48d2a0eab564329f45abb3130c75668d53deb9a5,sources/raw/svendborg/66ebf11075e8d6cb7d859b5e48d2a0eab564329f45abb3130c75668d53deb9a5.html,2026-09-07T01:26:34.877633+00:00,,,,,,private-reference-only
svendborg,https://www.svendborg-brakes.com/markets/container-handling/barrel-couplings/,html,,f647088a73fcd30f0980e0ae42f52c2c683f4a2dd2a27d0e71b35d56774bf035,sources/raw/svendborg/f647088a73fcd30f0980e0ae42f52c2c683f4a2dd2a27d0e71b35d56774bf035.html,2026-09-07T01:26:35.217765+00:00,,,,,,private-reference-only
svendborg,https://www.svendborg-brakes.com/markets/container-handling/discs-couplings/,html,,bb86bd3f77cf8e7b22a1a9fa9302c68509489954d86e55fc29402eef86e404f4,sources/raw/svendborg/bb86bd3f77cf8e7b22a1a9fa9302c68509489954d86e55fc29402eef86e404f4.html,2026-09-07T01:26:35.545578+00:00,,,,,,private-reference-only
svendborg,https://www.svendborg-brakes.com/markets/container-handling/buffers/,html,,19f8c8cca02904dc4c1e88bcfb4ba7776a36c0702cfa7a6c1eccd722592363f9,sources/raw/svendborg/19f8c8cca02904dc4c1e88bcfb4ba7776a36c0702cfa7a6c1eccd722592363f9.html,2026-09-07T01:26:35.867281+00:00,,,,,,private-reference-only
svendborg,https://www.svendborg-brakes.com/markets/container-handling/limit-switches/,html,,7796f9a439f793183d6b81f48a881c316137ba39a599bab5c4a30caeb1921a58,sources/raw/svendborg/7796f9a439f793183d6b81f48a881c316137ba39a599bab5c4a30caeb1921a58.html,2026-09-07T01:26:36.221190+00:00,,,,,,private-reference-only
svendborg,https://www.svendborg-brakes.com/markets/container-handling/other-products/,html,,abf4f6f73488b573e129bd9b174863663b2f69600bc4db486617762232f4950e,sources/raw/svendborg/abf4f6f73488b573e129bd9b174863663b2f69600bc4db486617762232f4950e.html,2026-09-07T01:26:36.541201+00:00,,,,,,private-reference-only
svendborg,https://www.svendborg-brakes.com/markets/container-handling/tailor-made-solutions/,html,,a7247fe5377deb046f1f65d2297d218cdcbda191029281f430752e8ebd8465a8,sources/raw/svendborg/a7247fe5377deb046f1f65d2297d218cdcbda191029281f430752e8ebd8465a8.html,2026-09-07T01:26:36.870253+00:00,,,,,,private-reference-only
svendborg,https://www.svendborg-brakes.com/markets/container-handling/aftermarket/,html,,40d068bf274f510f274df0441c25e4b72af5d6ff3ccc140c059a7b9329666ac8,sources/raw/svendborg/40d068bf274f510f274df0441c25e4b72af5d6ff3ccc140c059a7b9329666ac8.html,2026-09-07T01:26:37.197443+00:00,,,,,,private-reference-only
svendborg,https://www.svendborg-brakes.com/markets/oil-gas/,html,,ce2cdaa9510bfb377886b02bbcdb37fa62d9b6bcdfcb58161ec70a0947b75653,sources/raw/svendborg/ce2cdaa9510bfb377886b02bbcdb37fa62d9b6bcdfcb58161ec70a0947b75653.html,2026-09-07T01:26:37.573974+00:00,,,,,,private-reference-only
svendborg,https://www.svendborg-brakes.com/markets/marine/,html,,83964bbd4692fde035cd0c1f895eda02987d6421895f694b00132cd4bc68fbde,sources/raw/svendborg/83964bbd4692fde035cd0c1f895eda02987d6421895f694b00132cd4bc68fbde.html,2026-09-07T01:26:37.936230+00:00,,,,,,private-reference-only
svendborg,https://www.svendborg-brakes.com/markets/hydro/,html,,cc3155f7cac7e497c0831dbad3686471810157ebb84ab1ed9b904bc9ec59cc8d,sources/raw/svendborg/cc3155f7cac7e497c0831dbad3686471810157ebb84ab1ed9b904bc9ec59cc8d.html,2026-09-07T01:26:38.257195+00:00,,,,,,private-reference-only
svendborg,https://www.svendborg-brakes.com/markets/tidal/,html,,c2e6927b7a19d727b913af2a7b31fa74c033965297ee1d5b35e289e57ac2d2ad,sources/raw/svendborg/c2e6927b7a19d727b913af2a7b31fa74c033965297ee1d5b35e289e57ac2d2ad.html,2026-09-07T01:26:38.590817+00:00,,,,,,private-reference-only
svendborg,https://www.svendborg-brakes.com/markets/other/,html,,752421eb931ebafd2f6e8f347b8e51f25a7d3e0e2f3573d73de523ff326bdcab,sources/raw/svendborg/752421eb931ebafd2f6e8f347b8e51f25a7d3e0e2f3573d73de523ff326bdcab.html,2026-09-07T01:26:38.917270+00:00,,,,,,private-reference-only
svendborg,https://www.svendborg-brakes.com/products/hydraulic-brakes/,html,,6d4aa977480748d22acc41647a0a2ecf7bd8db8c302bbc3aec52f497a995fbde,sources/raw/svendborg/6d4aa977480748d22acc41647a0a2ecf7bd8db8c302bbc3aec52f497a995fbde.html,2026-09-07T01:26:39.239092+00:00,,,,,,private-reference-only
svendborg,https://www.svendborg-brakes.com/products/hydraulic-brakes/active-brakes/,html,,43e07ac60bf929806f132ec34082364e1c581281a077ec533d76e7d231e1a7de,sources/raw/svendborg/43e07ac60bf929806f132ec34082364e1c581281a077ec533d76e7d231e1a7de.html,2026-09-07T01:26:39.602551+00:00,,,,,,private-reference-only
svendborg,https://www.svendborg-brakes.com/products/hydraulic-brakes/failsafe-brakes/,html,,d6a891994272600942498359b35fac563726767d4a9d1f84c60212b7714de96f,sources/raw/svendborg/d6a891994272600942498359b35fac563726767d4a9d1f84c60212b7714de96f.html,2026-09-07T01:26:39.987119+00:00,,,,,,private-reference-only
svendborg,https://www.svendborg-brakes.com/products/hydraulic-power-units/,html,,bd9a6afd3938194363d39db2fd2c48430f4c3030485e4fe904efa99ce96f4441,sources/raw/svendborg/bd9a6afd3938194363d39db2fd2c48430f4c3030485e4fe904efa99ce96f4441.html,2026-09-07T01:26:40.329167+00:00,,,,,,private-reference-only
svendborg,https://www.svendborg-brakes.com/products/brake-pads/,html,,e5dcea418630a13bdde4b92cb87d9adc81f073ec1d4f41298276da0294d019f9,sources/raw/svendborg/e5dcea418630a13bdde4b92cb87d9adc81f073ec1d4f41298276da0294d019f9.html,2026-09-07T01:26:40.689163+00:00,,,,,,private-reference-only
svendborg,https://www.svendborg-brakes.com/products/brake-pads/brake-pads-organic/,html,,98fac1db5108f0ee88578e8f1358d859d7353cd293fa6b8ba6e8901369387c15,sources/raw/svendborg/98fac1db5108f0ee88578e8f1358d859d7353cd293fa6b8ba6e8901369387c15.html,2026-09-07T01:26:41.178853+00:00,,,,,,private-reference-only
svendborg,https://www.svendborg-brakes.com/products/brake-pads/brake-pads-sinter/,html,,c617bcc09b7f2d8671dbc61b069f33b3a10bec509dd064d308167aaa1fbf7be0,sources/raw/svendborg/c617bcc09b7f2d8671dbc61b069f33b3a10bec509dd064d308167aaa1fbf7be0.html,2026-09-07T01:26:41.575902+00:00,,,,,,private-reference-only
svendborg,https://www.svendborg-brakes.com/products/brake-pads/brake-pads-green-solution/,html,,0c654e90f01634c6244b1721fff880b31eb4b751ba74127504f72929339d5784,sources/raw/svendborg/0c654e90f01634c6244b1721fff880b31eb4b751ba74127504f72929339d5784.html,2026-09-07T01:26:41.945097+00:00,,,,,,private-reference-only
svendborg,https://www.svendborg-brakes.com/products/brake-pads/brake-pads-polymer/,html,,dba89a0f6b98512fe3191042d3f76c28832cd5b096f221ce73bfe2f38d5e53f9,sources/raw/svendborg/dba89a0f6b98512fe3191042d3f76c28832cd5b096f221ce73bfe2f38d5e53f9.html,2026-09-07T01:26:42.308837+00:00,,,,,,private-reference-only
svendborg,https://www.svendborg-brakes.com/products/connectivity/,html,,7d4028f88a6c51d58802a3f3682706d289982761ded29c9af366a951c3a9a433,sources/raw/svendborg/7d4028f88a6c51d58802a3f3682706d289982761ded29c9af366a951c3a9a433.html,2026-09-07T01:26:42.645626+00:00,,,,,,private-reference-only
svendborg,https://www.svendborg-brakes.com/products/connectivity/gateway/,html,,ab42f19b31f324fe4864953cbc7d12c0624745b981939e07b2d1c993230432a0,sources/raw/svendborg/ab42f19b31f324fe4864953cbc7d12c0624745b981939e07b2d1c993230432a0.html,2026-09-07T01:26:42.987623+00:00,,,,,,private-reference-only
svendborg,https://www.svendborg-brakes.com/products/connectivity/uccase/,html,,923b879cb329bf419840be90588eff60a6d9dc3808862eeeba6af3c2be1c9169,sources/raw/svendborg/923b879cb329bf419840be90588eff60a6d9dc3808862eeeba6af3c2be1c9169.html,2026-09-07T01:26:43.334593+00:00,,,,,,private-reference-only
svendborg,https://www.svendborg-brakes.com/products/connectivity/braking-controls/,html,,d2db7b6fd901678b2c12930b6edc4f93e8c3a170fe7248374876c2aa6931d8c3,sources/raw/svendborg/d2db7b6fd901678b2c12930b6edc4f93e8c3a170fe7248374876c2aa6931d8c3.html,2026-09-07T01:26:43.688937+00:00,,,,,,private-reference-only
svendborg,https://www.svendborg-brakes.com/products/braking-controls/,html,,2a372058ebe46c090d0d49e2d9c00c69003f2ecadf7fdcb91394167c0922c710,sources/raw/svendborg/2a372058ebe46c090d0d49e2d9c00c69003f2ecadf7fdcb91394167c0922c710.html,2026-09-07T01:26:44.097257+00:00,,,,,,private-reference-only
svendborg,https://www.svendborg-brakes.com/products/cooling-systems/,html,,8407196e710fae250a30ad2056d4b97a6a50208da0d2625071148107e6f630cc,sources/raw/svendborg/8407196e710fae250a30ad2056d4b97a6a50208da0d2625071148107e6f630cc.html,2026-09-07T01:26:44.481533+00:00,,,,,,private-reference-only
svendborg,https://www.svendborg-brakes.com/products/couplings/,html,,19226fdd751909db15a06bc82c7f8ef9bcac72c68f589eaf90c9f91fd3982679,sources/raw/svendborg/19226fdd751909db15a06bc82c7f8ef9bcac72c68f589eaf90c9f91fd3982679.html,2026-09-07T01:26:44.823295+00:00,,,,,,private-reference-only
svendborg,https://www.svendborg-brakes.com/products/yaw-systems/,html,,669c725243b79465d7f77683b9e0ae8c8fef04959fdf847f38b7a5bcb83ac747,sources/raw/svendborg/669c725243b79465d7f77683b9e0ae8c8fef04959fdf847f38b7a5bcb83ac747.html,2026-09-07T01:26:45.201293+00:00,,,,,,private-reference-only
svendborg,https://www.svendborg-brakes.com/products/thruster-brakes/,html,,14e780a91e1c0a31816870eb07889437472f9734548fb9379b5b58de8b41f968,sources/raw/svendborg/14e780a91e1c0a31816870eb07889437472f9734548fb9379b5b58de8b41f968.html,2026-09-07T01:26:45.566357+00:00,,,,,,private-reference-only
svendborg,https://www.svendborg-brakes.com/products/rotor-locks/,html,,6eeba4976cd6e63b069faa6df26ece60c4369f0972ced2dda531dcc9a3b54c29,sources/raw/svendborg/6eeba4976cd6e63b069faa6df26ece60c4369f0972ced2dda531dcc9a3b54c29.html,2026-09-07T01:26:45.924395+00:00,,,,,,private-reference-only
svendborg,https://www.svendborg-brakes.com/products/storm-brakes/,html,,892279a71a7287cf0df2c342b8a937031eacb0a2599ee40e07cd19f55360e867,sources/raw/svendborg/892279a71a7287cf0df2c342b8a937031eacb0a2599ee40e07cd19f55360e867.html,2026-09-07T01:26:46.301952+00:00,,,,,,private-reference-only
svendborg,https://www.svendborg-brakes.com/products/brake-discs/,html,,d1da4a4cc34d183a4b6d55efc6397e5bc64efd8b7b5a88e99ce998073da3ab3d,sources/raw/svendborg/d1da4a4cc34d183a4b6d55efc6397e5bc64efd8b7b5a88e99ce998073da3ab3d.html,2026-09-07T01:26:46.668975+00:00,,,,,,private-reference-only
svendborg,https://www.svendborg-brakes.com/products/service-tools/,html,,91e4fa99c83c5cd44029021382b58416bcb6feb5d41d451c4747f33fea313064,sources/raw/svendborg/91e4fa99c83c5cd44029021382b58416bcb6feb5d41d451c4747f33fea313064.html,2026-09-07T01:26:47.126846+00:00,,,,,,private-reference-only
svendborg,https://www.svendborg-brakes.com/products/service-tools/disc-resurfacing-tools/,html,,6ea35979ca6ded71b46ab238431d75af7a2eb61bb2526757e52fc3ef4ed471c9,sources/raw/svendborg/6ea35979ca6ded71b46ab238431d75af7a2eb61bb2526757e52fc3ef4ed471c9.html,2026-09-07T01:26:47.488674+00:00,,,,,,private-reference-only
svendborg,https://www.svendborg-brakes.com/products/service-tools/lifting-tools/,html,,b841ad39e837d1e997f07fb797479796c126bbdeba7f8306023311ff407a7db4,sources/raw/svendborg/b841ad39e837d1e997f07fb797479796c126bbdeba7f8306023311ff407a7db4.html,2026-09-07T01:26:47.855752+00:00,,,,,,private-reference-only
svendborg,https://www.svendborg-brakes.com/products/service-tools/yaw-noise-reduction/,html,,16f3385d68998132ad8fd94afeb4f024396c94732f8c9aa76df17741b9457bcc,sources/raw/svendborg/16f3385d68998132ad8fd94afeb4f024396c94732f8c9aa76df17741b9457bcc.html,2026-09-07T01:26:48.233262+00:00,,,,,,private-reference-only
svendborg,https://www.svendborg-brakes.com/products/service-tools/piston-extractor/,html,,b026fa3738b55e6665fe03d8f9b551ecdb3fd4aadc3949da89a2b90cf9237161,sources/raw/svendborg/b026fa3738b55e6665fe03d8f9b551ecdb3fd4aadc3949da89a2b90cf9237161.html,2026-09-07T01:26:48.597335+00:00,,,,,,private-reference-only
svendborg,https://www.svendborg-brakes.com/products/spare-parts/,html,,6d945ed4d651e4b6a05113818e51390bb63663003a2265da9a2e26c596173086,sources/raw/svendborg/6d945ed4d651e4b6a05113818e51390bb63663003a2265da9a2e26c596173086.html,2026-09-07T01:26:48.957958+00:00,,,,,,private-reference-only
svendborg,https://www.svendborg-brakes.com/company/,html,,88f074aa329acd52414fd045367ef426c5d3f36c81f21c1898a7ddb59db9e2be,sources/raw/svendborg/88f074aa329acd52414fd045367ef426c5d3f36c81f21c1898a7ddb59db9e2be.html,2026-09-07T01:26:49.331700+00:00,,,,,,private-reference-only
svendborg,https://www.svendborg-brakes.com/company/about-us/,html,,e28f3117a33dffaf4ee047ddd643eea1cc28a86427c542d776cc3e67f573fa34,sources/raw/svendborg/e28f3117a33dffaf4ee047ddd643eea1cc28a86427c542d776cc3e67f573fa34.html,2026-09-07T01:26:49.681032+00:00,,,,,,private-reference-only
svendborg,https://www.svendborg-brakes.com/company/about-us/global-footprint/,html,,6b11c24efa6a047033da8b29e962703bc783658726ab84822d63bed9bde31c99,sources/raw/svendborg/6b11c24efa6a047033da8b29e962703bc783658726ab84822d63bed9bde31c99.html,2026-09-07T01:26:50.103540+00:00,,,,,,private-reference-only
svendborg,https://www.svendborg-brakes.com/company/about-us/safety/,html,,8c1c877d2765d61f92406749aca710e3666a1329f5cd747cd2453dd40f75c652,sources/raw/svendborg/8c1c877d2765d61f92406749aca710e3666a1329f5cd747cd2453dd40f75c652.html,2026-09-07T01:26:50.451373+00:00,,,,,,private-reference-only
svendborg,https://www.svendborg-brakes.com/company/about-us/corporate-social-responsibility/,html,,18510959205299b3d441007d89da7c36f59be1ade7b824e30ae2cf2eeaa83298,sources/raw/svendborg/18510959205299b3d441007d89da7c36f59be1ade7b824e30ae2cf2eeaa83298.html,2026-09-07T01:26:50.800335+00:00,,,,,,private-reference-only
svendborg,https://www.svendborg-brakes.com/company/about-us/certificates/,html,,7ec855839e719a4bd4e1d025f8dc9c107fa1b46658fc3279d1a84404ce458771,sources/raw/svendborg/7ec855839e719a4bd4e1d025f8dc9c107fa1b46658fc3279d1a84404ce458771.html,2026-09-07T01:26:51.161867+00:00,,,,,,private-reference-only
svendborg,https://www.svendborg-brakes.com/company/resources/,html,,2c8193cf3f3953652f813fb49f2bad7c9b40da7ce7c58d78e8f1cbba82da24a7,sources/raw/svendborg/2c8193cf3f3953652f813fb49f2bad7c9b40da7ce7c58d78e8f1cbba82da24a7.html,2026-09-07T01:26:51.523222+00:00,,,,,,private-reference-only
svendborg,https://www.svendborg-brakes.com/company/resources/case-studies/,html,,7764db391483c285979dcc5c04a4a0c380e5367eb18455be02197440fe23170c,sources/raw/svendborg/7764db391483c285979dcc5c04a4a0c380e5367eb18455be02197440fe23170c.html,2026-09-07T01:26:51.928199+00:00,,,,,,private-reference-only
svendborg,https://www.svendborg-brakes.com/company/resources/film/,html,,40a1d69a5ffe775ca02fc1ccd64e310d9a156e5716b8d9f073abb41e433811f9,sources/raw/svendborg/40a1d69a5ffe775ca02fc1ccd64e310d9a156e5716b8d9f073abb41e433811f9.html,2026-09-07T01:26:52.315362+00:00,,,,,,private-reference-only
svendborg,https://www.svendborg-brakes.com/company/resources/spotlights/,html,,ddb9fe000fe8e318a297099eb06b9c19256fd6d6cbbc518122e9934e8bfbefbc,sources/raw/svendborg/ddb9fe000fe8e318a297099eb06b9c19256fd6d6cbbc518122e9934e8bfbefbc.html,2026-09-07T01:26:52.690204+00:00,,,,,,private-reference-only
svendborg,https://www.svendborg-brakes.com/company/roadshow/,html,,b5f78e8885729b5114a722e972e83decb43c656189eee3beca6ea021b4938b24,sources/raw/svendborg/b5f78e8885729b5114a722e972e83decb43c656189eee3beca6ea021b4938b24.html,2026-09-07T01:26:53.080843+00:00,,,,,,private-reference-only
svendborg,https://www.svendborg-brakes.com/media/kwtlz2lu/mcb-10791-c-en-us-web-rrx-wind-solutions.pdf,pdf,,d817690850c7f0f3cdc5f7afc0c57a71a57a874bc1684e28aa93cfd737102b6b,sources/raw/svendborg/d817690850c7f0f3cdc5f7afc0c57a71a57a874bc1684e28aa93cfd737102b6b.pdf,2026-09-07T01:26:53.535282+00:00,,,not identified,12,parsed,private-reference-only
svendborg,https://www.svendborg-brakes.com/media/ky4dtyzm/mcf-11281-sv-en-a4-web-authenticatin-gen-parts.pdf,pdf,,8803fd40cba08d67c8a185d502852ef72cd15c71cbed636bf2ea53b2d44eccf6,sources/raw/svendborg/8803fd40cba08d67c8a185d502852ef72cd15c71cbed636bf2ea53b2d44eccf6.pdf,2026-09-07T01:26:54.020471+00:00,,,not identified,1,parsed,private-reference-only
svendborg,https://www.svendborg-brakes.com/media/03tcfm0x/mccss-p-8959-sv-en-a4-afm-onshore-solutions.pdf,pdf,,41081a19f7fd2e7ebab147b2d6cab2b515fe07da80bb47264796578545c91a43,sources/raw/svendborg/41081a19f7fd2e7ebab147b2d6cab2b515fe07da80bb47264796578545c91a43.pdf,2026-09-07T01:26:54.358207+00:00,,reventing,unreviewed candidate,4,parsed,private-reference-only
svendborg,https://www.svendborg-brakes.com/media/zwnlbk21/mcf-p-9067-sv-en-a4_yaw-disc-refurbishment-service-removes-wear-tear_03.pdf,pdf,,9ceed08bd0a7cd61bbe12db63a621c08d512b2511d8280d0b79c60aadd414593,sources/raw/svendborg/9ceed08bd0a7cd61bbe12db63a621c08d512b2511d8280d0b79c60aadd414593.pdf,2026-09-07T01:26:54.715168+00:00,,,not identified,1,parsed,private-reference-only
svendborg,https://www.svendborg-brakes.com/media/oyyapfbs/mccss-p-9061-sv-en-a4_onshore-wind-turbines_green-alternative.pdf,pdf,,9fbc2f177b85c10576e5f415fb1cdb97ecc850edba0372201401ddce31a597cb,sources/raw/svendborg/9fbc2f177b85c10576e5f415fb1cdb97ecc850edba0372201401ddce31a597cb.pdf,2026-09-07T01:26:55.069636+00:00,,,not identified,2,parsed,private-reference-only
svendborg,https://www.svendborg-brakes.com/media/upgnebvt/mcf-11285-sv-en-a4-web-sobo-iq-comp-sheet.pdf,pdf,,0897586d5f239f4440523666ce069783bf624a01cd0e5137553f7142d5c9d98c,sources/raw/svendborg/0897586d5f239f4440523666ce069783bf624a01cd0e5137553f7142d5c9d98c.pdf,2026-09-07T01:26:55.408900+00:00,,,not identified,1,parsed,private-reference-only
svendborg,https://www.svendborg-brakes.com/media/mmpbezet/mcf-11306-sv-en-a4-web-sobo-iq-controlled-gen-systems.pdf,pdf,,9628da0467dd36edf2fe8bf826d8cdd580eff43f73486cb7a0d89a0dbb824b5a,sources/raw/svendborg/9628da0467dd36edf2fe8bf826d8cdd580eff43f73486cb7a0d89a0dbb824b5a.pdf,2026-09-07T01:26:55.747040+00:00,,,not identified,2,parsed,private-reference-only
svendborg,https://www.svendborg-brakes.com/media/d41dpt3x/mcc-p-8819-sv-en-a4-web_storm-brakes.pdf,pdf,,dd4ea0d1702cc84925599032253fea6768005436fa4a25b60bc88940f200959c,sources/raw/svendborg/dd4ea0d1702cc84925599032253fea6768005436fa4a25b60bc88940f200959c.pdf,2026-09-07T01:26:56.077004+00:00,,,not identified,20,parsed,private-reference-only
svendborg,https://www.svendborg-brakes.com/media/d43pklkg/mcb-10929-c-en-a4-web-container-handling-april2026.pdf,pdf,,2d187eb2912ed061e71aaaf1117c7294e1c0f599d3a856b0f317c4e7c2c4b718,sources/raw/svendborg/2d187eb2912ed061e71aaaf1117c7294e1c0f599d3a856b0f317c4e7c2c4b718.pdf,2026-09-07T01:26:56.775974+00:00,,revent,unreviewed candidate,12,parsed,private-reference-only
svendborg,https://www.svendborg-brakes.com/media/kvyjpp44/mcf-11282-sv-en-a4-web-dyno-controlled-braking-simulator.pdf,pdf,,e339b352c6d1bb56d4c18a8166654c2be7ef2217ca4efe568bdab862df322796,sources/raw/svendborg/e339b352c6d1bb56d4c18a8166654c2be7ef2217ca4efe568bdab862df322796.pdf,2026-09-07T01:26:57.440390+00:00,,,not identified,1,parsed,private-reference-only
svendborg,https://www.svendborg-brakes.com/media/ai4jyhfc/mcf-11307-sv-en-a4-web-hydraulic-buffers.pdf,pdf,,e44ef79e110f806d5184cf33fde5b074371846897bfeb3a8f8ccd0114f633c94,sources/raw/svendborg/e44ef79e110f806d5184cf33fde5b074371846897bfeb3a8f8ccd0114f633c94.pdf,2026-09-07T01:26:57.783375+00:00,,,not identified,1,parsed,private-reference-only
svendborg,https://www.svendborg-brakes.com/media/enuo1zu4/product-catalogue.pdf,pdf,,e8078a73e7e4072d7daf7dc7cedacb33a8ed228c2bc1551d9f0d838293e43b59,sources/raw/svendborg/e8078a73e7e4072d7daf7dc7cedacb33a8ed228c2bc1551d9f0d838293e43b59.pdf,2026-09-07T01:26:58.163185+00:00,,,,,,private-reference-only
svendborg,https://www.svendborg-brakes.com/media/bnenox1x/mcf-11284-sv-en-a4-web-hpus-svendborg.pdf,pdf,,9327db4b92038f4a4d7d72830d18be50d9d17e7d7c008bb94500bb458b4fda64,sources/raw/svendborg/9327db4b92038f4a4d7d72830d18be50d9d17e7d7c008bb94500bb458b4fda64.pdf,2026-09-07T01:26:58.825164+00:00,,revent,unreviewed candidate,2,parsed,private-reference-only
svendborg,https://www.svendborg-brakes.com/media/ygilkqy5/genuine-parts.pdf,pdf,,1f391a971a71cbd12b4c7eee34d3d91a106eb05b5f8b93252375d867fbd1b784,sources/raw/svendborg/1f391a971a71cbd12b4c7eee34d3d91a106eb05b5f8b93252375d867fbd1b784.pdf,2026-09-07T01:26:59.176300+00:00,,,not identified,2,parsed,private-reference-only
svendborg,https://www.svendborg-brakes.com/media/qvyhoqfd/mcf-p-9047-sv-en-a4_brake-pads-in-brake-systems-organic_01.pdf,pdf,,32d65965302f1e2585eb2ce3ce99607a1786107106b5eae2db75eead10e2c949,sources/raw/svendborg/32d65965302f1e2585eb2ce3ce99607a1786107106b5eae2db75eead10e2c949.pdf,2026-09-07T01:26:59.528316+00:00,,,not identified,1,parsed,private-reference-only
svendborg,https://www.svendborg-brakes.com/media/f41pfwbm/mcf-p-9048-sv-en-a4_brakes-pads-in-brake-systems-sinter_01.pdf,pdf,,2abb7df4cfa84183772d581f76ff0e086a348f340525dd4eda464b9a51902b4b,sources/raw/svendborg/2abb7df4cfa84183772d581f76ff0e086a348f340525dd4eda464b9a51902b4b.pdf,2026-09-07T01:26:59.868898+00:00,,,not identified,1,parsed,private-reference-only
svendborg,https://www.svendborg-brakes.com/media/neairhgd/gateway_product-sheet.pdf,pdf,,8a42bb1bc755214cbd126db44730c01d9488809de9e644a94b274cd939546621,sources/raw/svendborg/8a42bb1bc755214cbd126db44730c01d9488809de9e644a94b274cd939546621.pdf,2026-09-07T01:27:00.214759+00:00,,,not identified,2,parsed,private-reference-only
svendborg,https://www.svendborg-brakes.com/media/wzsfdik4/mcf-p-8933-sv-en-us-web-uccase_original.pdf,pdf,,3ccd852249a33b6f7cd2773f3e9cc4289c9f5b046d490bb312eb96c3fe68bb44,sources/raw/svendborg/3ccd852249a33b6f7cd2773f3e9cc4289c9f5b046d490bb312eb96c3fe68bb44.pdf,2026-09-07T01:27:00.572062+00:00,,revent,unreviewed candidate,2,parsed,private-reference-only
svendborg,https://www.svendborg-brakes.com/media/sc3lub03/uccase-mini_product-sheet.pdf,pdf,,2a9a49e97145b07d054e2aaab4b787825e3a23506953c8fd760fbbdff4039a4d,sources/raw/svendborg/2a9a49e97145b07d054e2aaab4b787825e3a23506953c8fd760fbbdff4039a4d.pdf,2026-09-07T01:27:00.932630+00:00,,revent,unreviewed candidate,2,parsed,private-reference-only
svendborg,https://www.svendborg-brakes.com/media/dbijdv32/keeping-wind-turbines-cool_p-8719-sv-a4.pdf,pdf,,e2ed328d150090948910fd1362c3f1c79afb9eaf18b150a3481140067440b1c9,sources/raw/svendborg/e2ed328d150090948910fd1362c3f1c79afb9eaf18b150a3481140067440b1c9.pdf,2026-09-07T01:27:01.275751+00:00,,,not identified,1,parsed,private-reference-only
svendborg,https://www.svendborg-brakes.com/media/qbplu5k2/mcf-11303-sv-en-a4-web-rotor-lock-solutions.pdf,pdf,,8515248af3a232ea8bbb7725224989b29e54d94b92c8377d66f27d88a15a70a2,sources/raw/svendborg/8515248af3a232ea8bbb7725224989b29e54d94b92c8377d66f27d88a15a70a2.pdf,2026-09-07T01:27:01.618391+00:00,,,not identified,1,parsed,private-reference-only
svendborg,https://www.svendborg-brakes.com/media/ixbfzy1b/p-8956-sv-a4-groove-tool.pdf,pdf,,fd090b39c019540d8559a64d9338a957b875a2c198ec2f29f134f6068be3652d,sources/raw/svendborg/fd090b39c019540d8559a64d9338a957b875a2c198ec2f29f134f6068be3652d.pdf,2026-09-07T01:27:01.966891+00:00,,revents,unreviewed candidate,1,parsed,private-reference-only
svendborg,https://www.svendborg-brakes.com/media/qsrodiuk/p-9051-sv-a4-piston-extractor.pdf,pdf,,a7d2cc7b1787a4326535674f3b3f51a3d93bac5b03c5444b38667c6e46e60001,sources/raw/svendborg/a7d2cc7b1787a4326535674f3b3f51a3d93bac5b03c5444b38667c6e46e60001.pdf,2026-09-07T01:27:02.360860+00:00,,,not identified,1,parsed,private-reference-only
svendborg,https://www.svendborg-brakes.com/media/5wpf1vct/certificate-cn058212-iso-9001-ch.pdf,pdf,,36ca566216fa9a21c609c15a89c6781fd64c1102f670417f169b504de417d49f,sources/raw/svendborg/36ca566216fa9a21c609c15a89c6781fd64c1102f670417f169b504de417d49f.pdf,2026-09-07T01:27:02.715398+00:00,,rev 4.3,unreviewed candidate,1,parsed,private-reference-only
svendborg,https://www.svendborg-brakes.com/media/vvzlvssi/certificate-cn058212-iso-9001-en.pdf,pdf,,d53231fec1ea68cda92ed285453cda6b176946321b2055d77a3c233173a00ec8,sources/raw/svendborg/d53231fec1ea68cda92ed285453cda6b176946321b2055d77a3c233173a00ec8.pdf,2026-09-07T01:27:03.052204+00:00,,revious,unreviewed candidate,1,parsed,private-reference-only
svendborg,https://www.svendborg-brakes.com/media/py5jlpv5/certificate-cn058211-iso-45001-ch.pdf,pdf,,a572ddda1ed207976071eed6da74b64563681338c83f863442dad19effb92493,sources/raw/svendborg/a572ddda1ed207976071eed6da74b64563681338c83f863442dad19effb92493.pdf,2026-09-07T01:27:03.384044+00:00,,rev 4.3,unreviewed candidate,1,parsed,private-reference-only
svendborg,https://www.svendborg-brakes.com/media/ggoftptr/certificate-cn058211-iso-45001-en.pdf,pdf,,0a46e03662c0975e1e3bcf24caabb3c010b117c4709ff65d5f5ca9a74f3531ad,sources/raw/svendborg/0a46e03662c0975e1e3bcf24caabb3c010b117c4709ff65d5f5ca9a74f3531ad.pdf,2026-09-07T01:27:03.965093+00:00,,revious,unreviewed candidate,1,parsed,private-reference-only
svendborg,https://www.svendborg-brakes.com/media/yxtmtebk/dk019524-1-svendborg-brakes-as-iso-9001-ukas.pdf,pdf,,db06b442147367bc09fbe93dcda490b59d04518e5e898aed5fe2b6e4744dfefa,sources/raw/svendborg/db06b442147367bc09fbe93dcda490b59d04518e5e898aed5fe2b6e4744dfefa.pdf,2026-09-07T01:27:05.243828+00:00,,revious,unreviewed candidate,1,parsed,private-reference-only
svendborg,https://www.svendborg-brakes.com/media/0h5njiyh/dk019542-1-svendborg-brakes-as-iso-45001-2018-danak.pdf,pdf,,999fa94d785feb21d6351edffbfaf5d6849dcf9cbee307866e9dd7e9f50f266e,sources/raw/svendborg/999fa94d785feb21d6351edffbfaf5d6849dcf9cbee307866e9dd7e9f50f266e.pdf,2026-09-07T01:27:06.875433+00:00,,revious,unreviewed candidate,1,parsed,private-reference-only
twiflex,https://www.twiflex.com/-/media/project/altramotion/shared/files/literature/brand/twiflex-limited/catalogs/p-1648-tf.pdf?rev=920b53b1879149a08c1962382d264058,pdf,,644a8ed2bafcf3c662d28f8464a6b1c717abb65c356e1a00cfb5b38cb38b47db,sources/raw/twiflex/644a8ed2bafcf3c662d28f8464a6b1c717abb65c356e1a00cfb5b38cb38b47db.pdf,2026-09-07T01:26:22.841458+00:00,,Review,unreviewed candidate,48,parsed,private-reference-only
twiflex,https://www.altraliterature.com/brand/twiflex-limited/catalogs,html,,419e0b210c805177ba73a9bbfffaf12fad13ef2a9870a7fb540fff9b5feb97ee,sources/raw/twiflex/419e0b210c805177ba73a9bbfffaf12fad13ef2a9870a7fb540fff9b5feb97ee.html,2026-09-07T01:28:57.576618+00:00,,,,,,private-reference-only
twiflex,https://www.altraliterature.com/brand/twiflex-limited/certificates,html,,847236daf0981d1f972e159dc42bd12d618d5bf959e6cfbbcd1c1479db4cd5cf,sources/raw/twiflex/847236daf0981d1f972e159dc42bd12d618d5bf959e6cfbbcd1c1479db4cd5cf.html,2026-09-07T01:28:58.279305+00:00,,,,,,private-reference-only
twiflex,https://www.altraliterature.com/brand/twiflex-limited/brochures,html,,451d0f8681421629a02b6dfd388fb5d2fff4c645e10b924053a58f5527867488,sources/raw/twiflex/451d0f8681421629a02b6dfd388fb5d2fff4c645e10b924053a58f5527867488.html,2026-09-07T01:28:58.646076+00:00,,,,,,private-reference-only
twiflex,https://www.altraliterature.com/brand/twiflex-limited/application-profiles,html,,56175d687fb4f0e6c516fbe6d33342384a2f487be79bb215f211e4bcb03597b5,sources/raw/twiflex/56175d687fb4f0e6c516fbe6d33342384a2f487be79bb215f211e4bcb03597b5.html,2026-09-07T01:28:59.419281+00:00,,,,,,private-reference-only
twiflex,https://www.altraliterature.com/brand/twiflex-limited/innovation-spotlights,html,,57d25b9e4a7e552a49f6ce556a91b46f2816169b7750cd818f0b39ca61111c3a,sources/raw/twiflex/57d25b9e4a7e552a49f6ce556a91b46f2816169b7750cd818f0b39ca61111c3a.html,2026-09-07T01:29:00.131558+00:00,,,,,,private-reference-only
twiflex,https://www.altraliterature.com/brand/twiflex-limited/articles,html,,3e35cad80fac521e12a5021a35f1f12304c29381358b9807cc8c2d0a73a31576,sources/raw/twiflex/3e35cad80fac521e12a5021a35f1f12304c29381358b9807cc8c2d0a73a31576.html,2026-09-07T01:29:00.459084+00:00,,,,,,private-reference-only
twiflex,https://www.altraliterature.com/brand/twiflex-limited/service-manuals,html,,f1eb51bb34f26a3b685bb07449162a33e068f2861b5657694a058c0d909f6070,sources/raw/twiflex/f1eb51bb34f26a3b685bb07449162a33e068f2861b5657694a058c0d909f6070.html,2026-09-07T01:29:00.900688+00:00,,,,,,private-reference-only
twiflex,https://www.altraliterature.com/brand/twiflex-limited/catalogs/p-1648-tf,html,,057173fb7d929b6b1f50772d7b4d35e9d403bbccb9c178d97281c65aae0ff000,sources/raw/twiflex/057173fb7d929b6b1f50772d7b4d35e9d403bbccb9c178d97281c65aae0ff000.html,2026-09-07T01:29:01.566488+00:00,,,,,,private-reference-only
galvi,http://www.galvi.com/moduli/catalogo/schedatecnica/1,txt,INFO.txt,71d4a87905de86dbea74ae2e399703c3feaa2a362d1d96e001774ff97156ddfe,sources/raw/galvi-import/71d4a87905de86dbea74ae2e399703c3feaa2a362d1d96e001774ff97156ddfe.txt,,,,,,,private-reference-only
galvi,http://www.galvi.com/moduli/catalogo/schedatecnica/1,jpg,disegno_1_1.jpg,8ddb41ab3753c950dc1932b748b4cc4cbb24a2bd6c2a52f18efb2d4a3a912523,sources/raw/galvi-import/8ddb41ab3753c950dc1932b748b4cc4cbb24a2bd6c2a52f18efb2d4a3a912523.jpg,,,,,,,private-reference-only
galvi,http://www.galvi.com/moduli/catalogo/schedatecnica/1,jpg,tabella_1_1.jpg,d7c250eb39d20595125806adafef84b47fd0b591fae1449249e9e0232cd31203,sources/raw/galvi-import/d7c250eb39d20595125806adafef84b47fd0b591fae1449249e9e0232cd31203.jpg,,,,,,,private-reference-only
galvi,http://www.galvi.com/moduli/catalogo/schedatecnica/2,txt,INFO.txt,1f4b36dc839296f98d7a0c3a85be591f9f20db4abd82dafce23b3ca160daadb1,sources/raw/galvi-import/1f4b36dc839296f98d7a0c3a85be591f9f20db4abd82dafce23b3ca160daadb1.txt,,,,,,,private-reference-only
galvi,http://www.galvi.com/moduli/catalogo/schedatecnica/2,jpg,disegno_2_1.jpg,b48d5aee849ff1c84266a5377a7c50f595ad2ef217e1cf5398c74c8279e7492f,sources/raw/galvi-import/b48d5aee849ff1c84266a5377a7c50f595ad2ef217e1cf5398c74c8279e7492f.jpg,,,,,,,private-reference-only
galvi,http://www.galvi.com/moduli/catalogo/schedatecnica/2,jpg,tabella_2_1.jpg,b22a9e67a01e5b7d21a63f1475abee122048e9f0125ed780f305314b886bf09a,sources/raw/galvi-import/b22a9e67a01e5b7d21a63f1475abee122048e9f0125ed780f305314b886bf09a.jpg,,,,,,,private-reference-only
galvi,http://www.galvi.com/moduli/catalogo/schedatecnica/3,txt,INFO.txt,570e05c736d41be0454d3792c64b6dfe4c035b2bbc2ea11563d7f031cb881f1c,sources/raw/galvi-import/570e05c736d41be0454d3792c64b6dfe4c035b2bbc2ea11563d7f031cb881f1c.txt,,,,,,,private-reference-only
galvi,http://www.galvi.com/moduli/catalogo/schedatecnica/3,jpg,disegno_3_1.jpg,0c231224c679b8f8f18ea22e8c1ddafaa859b4609c96b075801dfde08e42e5e2,sources/raw/galvi-import/0c231224c679b8f8f18ea22e8c1ddafaa859b4609c96b075801dfde08e42e5e2.jpg,,,,,,,private-reference-only
galvi,http://www.galvi.com/moduli/catalogo/schedatecnica/3,jpg,tabella_3_1.jpg,0609c940a47f9f9e6af2505585c57b6e678b7450f0910a4fc684dde6d9f392ed,sources/raw/galvi-import/0609c940a47f9f9e6af2505585c57b6e678b7450f0910a4fc684dde6d9f392ed.jpg,,,,,,,private-reference-only
galvi,http://www.galvi.com/moduli/catalogo/schedatecnica/4,txt,INFO.txt,29a88fe32715090de575fca7b97f81e229caa82448de7463b1394502315eff53,sources/raw/galvi-import/29a88fe32715090de575fca7b97f81e229caa82448de7463b1394502315eff53.txt,,,,,,,private-reference-only
galvi,http://www.galvi.com/moduli/catalogo/schedatecnica/4,jpg,disegno_4_1.jpg,deaa7c4fcd0c33132d15c421fe6b9ef22030d4888e4c0007091af74dc8ed692a,sources/raw/galvi-import/deaa7c4fcd0c33132d15c421fe6b9ef22030d4888e4c0007091af74dc8ed692a.jpg,,,,,,,private-reference-only
galvi,http://www.galvi.com/moduli/catalogo/schedatecnica/4,jpg,tabella_4_1.jpg,2d6b6ea81bd3387f9b2b4aad8f6a30799f7f052da02eafef9b9d060344541601,sources/raw/galvi-import/2d6b6ea81bd3387f9b2b4aad8f6a30799f7f052da02eafef9b9d060344541601.jpg,,,,,,,private-reference-only
galvi,http://www.galvi.com/moduli/catalogo/schedatecnica/5,txt,INFO.txt,5f7d2ebe72f98d17edcadcbefed77dc6eb968691f0e631a4f8a620b2b3e56db7,sources/raw/galvi-import/5f7d2ebe72f98d17edcadcbefed77dc6eb968691f0e631a4f8a620b2b3e56db7.txt,,,,,,,private-reference-only
galvi,http://www.galvi.com/moduli/catalogo/schedatecnica/5,jpg,disegno_5_1.jpg,92df2c30752f0513f95b0b402a203e9f78f721b2061a0743a12a9779468422fe,sources/raw/galvi-import/92df2c30752f0513f95b0b402a203e9f78f721b2061a0743a12a9779468422fe.jpg,,,,,,,private-reference-only
galvi,http://www.galvi.com/moduli/catalogo/schedatecnica/5,jpg,tabella_5_1.jpg,01a969fdc401976f2e1c69fa8280309340f2fed6ca8735675dada5814fb40bfc,sources/raw/galvi-import/01a969fdc401976f2e1c69fa8280309340f2fed6ca8735675dada5814fb40bfc.jpg,,,,,,,private-reference-only
galvi,http://www.galvi.com/moduli/catalogo/schedatecnica/6,txt,INFO.txt,3f599b919a2a634a51712925af16f28a1d41fc4b584e8efdbbb2e2a36b234be4,sources/raw/galvi-import/3f599b919a2a634a51712925af16f28a1d41fc4b584e8efdbbb2e2a36b234be4.txt,,,,,,,private-reference-only
galvi,http://www.galvi.com/moduli/catalogo/schedatecnica/6,jpg,disegno_6_1.jpg,4dec1509d0857442f788f3fd0e1ff4f73a0de52ae1d45495912e2c10a0bc62a8,sources/raw/galvi-import/4dec1509d0857442f788f3fd0e1ff4f73a0de52ae1d45495912e2c10a0bc62a8.jpg,,,,,,,private-reference-only
galvi,http://www.galvi.com/moduli/catalogo/schedatecnica/6,jpg,tabella_6_1.jpg,ae2c9102e74d63de43301add4d3ffe86d52faf9606cce68f3965624b135256a3,sources/raw/galvi-import/ae2c9102e74d63de43301add4d3ffe86d52faf9606cce68f3965624b135256a3.jpg,,,,,,,private-reference-only
galvi,http://www.galvi.com/moduli/catalogo/schedatecnica/7,txt,INFO.txt,932b1955351c1f5089ac78a5eb2395eb6394662ae676cf65cd45429b774cb76d,sources/raw/galvi-import/932b1955351c1f5089ac78a5eb2395eb6394662ae676cf65cd45429b774cb76d.txt,,,,,,,private-reference-only
galvi,http://www.galvi.com/moduli/catalogo/schedatecnica/7,jpg,disegno_7_1.jpg,0b9304218fcbb9f34f3042d7cf6ffb69798dfc402ba975962dab443e6a13ee5c,sources/raw/galvi-import/0b9304218fcbb9f34f3042d7cf6ffb69798dfc402ba975962dab443e6a13ee5c.jpg,,,,,,,private-reference-only
galvi,http://www.galvi.com/moduli/catalogo/schedatecnica/7,jpg,tabella_7_1.jpg,edfdde95c1b6ad2610488f7e425dd0a19d80a2b75825969de3d1bbea06ba99ab,sources/raw/galvi-import/edfdde95c1b6ad2610488f7e425dd0a19d80a2b75825969de3d1bbea06ba99ab.jpg,,,,,,,private-reference-only
galvi,http://www.galvi.com/moduli/catalogo/schedatecnica/8,txt,INFO.txt,7e6f1ea9e2a15e50bdd9dfba2f5d76dfdf2d65ef8619bb47177e432a21a5d98f,sources/raw/galvi-import/7e6f1ea9e2a15e50bdd9dfba2f5d76dfdf2d65ef8619bb47177e432a21a5d98f.txt,,,,,,,private-reference-only
galvi,http://www.galvi.com/moduli/catalogo/schedatecnica/8,jpg,disegno_8_1.jpg,f8df409328fe83b00c237a6a24fa6c38c7e5383fb00770e1b10334282078a162,sources/raw/galvi-import/f8df409328fe83b00c237a6a24fa6c38c7e5383fb00770e1b10334282078a162.jpg,,,,,,,private-reference-only
galvi,http://www.galvi.com/moduli/catalogo/schedatecnica/8,jpg,tabella_8_1.jpg,58694f557c6ff4f9fd8dcfd85772afb0da1e373c95a1bf027abd11622c973ff2,sources/raw/galvi-import/58694f557c6ff4f9fd8dcfd85772afb0da1e373c95a1bf027abd11622c973ff2.jpg,,,,,,,private-reference-only
galvi,http://www.galvi.com/moduli/catalogo/schedatecnica/9,txt,INFO.txt,76413800fefb35e89d993571d0fa5baa242660f39f17edadc8a90f7b29d086ea,sources/raw/galvi-import/76413800fefb35e89d993571d0fa5baa242660f39f17edadc8a90f7b29d086ea.txt,,,,,,,private-reference-only
galvi,http://www.galvi.com/moduli/catalogo/schedatecnica/9,jpg,disegno_9_1.jpg,18f1ac4f1a35522bf7e897e178236e05ddb7b94a7247cb9b2af55a011286efef,sources/raw/galvi-import/18f1ac4f1a35522bf7e897e178236e05ddb7b94a7247cb9b2af55a011286efef.jpg,,,,,,,private-reference-only
galvi,http://www.galvi.com/moduli/catalogo/schedatecnica/9,jpg,tabella_9_1.jpg,d773bae99ccfb2b83361d5e52abb9071009e10ab6908a1f799a38c3a93ed603f,sources/raw/galvi-import/d773bae99ccfb2b83361d5e52abb9071009e10ab6908a1f799a38c3a93ed603f.jpg,,,,,,,private-reference-only
galvi,http://www.galvi.com/moduli/catalogo/schedatecnica/10,txt,INFO.txt,aab6a6cec6b9cec984c7e60667f8f5225a58c5169d5a1917ca729a77930a1c63,sources/raw/galvi-import/aab6a6cec6b9cec984c7e60667f8f5225a58c5169d5a1917ca729a77930a1c63.txt,,,,,,,private-reference-only
galvi,http://www.galvi.com/moduli/catalogo/schedatecnica/10,jpg,disegno_10_1.jpg,e86cc0265dbaf4860a6c5102e244eb12564ff2d67bb42492cc6ca85f655710e0,sources/raw/galvi-import/e86cc0265dbaf4860a6c5102e244eb12564ff2d67bb42492cc6ca85f655710e0.jpg,,,,,,,private-reference-only
galvi,http://www.galvi.com/moduli/catalogo/schedatecnica/10,jpg,tabella_10_1.jpg,78ad5b68b2ee49ceeb757903a34ddbbc405c164a2ee44a05f1c12b99b2ac973f,sources/raw/galvi-import/78ad5b68b2ee49ceeb757903a34ddbbc405c164a2ee44a05f1c12b99b2ac973f.jpg,,,,,,,private-reference-only
galvi,http://www.galvi.com/moduli/catalogo/schedatecnica/11,txt,INFO.txt,ec3f50ba18cf6c4b0531618d5ff49c2d3971471890b3fb94657f59436ef489be,sources/raw/galvi-import/ec3f50ba18cf6c4b0531618d5ff49c2d3971471890b3fb94657f59436ef489be.txt,,,,,,,private-reference-only
galvi,http://www.galvi.com/moduli/catalogo/schedatecnica/11,jpg,disegno_11_1.jpg,34c12812f62dc59c964e087e84b6b46b9922c3fb06a5bf5c9509feb32403a462,sources/raw/galvi-import/34c12812f62dc59c964e087e84b6b46b9922c3fb06a5bf5c9509feb32403a462.jpg,,,,,,,private-reference-only
galvi,http://www.galvi.com/moduli/catalogo/schedatecnica/12,txt,INFO.txt,9339926d3da3790a5d9926b8cd2bcdd96fa37d7d4d29da3a04d723ce979cdb9a,sources/raw/galvi-import/9339926d3da3790a5d9926b8cd2bcdd96fa37d7d4d29da3a04d723ce979cdb9a.txt,,,,,,,private-reference-only
galvi,http://www.galvi.com/moduli/catalogo/schedatecnica/12,jpg,disegno_12_1.jpg,182c652ad288901b101dafb9461534ff3534dcedb21af750e2890fc5b078e8d6,sources/raw/galvi-import/182c652ad288901b101dafb9461534ff3534dcedb21af750e2890fc5b078e8d6.jpg,,,,,,,private-reference-only
galvi,http://www.galvi.com/moduli/catalogo/schedatecnica/12,jpg,tabella_12_1.jpg,d2759d819d26cdcddc2ce6ce9695020aa3ab6a4e8c5c418db61b7c8ca291bb0b,sources/raw/galvi-import/d2759d819d26cdcddc2ce6ce9695020aa3ab6a4e8c5c418db61b7c8ca291bb0b.jpg,,,,,,,private-reference-only
galvi,http://www.galvi.com/moduli/catalogo/schedatecnica/13,txt,INFO.txt,fc21ac953826bf2bcf6ef3ff0ea72fe088c0b8078bed63a4393fb1de38e169f6,sources/raw/galvi-import/fc21ac953826bf2bcf6ef3ff0ea72fe088c0b8078bed63a4393fb1de38e169f6.txt,,,,,,,private-reference-only
galvi,http://www.galvi.com/moduli/catalogo/schedatecnica/13,jpg,disegno_13_1.jpg,3e19a92c231c46a2ec26926013371c936604e5be5152d70289d943b60a6e7069,sources/raw/galvi-import/3e19a92c231c46a2ec26926013371c936604e5be5152d70289d943b60a6e7069.jpg,,,,,,,private-reference-only
galvi,http://www.galvi.com/moduli/catalogo/schedatecnica/13,jpg,tabella_13_1.jpg,5ff519710c1b21795dd0f873db47938bb6f350e0164240f918b620bd21cec70c,sources/raw/galvi-import/5ff519710c1b21795dd0f873db47938bb6f350e0164240f918b620bd21cec70c.jpg,,,,,,,private-reference-only
galvi,http://www.galvi.com/moduli/catalogo/schedatecnica/14,txt,INFO.txt,cb9f69e0cb92d1bcfba8a4f6db6fa007a51a1aef101d8a298f77380de7d507b1,sources/raw/galvi-import/cb9f69e0cb92d1bcfba8a4f6db6fa007a51a1aef101d8a298f77380de7d507b1.txt,,,,,,,private-reference-only
galvi,http://www.galvi.com/moduli/catalogo/schedatecnica/14,jpg,disegno_14_1.jpg,a30b652734a4c3efab15ee891939006f3b1298732791fdf4989f2142237b381e,sources/raw/galvi-import/a30b652734a4c3efab15ee891939006f3b1298732791fdf4989f2142237b381e.jpg,,,,,,,private-reference-only
galvi,http://www.galvi.com/moduli/catalogo/schedatecnica/14,jpg,tabella_14_1.jpg,0cf443371ee12e91ed8596c546995d1be3996158e3a6f67380812e54b0da17da,sources/raw/galvi-import/0cf443371ee12e91ed8596c546995d1be3996158e3a6f67380812e54b0da17da.jpg,,,,,,,private-reference-only
galvi,http://www.galvi.com/moduli/catalogo/schedatecnica/15,txt,INFO.txt,f8bc6297a8a51196b208fafa67b75e8adbc882fb169d2b682ec277667c1f1119,sources/raw/galvi-import/f8bc6297a8a51196b208fafa67b75e8adbc882fb169d2b682ec277667c1f1119.txt,,,,,,,private-reference-only
galvi,http://www.galvi.com/moduli/catalogo/schedatecnica/15,jpg,disegno_15_1.jpg,6f94b8a1dcceaa987fc932d7efd9aa9a432815abde4329a4e1a5956a1adc111b,sources/raw/galvi-import/6f94b8a1dcceaa987fc932d7efd9aa9a432815abde4329a4e1a5956a1adc111b.jpg,,,,,,,private-reference-only
galvi,http://www.galvi.com/moduli/catalogo/schedatecnica/15,jpg,tabella_15_1.jpg,c95e6e8b52a14ef221fb24a9c75ae1eba2376a26e2b106e3852abf32c5615c0e,sources/raw/galvi-import/c95e6e8b52a14ef221fb24a9c75ae1eba2376a26e2b106e3852abf32c5615c0e.jpg,,,,,,,private-reference-only
galvi,http://www.galvi.com/moduli/catalogo/schedatecnica/16,txt,INFO.txt,43f61e72a09a5a788e972e01f07efb5df077c4186e47ca12587b06dc7283337d,sources/raw/galvi-import/43f61e72a09a5a788e972e01f07efb5df077c4186e47ca12587b06dc7283337d.txt,,,,,,,private-reference-only
galvi,http://www.galvi.com/moduli/catalogo/schedatecnica/16,jpg,disegno_16_1.jpg,96383049e48ea959efbe1948ed3cbf6d6716f979dbb1e236caa8bc5770934572,sources/raw/galvi-import/96383049e48ea959efbe1948ed3cbf6d6716f979dbb1e236caa8bc5770934572.jpg,,,,,,,private-reference-only
galvi,http://www.galvi.com/moduli/catalogo/schedatecnica/16,jpg,tabella_16_1.jpg,fc1d37c1c01c670f3e6f147dc4777179be6f18b8cfc273074fb58f56e6df065b,sources/raw/galvi-import/fc1d37c1c01c670f3e6f147dc4777179be6f18b8cfc273074fb58f56e6df065b.jpg,,,,,,,private-reference-only
galvi,http://www.galvi.com/moduli/catalogo/schedatecnica/17,txt,INFO.txt,f25caf848a5598749576238c952298584ca1b65ee8bd7e13f2579a718a5e4fb8,sources/raw/galvi-import/f25caf848a5598749576238c952298584ca1b65ee8bd7e13f2579a718a5e4fb8.txt,,,,,,,private-reference-only
galvi,http://www.galvi.com/moduli/catalogo/schedatecnica/17,jpg,disegno_17_1.jpg,76a186d6d03221183ca54c3ecbdad268b1f4470f15a0919ca9b23dc25ba76bfd,sources/raw/galvi-import/76a186d6d03221183ca54c3ecbdad268b1f4470f15a0919ca9b23dc25ba76bfd.jpg,,,,,,,private-reference-only
galvi,http://www.galvi.com/moduli/catalogo/schedatecnica/17,jpg,tabella_17_1.jpg,750b706be04d8d38a28b45e3ba7aff8a9687736b8861a3d05425ad45ec62ccf4,sources/raw/galvi-import/750b706be04d8d38a28b45e3ba7aff8a9687736b8861a3d05425ad45ec62ccf4.jpg,,,,,,,private-reference-only
galvi,http://www.galvi.com/moduli/catalogo/schedatecnica/18,txt,INFO.txt,541558a6f09f55514eecd08bf35312417493daef983c3f65c120e0fce09a1213,sources/raw/galvi-import/541558a6f09f55514eecd08bf35312417493daef983c3f65c120e0fce09a1213.txt,,,,,,,private-reference-only
galvi,http://www.galvi.com/moduli/catalogo/schedatecnica/18,jpg,disegno_18_1.jpg,d646cf9a1539ace97d4eb40cf4cb0b4bc237494125e6d745809c0cded7cfa96b,sources/raw/galvi-import/d646cf9a1539ace97d4eb40cf4cb0b4bc237494125e6d745809c0cded7cfa96b.jpg,,,,,,,private-reference-only
galvi,http://www.galvi.com/moduli/catalogo/schedatecnica/18,jpg,tabella_18_1.jpg,84bf62450dc7650a5a64beaa764c97918577f48fc3d05b0e151b0972d4625e49,sources/raw/galvi-import/84bf62450dc7650a5a64beaa764c97918577f48fc3d05b0e151b0972d4625e49.jpg,,,,,,,private-reference-only
galvi,http://www.galvi.com/moduli/catalogo/schedatecnica/19,txt,INFO.txt,d7d2d01f2329c74f334ad6fd4a9884f766c758e28248d779dba6909899ce39a2,sources/raw/galvi-import/d7d2d01f2329c74f334ad6fd4a9884f766c758e28248d779dba6909899ce39a2.txt,,,,,,,private-reference-only
galvi,http://www.galvi.com/moduli/catalogo/schedatecnica/19,jpg,disegno_19_1.jpg,6444d913a2dbc109893850360260c514b3199f12073f0b857119d8dcaeb0056e,sources/raw/galvi-import/6444d913a2dbc109893850360260c514b3199f12073f0b857119d8dcaeb0056e.jpg,,,,,,,private-reference-only
galvi,http://www.galvi.com/moduli/catalogo/schedatecnica/19,jpg,tabella_19_1.jpg,07be866d4595ef3a0ff27095db404b022599173480ea0f479680e735f409c381,sources/raw/galvi-import/07be866d4595ef3a0ff27095db404b022599173480ea0f479680e735f409c381.jpg,,,,,,,private-reference-only
galvi,http://www.galvi.com/moduli/catalogo/schedatecnica/20,txt,INFO.txt,11b7784a0acaeca92f10c9bec1d537612e67c15f977764f2aee0b00859745c87,sources/raw/galvi-import/11b7784a0acaeca92f10c9bec1d537612e67c15f977764f2aee0b00859745c87.txt,,,,,,,private-reference-only
galvi,http://www.galvi.com/moduli/catalogo/schedatecnica/20,jpg,disegno_20_1.jpg,c8c69da0995cac5d0b21cc4fb8bd0a4cef8b2a86cc623e8dbec4135c6d61b8e5,sources/raw/galvi-import/c8c69da0995cac5d0b21cc4fb8bd0a4cef8b2a86cc623e8dbec4135c6d61b8e5.jpg,,,,,,,private-reference-only
galvi,http://www.galvi.com/moduli/catalogo/schedatecnica/20,jpg,tabella_20_1.jpg,355bd103a26a1fda7b0b2853c22ef3181341801130ca79caf1bf430032090aef,sources/raw/galvi-import/355bd103a26a1fda7b0b2853c22ef3181341801130ca79caf1bf430032090aef.jpg,,,,,,,private-reference-only
galvi,http://www.galvi.com/moduli/catalogo/schedatecnica/21,txt,INFO.txt,84cf051fc4fdf0ee7fabad1b1bd67dd717966767eca9dbb2da18752ceef8304f,sources/raw/galvi-import/84cf051fc4fdf0ee7fabad1b1bd67dd717966767eca9dbb2da18752ceef8304f.txt,,,,,,,private-reference-only
galvi,http://www.galvi.com/moduli/catalogo/schedatecnica/21,jpg,disegno_21_1.jpg,4f10e9e755f75b48affcdc21ea73b4e1a71c20fb4a77b5909c1935a60f9a5331,sources/raw/galvi-import/4f10e9e755f75b48affcdc21ea73b4e1a71c20fb4a77b5909c1935a60f9a5331.jpg,,,,,,,private-reference-only
galvi,http://www.galvi.com/moduli/catalogo/schedatecnica/21,jpg,tabella_21_1.jpg,21e8a8ecb0a2b40e54997fcc7d173454fc79313bc2a6a656430ec493bd6a23ce,sources/raw/galvi-import/21e8a8ecb0a2b40e54997fcc7d173454fc79313bc2a6a656430ec493bd6a23ce.jpg,,,,,,,private-reference-only
galvi,http://www.galvi.com/moduli/catalogo/schedatecnica/22,txt,INFO.txt,f2f72686c5866705aaf61b30c1e5e9837eab2fd91cca67bd5172f76e9407b97e,sources/raw/galvi-import/f2f72686c5866705aaf61b30c1e5e9837eab2fd91cca67bd5172f76e9407b97e.txt,,,,,,,private-reference-only
galvi,http://www.galvi.com/moduli/catalogo/schedatecnica/22,jpg,disegno_22_1.jpg,6aa4f8ca905e94c6466e33e492fa7d3a9c3c9648e62b2daa48b10b5b6e10e87f,sources/raw/galvi-import/6aa4f8ca905e94c6466e33e492fa7d3a9c3c9648e62b2daa48b10b5b6e10e87f.jpg,,,,,,,private-reference-only
galvi,http://www.galvi.com/moduli/catalogo/schedatecnica/22,jpg,tabella_22_1.jpg,8624ba0cd4530009f57014465fd0a70058dfbf246cd998995aa31f81ef210598,sources/raw/galvi-import/8624ba0cd4530009f57014465fd0a70058dfbf246cd998995aa31f81ef210598.jpg,,,,,,,private-reference-only
galvi,http://www.galvi.com/moduli/catalogo/schedatecnica/23,txt,INFO.txt,b873b1a6ee0bcbc9c63c5060f8d436cbd590a9a9319139952c051a9a410269bc,sources/raw/galvi-import/b873b1a6ee0bcbc9c63c5060f8d436cbd590a9a9319139952c051a9a410269bc.txt,,,,,,,private-reference-only
galvi,http://www.galvi.com/moduli/catalogo/schedatecnica/23,jpg,disegno_23_1.jpg,6e445bd9d0c67d3165bf91b35c23c15b508af679273307ea9926e5522fa9d079,sources/raw/galvi-import/6e445bd9d0c67d3165bf91b35c23c15b508af679273307ea9926e5522fa9d079.jpg,,,,,,,private-reference-only
galvi,http://www.galvi.com/moduli/catalogo/schedatecnica/23,jpg,tabella_23_1.jpg,156e1b20773e6646dba5a0dca21f202ae783390483c701435a366590a8ed8c52,sources/raw/galvi-import/156e1b20773e6646dba5a0dca21f202ae783390483c701435a366590a8ed8c52.jpg,,,,,,,private-reference-only
galvi,http://www.galvi.com/moduli/catalogo/schedatecnica/24,pdf,GALVI Calipers PC.HYD - Options.pdf,89bffd0ce7d0a06b5b99fa4cfd0656469174ac2a14b8a06a0deb0fbdad6505dd,sources/raw/galvi-import/89bffd0ce7d0a06b5b99fa4cfd0656469174ac2a14b8a06a0deb0fbdad6505dd.pdf,,,,not identified,1,parsed,private-reference-only
galvi,http://www.galvi.com/moduli/catalogo/schedatecnica/24,pdf,GALVI Calipers PC.HYD.pdf,ab14fb49e0715d1d7dd73f820d22a8b7dc9e515738d54bb83600cf6b8a259cb1,sources/raw/galvi-import/ab14fb49e0715d1d7dd73f820d22a8b7dc9e515738d54bb83600cf6b8a259cb1.pdf,,,,not identified,1,parsed,private-reference-only
galvi,http://www.galvi.com/moduli/catalogo/schedatecnica/24,txt,INFO.txt,0948352164ba8fd9df7f005434db84f053486820838cc4b7fbbd356c9b1912e8,sources/raw/galvi-import/0948352164ba8fd9df7f005434db84f053486820838cc4b7fbbd356c9b1912e8.txt,,,,,,,private-reference-only
galvi,http://www.galvi.com/moduli/catalogo/schedatecnica/25,pdf,GALVI Calipers PE-PX-1.pdf,b9e3c37653550617de2ca95ae2359b5b7d32739723c6aa7bbcbc46619ba34b25,sources/raw/galvi-import/b9e3c37653550617de2ca95ae2359b5b7d32739723c6aa7bbcbc46619ba34b25.pdf,,,,not identified,1,parsed,private-reference-only
galvi,http://www.galvi.com/moduli/catalogo/schedatecnica/25,pdf,GALVI Calipers PE-PX-2.pdf,9fe00a5d84516aab6e3e2bf22cfe9d520525f5394cd87dd1f0e35db7ef6a9ccf,sources/raw/galvi-import/9fe00a5d84516aab6e3e2bf22cfe9d520525f5394cd87dd1f0e35db7ef6a9ccf.pdf,,,,not identified,1,parsed,private-reference-only
galvi,http://www.galvi.com/moduli/catalogo/schedatecnica/25,pdf,GALVI Calipers PE-PX-3.pdf,7de5be80cd949807cad2cd3db3ce266afcce4f8baeb028fe94d54d2560ac6a60,sources/raw/galvi-import/7de5be80cd949807cad2cd3db3ce266afcce4f8baeb028fe94d54d2560ac6a60.pdf,,,,not identified,1,parsed,private-reference-only
galvi,http://www.galvi.com/moduli/catalogo/schedatecnica/25,pdf,GALVI Calipers PE-PX-4.pdf,8df292de4e9332e0454b049e637236cb6a272e32e9a911f21b61b847a4d3cd17,sources/raw/galvi-import/8df292de4e9332e0454b049e637236cb6a272e32e9a911f21b61b847a4d3cd17.pdf,,,,not identified,1,parsed,private-reference-only
galvi,http://www.galvi.com/moduli/catalogo/schedatecnica/25,pdf,GALVI Calipers PE-PX.pdf,ec105eae78c71a27bc6b80033c29e6d6c1252e44287370122cdca84b7576ca8e,sources/raw/galvi-import/ec105eae78c71a27bc6b80033c29e6d6c1252e44287370122cdca84b7576ca8e.pdf,,,,not identified,1,parsed,private-reference-only
galvi,http://www.galvi.com/moduli/catalogo/schedatecnica/25,txt,INFO.txt,2e3354a392e52c4217cf08c7cd1ae585349bf0e5b4c3427dc35ec18bdda1d580,sources/raw/galvi-import/2e3354a392e52c4217cf08c7cd1ae585349bf0e5b4c3427dc35ec18bdda1d580.txt,,,,,,,private-reference-only
galvi,http://www.galvi.com/moduli/catalogo/schedatecnica/26,txt,INFO.txt,9f9950fd555b70cf3ebb2f7681234b941027b3ae30e6e7b02aad8a98a95c83e4,sources/raw/galvi-import/9f9950fd555b70cf3ebb2f7681234b941027b3ae30e6e7b02aad8a98a95c83e4.txt,,,,,,,private-reference-only
galvi,http://www.galvi.com/moduli/catalogo/schedatecnica/26,pdf,PN.121-2.pdf,ddb513707a4461b5da1a8042baa9e70c1d00ae42af8156d8e8b43bf8afa6b041,sources/raw/galvi-import/ddb513707a4461b5da1a8042baa9e70c1d00ae42af8156d8e8b43bf8afa6b041.pdf,,,,,,,private-reference-only
galvi,http://www.galvi.com/moduli/catalogo/schedatecnica/26,pdf,PN.121-3.pdf,b35cf9a7eb910a97fae34e43dbba8bc563b9767b7b0b280c93ad1e0b5e565d24,sources/raw/galvi-import/b35cf9a7eb910a97fae34e43dbba8bc563b9767b7b0b280c93ad1e0b5e565d24.pdf,,,,,,,private-reference-only
galvi,http://www.galvi.com/moduli/catalogo/schedatecnica/26,pdf,PN.121-4.pdf,308ca3d81f23aef4af02e16465b229ddd2358d95dab1d64b70d81db38b5c8da2,sources/raw/galvi-import/308ca3d81f23aef4af02e16465b229ddd2358d95dab1d64b70d81db38b5c8da2.pdf,,,,,,,private-reference-only
galvi,http://www.galvi.com/moduli/catalogo/schedatecnica/26,pdf,PN.121-5.pdf,6becc044058ef87061ac557680e1b57f7542e6589ade57c93d6818ab40bc8500,sources/raw/galvi-import/6becc044058ef87061ac557680e1b57f7542e6589ade57c93d6818ab40bc8500.pdf,,,,,,,private-reference-only
galvi,http://www.galvi.com/moduli/catalogo/schedatecnica/26,pdf,PN.121-6.pdf,0da287b2e7b5642e39eca2024d3089bc98b64aa52c4c96dd3cb9cdf8b945108f,sources/raw/galvi-import/0da287b2e7b5642e39eca2024d3089bc98b64aa52c4c96dd3cb9cdf8b945108f.pdf,,,,,,,private-reference-only
galvi,http://www.galvi.com/moduli/catalogo/schedatecnica/26,pdf,PN.121-7.pdf,899cff90e4d92563b85725b8774e7ae0e32511d009d71b292f2f0a9e43a67bb9,sources/raw/galvi-import/899cff90e4d92563b85725b8774e7ae0e32511d009d71b292f2f0a9e43a67bb9.pdf,,,,,,,private-reference-only
galvi,http://www.galvi.com/moduli/catalogo/schedatecnica/27,pdf,GALVI Caliper SLDU-030.pdf,41ab177e7eaebba2a4e0151511a748738c32673cf41e36607a685d99b9a64ed9,sources/raw/galvi-import/41ab177e7eaebba2a4e0151511a748738c32673cf41e36607a685d99b9a64ed9.pdf,,,,not identified,1,parsed,private-reference-only
galvi,http://www.galvi.com/moduli/catalogo/schedatecnica/27,pdf,GALVI Caliper SLDU-060.pdf,d9c487c418237180bc291a9ac078d39c07b823c27168311f6be2c9df68618ae5,sources/raw/galvi-import/d9c487c418237180bc291a9ac078d39c07b823c27168311f6be2c9df68618ae5.pdf,,,,not identified,1,parsed,private-reference-only
galvi,http://www.galvi.com/moduli/catalogo/schedatecnica/27,pdf,"GALVI Calipers SLDU-030, SLDU-060.pdf",47f22f84af6d252121a6e18990dd808ae9d9f7c290ba80a9eeee9ea1dbbf046e,sources/raw/galvi-import/47f22f84af6d252121a6e18990dd808ae9d9f7c290ba80a9eeee9ea1dbbf046e.pdf,,,,not identified,1,parsed,private-reference-only
galvi,http://www.galvi.com/moduli/catalogo/schedatecnica/27,txt,INFO.txt,96922b205be8225f29d4d850bcf05e7013ea1aa7744ac83a19bcd3d4f77d8b42,sources/raw/galvi-import/96922b205be8225f29d4d850bcf05e7013ea1aa7744ac83a19bcd3d4f77d8b42.txt,,,,,,,private-reference-only
galvi,http://www.galvi.com/moduli/catalogo/schedatecnica/28,pdf,GALVI Hydraulic Unit EMEHYD-5552.pdf,f32e332ab4758026a0d22b9e82d0fb6396ae1d5d434c5ff3306601137baf7a7c,sources/raw/galvi-import/f32e332ab4758026a0d22b9e82d0fb6396ae1d5d434c5ff3306601137baf7a7c.pdf,,,,not identified,4,parsed,private-reference-only
galvi,http://www.galvi.com/moduli/catalogo/schedatecnica/28,pdf,GALVI Hydraulic Unit EMEHYD-6552-SPECIAL.pdf,449409a202347e39f951caf815b7cbe5956f4f741e24ed4053853f2ca6a0237d,sources/raw/galvi-import/449409a202347e39f951caf815b7cbe5956f4f741e24ed4053853f2ca6a0237d.pdf,,,,not identified,4,parsed,private-reference-only
galvi,http://www.galvi.com/moduli/catalogo/schedatecnica/28,pdf,GALVI Hydraulic Unit EMEHYD-6552.pdf,7cc3976840166247c5a447d0abbe2df5faf6908dd6d36103a98c272a44a76cfd,sources/raw/galvi-import/7cc3976840166247c5a447d0abbe2df5faf6908dd6d36103a98c272a44a76cfd.pdf,,,,not identified,4,parsed,private-reference-only
galvi,http://www.galvi.com/moduli/catalogo/schedatecnica/28,pdf,GALVI Hydraulic Unit EMEHYD-6863-SPECIAL.pdf,59e1455c25842bda96b1a5e00c5a58c094d52ae2e7d1a074bd565e20366f2932,sources/raw/galvi-import/59e1455c25842bda96b1a5e00c5a58c094d52ae2e7d1a074bd565e20366f2932.pdf,,,,not identified,4,parsed,private-reference-only
galvi,http://www.galvi.com/moduli/catalogo/schedatecnica/28,pdf,GALVI Hydraulic Unit EMEHYD-6863.pdf,f1fe07c10e731506263306f28642d32053b6c61e17a841f55dba1bbcf5ef7e11,sources/raw/galvi-import/f1fe07c10e731506263306f28642d32053b6c61e17a841f55dba1bbcf5ef7e11.pdf,,,,not identified,4,parsed,private-reference-only
galvi,http://www.galvi.com/moduli/catalogo/schedatecnica/28,pdf,GALVI Hydraulic Units EMEHYD.pdf,127a16cc74d2f42a3005bac49aca7779281c4d156442bfb119fc81140c9daee2,sources/raw/galvi-import/127a16cc74d2f42a3005bac49aca7779281c4d156442bfb119fc81140c9daee2.pdf,,,,,,,private-reference-only
galvi,http://www.galvi.com/moduli/catalogo/schedatecnica/28,txt,INFO.txt,6d7dc759311f771bfbd6721a05ed37fae419e46d80db81f8af28194deaae6cdf,sources/raw/galvi-import/6d7dc759311f771bfbd6721a05ed37fae419e46d80db81f8af28194deaae6cdf.txt,,,,,,,private-reference-only
galvi,http://www.galvi.com/moduli/catalogo/schedatecnica/29,pdf,DF.227.pdf,2b4d1a3f3ac4839daf3a96832dfac753faed9f26041636bb87f391fca92a5991,sources/raw/galvi-import/2b4d1a3f3ac4839daf3a96832dfac753faed9f26041636bb87f391fca92a5991.pdf,,,,,,,private-reference-only
galvi,http://www.galvi.com/moduli/catalogo/schedatecnica/29,txt,INFO.txt,a6c5c8cb680d7c5e21e70035c2ed943396f2a813041d81417b20139585191004,sources/raw/galvi-import/a6c5c8cb680d7c5e21e70035c2ed943396f2a813041d81417b20139585191004.txt,,,,,,,private-reference-only
galvi,http://www.galvi.com/moduli/catalogo/schedatecnica/30,pdf,DF.221.pdf,33c4da93f0a93dca2a271f1efd604842e50ed3c19c20b7e06500420085785363,sources/raw/galvi-import/33c4da93f0a93dca2a271f1efd604842e50ed3c19c20b7e06500420085785363.pdf,,,,,,,private-reference-only
galvi,http://www.galvi.com/moduli/catalogo/schedatecnica/30,pdf,DF.223.pdf,c487ddb286f4d922eefb5fa68e13728529eb92d55beb6fc59952e804149219e2,sources/raw/galvi-import/c487ddb286f4d922eefb5fa68e13728529eb92d55beb6fc59952e804149219e2.pdf,,,,,,,private-reference-only
galvi,http://www.galvi.com/moduli/catalogo/schedatecnica/30,txt,INFO.txt,b289bef9af283b6c79fe4c4cb86ef1bea8a0fb81d8440f4012cd1eb09c98ecdd,sources/raw/galvi-import/b289bef9af283b6c79fe4c4cb86ef1bea8a0fb81d8440f4012cd1eb09c98ecdd.txt,,,,,,,private-reference-only
galvi,http://www.galvi.com/moduli/catalogo/schedatecnica/31,pdf,DIS-03.pdf,7d4b3dec256aa3c86aec99b5b01d50cb2ace8ea9e0561381b1fa4f58f4845b87,sources/raw/galvi-import/7d4b3dec256aa3c86aec99b5b01d50cb2ace8ea9e0561381b1fa4f58f4845b87.pdf,,,,,,,private-reference-only
galvi,http://www.galvi.com/moduli/catalogo/schedatecnica/31,pdf,DIS-04.pdf,46b5ac8ebdb2a1599a5aaaf425fd3917ed11475a83d9b591210ab55f92a76e45,sources/raw/galvi-import/46b5ac8ebdb2a1599a5aaaf425fd3917ed11475a83d9b591210ab55f92a76e45.pdf,,,,,,,private-reference-only
galvi,http://www.galvi.com/moduli/catalogo/schedatecnica/31,txt,INFO.txt,0cdcb16591c803953c1fd3f7e64f7e0ce40225686fcb2881eb5efa3a93425819,sources/raw/galvi-import/0cdcb16591c803953c1fd3f7e64f7e0ce40225686fcb2881eb5efa3a93425819.txt,,,,,,,private-reference-only
galvi,http://www.galvi.com/moduli/catalogo/schedatecnica/32,pdf,DIS-01.pdf,e3b0c44298fc1c149afbf4c8996fb92427ae41e4649b934ca495991b7852b855,sources/raw/galvi-import/e3b0c44298fc1c149afbf4c8996fb92427ae41e4649b934ca495991b7852b855.pdf,,,,,,error,private-reference-only
galvi,http://www.galvi.com/moduli/catalogo/schedatecnica/32,pdf,DIS-01_2022.pdf,4e5c9033fbafb156ff30db3d5742e76dbb37f2efcef1edfdd0c9d47a2a12058c,sources/raw/galvi-import/4e5c9033fbafb156ff30db3d5742e76dbb37f2efcef1edfdd0c9d47a2a12058c.pdf,,,,,,,private-reference-only
galvi,http://www.galvi.com/moduli/catalogo/schedatecnica/32,pdf,DIS-02.pdf,42318af300ca10f48523b01aaf2b15a9e0204048396aab559972cad72c1aa034,sources/raw/galvi-import/42318af300ca10f48523b01aaf2b15a9e0204048396aab559972cad72c1aa034.pdf,,,,,,,private-reference-only
galvi,http://www.galvi.com/moduli/catalogo/schedatecnica/32,txt,INFO.txt,437b3ebbae455ee72feb256a171f2645550c855d19055e9afa4e9380a620f00c,sources/raw/galvi-import/437b3ebbae455ee72feb256a171f2645550c855d19055e9afa4e9380a620f00c.txt,,,,,,,private-reference-only
galvi,http://www.galvi.com/moduli/catalogo/schedatecnica/33,txt,INFO.txt,52eb5f4ae26797f15fb21f4f481adc34b81d265188ccbd57fbf070ab89a8f63b,sources/raw/galvi-import/52eb5f4ae26797f15fb21f4f481adc34b81d265188ccbd57fbf070ab89a8f63b.txt,,,,,,,private-reference-only
galvi,http://www.galvi.com/moduli/catalogo/schedatecnica/33,jpg,disegno_14_1.jpg,a30b652734a4c3efab15ee891939006f3b1298732791fdf4989f2142237b381e,sources/raw/galvi-import/a30b652734a4c3efab15ee891939006f3b1298732791fdf4989f2142237b381e.jpg,,,,,,,private-reference-only
galvi,http://www.galvi.com/moduli/catalogo/schedatecnica/33,jpg,tabella_14_1.jpg,0cf443371ee12e91ed8596c546995d1be3996158e3a6f67380812e54b0da17da,sources/raw/galvi-import/0cf443371ee12e91ed8596c546995d1be3996158e3a6f67380812e54b0da17da.jpg,,,,,,,private-reference-only
galvi,http://www.galvi.com/moduli/catalogo/schedatecnica/34,pdf,GALVI Buffers Catalogue.pdf,553bc8f60d6b54ed28543aaa8d01dfbcc5a3b957ed1043b28af6b8262f11ca1c,sources/raw/galvi-import/553bc8f60d6b54ed28543aaa8d01dfbcc5a3b957ed1043b28af6b8262f11ca1c.pdf,,,,not identified,6,parsed,private-reference-only
galvi,http://www.galvi.com/moduli/catalogo/schedatecnica/34,txt,INFO.txt,917749cefd6a83b34d408864312aa8e56721dca2081906cd712d42129764213c,sources/raw/galvi-import/917749cefd6a83b34d408864312aa8e56721dca2081906cd712d42129764213c.txt,,,,,,,private-reference-only
galvi,http://www.galvi.com/moduli/catalogo/schedatecnica/35,pdf,GALVI Hydraulic Units MINHYD.pdf,521e0f43b7e2b77c67f14f041195519dbacf132467719fb91364bf08995f4b87,sources/raw/galvi-import/521e0f43b7e2b77c67f14f041195519dbacf132467719fb91364bf08995f4b87.pdf,,,,,,,private-reference-only
galvi,http://www.galvi.com/moduli/catalogo/schedatecnica/35,txt,INFO.txt,a665fa5e145866776ca1b25cf8b3d421e3096fa5c16d69f78acc2dcb303a4ae8,sources/raw/galvi-import/a665fa5e145866776ca1b25cf8b3d421e3096fa5c16d69f78acc2dcb303a4ae8.txt,,,,,,,private-reference-only
galvi,http://www.galvi.com/moduli/catalogo/schedatecnica/36,pdf,GALVI MBS Buffers Technical Leaflet.pdf,5c22fd1dc3907c60ec66533366208f1904387abd2743e9687e89b1bf6dd81385,sources/raw/galvi-import/5c22fd1dc3907c60ec66533366208f1904387abd2743e9687e89b1bf6dd81385.pdf,,,,,,,private-reference-only
galvi,http://www.galvi.com/moduli/catalogo/schedatecnica/36,txt,INFO.txt,b44f649f69720c746a946a9a1584bca482a8358d84121c28a93ddc721aff8cb1,sources/raw/galvi-import/b44f649f69720c746a946a9a1584bca482a8358d84121c28a93ddc721aff8cb1.txt,,,,,,,private-reference-only
galvi,http://www.galvi.com/moduli/catalogo/schedatecnica/37,txt,INFO.txt,a6a60b701134d728d1c78b4509773db1a4ca9239af26d24b1fe69430fde23fa1,sources/raw/galvi-import/a6a60b701134d728d1c78b4509773db1a4ca9239af26d24b1fe69430fde23fa1.txt,,,,,,,private-reference-only
galvi,http://www.galvi.com/moduli/catalogo/schedatecnica/37,jpg,disegno_37_1.jpg,a5235253fe523bd419f846e7cc1b6d2200a0d4244bc5ec088cfb5827cf6b2c90,sources/raw/galvi-import/a5235253fe523bd419f846e7cc1b6d2200a0d4244bc5ec088cfb5827cf6b2c90.jpg,,,,,,,private-reference-only
galvi,http://www.galvi.com/moduli/catalogo/schedatecnica/37,jpg,tabella_37_1.jpg,a7c990d43e6d652c4de49b03c615739e15df4bbc0aa161582d5ecab18b6e6e5b,sources/raw/galvi-import/a7c990d43e6d652c4de49b03c615739e15df4bbc0aa161582d5ecab18b6e6e5b.jpg,,,,,,,private-reference-only
