ISO-10303-21;
HEADER;
FILE_DESCRIPTION(('Open CASCADE Model'),'2;1');
FILE_NAME('Open CASCADE Shape Model','2026-09-06T22:40:25',('Author'),(
    'Open CASCADE'),'Open CASCADE STEP processor 7.8','Open CASCADE 7.8'
  ,'Unknown');
FILE_SCHEMA(('AUTOMOTIVE_DESIGN { 1 0 10303 214 1 1 1 1 }'));
ENDSEC;
DATA;
#1 = APPLICATION_PROTOCOL_DEFINITION('international standard',
  'automotive_design',2000,#2);
#2 = APPLICATION_CONTEXT(
  'core data for automotive mechanical design processes');
#3 = SHAPE_DEFINITION_REPRESENTATION(#4,#10);
#4 = PRODUCT_DEFINITION_SHAPE('','',#5);
#5 = PRODUCT_DEFINITION('design','',#6,#9);
#6 = PRODUCT_DEFINITION_FORMATION('','',#7);
#7 = PRODUCT('AB-SP','AB-SP','',(#8));
#8 = PRODUCT_CONTEXT('',#2,'mechanical');
#9 = PRODUCT_DEFINITION_CONTEXT('part definition',#2,'design');
#10 = SHAPE_REPRESENTATION('',(#11,#15,#19,#23,#27,#31,#35,#39,#43),#47
  );
#11 = AXIS2_PLACEMENT_3D('',#12,#13,#14);
#12 = CARTESIAN_POINT('',(0.,0.,0.));
#13 = DIRECTION('',(0.,0.,1.));
#14 = DIRECTION('',(1.,0.,-0.));
#15 = AXIS2_PLACEMENT_3D('',#16,#17,#18);
#16 = CARTESIAN_POINT('',(-55.,0.,0.));
#17 = DIRECTION('',(0.,0.,1.));
#18 = DIRECTION('',(1.,0.,-0.));
#19 = AXIS2_PLACEMENT_3D('',#20,#21,#22);
#20 = CARTESIAN_POINT('',(-55.,0.,8.));
#21 = DIRECTION('',(0.,0.,1.));
#22 = DIRECTION('',(1.,0.,-0.));
#23 = AXIS2_PLACEMENT_3D('',#24,#25,#26);
#24 = CARTESIAN_POINT('',(-55.,65.,0.));
#25 = DIRECTION('',(0.,0.,1.));
#26 = DIRECTION('',(1.,0.,-0.));
#27 = AXIS2_PLACEMENT_3D('',#28,#29,#30);
#28 = CARTESIAN_POINT('',(-55.,-65.,0.));
#29 = DIRECTION('',(0.,0.,1.));
#30 = DIRECTION('',(1.,0.,-0.));
#31 = AXIS2_PLACEMENT_3D('',#32,#33,#34);
#32 = CARTESIAN_POINT('',(55.,0.,0.));
#33 = DIRECTION('',(0.,0.,1.));
#34 = DIRECTION('',(1.,0.,-0.));
#35 = AXIS2_PLACEMENT_3D('',#36,#37,#38);
#36 = CARTESIAN_POINT('',(55.,0.,8.));
#37 = DIRECTION('',(0.,0.,1.));
#38 = DIRECTION('',(1.,0.,-0.));
#39 = AXIS2_PLACEMENT_3D('',#40,#41,#42);
#40 = CARTESIAN_POINT('',(55.,65.,0.));
#41 = DIRECTION('',(0.,0.,1.));
#42 = DIRECTION('',(1.,0.,-0.));
#43 = AXIS2_PLACEMENT_3D('',#44,#45,#46);
#44 = CARTESIAN_POINT('',(55.,-65.,0.));
#45 = DIRECTION('',(0.,0.,1.));
#46 = DIRECTION('',(1.,0.,-0.));
#47 = ( GEOMETRIC_REPRESENTATION_CONTEXT(3) 
GLOBAL_UNCERTAINTY_ASSIGNED_CONTEXT((#51)) GLOBAL_UNIT_ASSIGNED_CONTEXT(
(#48,#49,#50)) REPRESENTATION_CONTEXT('Context #1',
  '3D Context with UNIT and UNCERTAINTY') );
#48 = ( LENGTH_UNIT() NAMED_UNIT(*) SI_UNIT(.MILLI.,.METRE.) );
#49 = ( NAMED_UNIT(*) PLANE_ANGLE_UNIT() SI_UNIT($,.RADIAN.) );
#50 = ( NAMED_UNIT(*) SI_UNIT($,.STERADIAN.) SOLID_ANGLE_UNIT() );
#51 = UNCERTAINTY_MEASURE_WITH_UNIT(LENGTH_MEASURE(1.E-07),#48,
  'distance_accuracy_value','confusion accuracy');
#52 = PRODUCT_RELATED_PRODUCT_CATEGORY('part',$,(#7));
#53 = SHAPE_DEFINITION_REPRESENTATION(#54,#60);
#54 = PRODUCT_DEFINITION_SHAPE('','',#55);
#55 = PRODUCT_DEFINITION('design','',#56,#59);
#56 = PRODUCT_DEFINITION_FORMATION('','',#57);
#57 = PRODUCT('AB-SP-001','AB-SP-001','',(#58));
#58 = PRODUCT_CONTEXT('',#2,'mechanical');
#59 = PRODUCT_DEFINITION_CONTEXT('part definition',#2,'design');
#60 = ADVANCED_BREP_SHAPE_REPRESENTATION('',(#11,#61),#575);
#61 = MANIFOLD_SOLID_BREP('',#62);
#62 = CLOSED_SHELL('',(#63,#183,#259,#378,#427,#514,#521,#548));
#63 = ADVANCED_FACE('',(#64),#78,.F.);
#64 = FACE_BOUND('',#65,.F.);
#65 = EDGE_LOOP('',(#66,#101,#129,#157));
#66 = ORIENTED_EDGE('',*,*,#67,.F.);
#67 = EDGE_CURVE('',#68,#70,#72,.T.);
#68 = VERTEX_POINT('',#69);
#69 = CARTESIAN_POINT('',(-35.,-30.,-4.));
#70 = VERTEX_POINT('',#71);
#71 = CARTESIAN_POINT('',(-35.,-30.,4.));
#72 = SURFACE_CURVE('',#73,(#77,#89),.PCURVE_S1.);
#73 = LINE('',#74,#75);
#74 = CARTESIAN_POINT('',(-35.,-30.,-4.));
#75 = VECTOR('',#76,1.);
#76 = DIRECTION('',(0.,0.,1.));
#77 = PCURVE('',#78,#83);
#78 = PLANE('',#79);
#79 = AXIS2_PLACEMENT_3D('',#80,#81,#82);
#80 = CARTESIAN_POINT('',(-35.,-30.,-4.));
#81 = DIRECTION('',(1.,0.,0.));
#82 = DIRECTION('',(0.,0.,1.));
#83 = DEFINITIONAL_REPRESENTATION('',(#84),#88);
#84 = LINE('',#85,#86);
#85 = CARTESIAN_POINT('',(0.,0.));
#86 = VECTOR('',#87,1.);
#87 = DIRECTION('',(1.,0.));
#88 = ( GEOMETRIC_REPRESENTATION_CONTEXT(2) 
PARAMETRIC_REPRESENTATION_CONTEXT() REPRESENTATION_CONTEXT('2D SPACE',''
  ) );
#89 = PCURVE('',#90,#95);
#90 = PLANE('',#91);
#91 = AXIS2_PLACEMENT_3D('',#92,#93,#94);
#92 = CARTESIAN_POINT('',(-35.,-30.,-4.));
#93 = DIRECTION('',(0.,1.,0.));
#94 = DIRECTION('',(0.,0.,1.));
#95 = DEFINITIONAL_REPRESENTATION('',(#96),#100);
#96 = LINE('',#97,#98);
#97 = CARTESIAN_POINT('',(0.,0.));
#98 = VECTOR('',#99,1.);
#99 = DIRECTION('',(1.,0.));
#100 = ( GEOMETRIC_REPRESENTATION_CONTEXT(2) 
PARAMETRIC_REPRESENTATION_CONTEXT() REPRESENTATION_CONTEXT('2D SPACE',''
  ) );
#101 = ORIENTED_EDGE('',*,*,#102,.T.);
#102 = EDGE_CURVE('',#68,#103,#105,.T.);
#103 = VERTEX_POINT('',#104);
#104 = CARTESIAN_POINT('',(-35.,30.,-4.));
#105 = SURFACE_CURVE('',#106,(#110,#117),.PCURVE_S1.);
#106 = LINE('',#107,#108);
#107 = CARTESIAN_POINT('',(-35.,-30.,-4.));
#108 = VECTOR('',#109,1.);
#109 = DIRECTION('',(0.,1.,0.));
#110 = PCURVE('',#78,#111);
#111 = DEFINITIONAL_REPRESENTATION('',(#112),#116);
#112 = LINE('',#113,#114);
#113 = CARTESIAN_POINT('',(0.,0.));
#114 = VECTOR('',#115,1.);
#115 = DIRECTION('',(0.,-1.));
#116 = ( GEOMETRIC_REPRESENTATION_CONTEXT(2) 
PARAMETRIC_REPRESENTATION_CONTEXT() REPRESENTATION_CONTEXT('2D SPACE',''
  ) );
#117 = PCURVE('',#118,#123);
#118 = PLANE('',#119);
#119 = AXIS2_PLACEMENT_3D('',#120,#121,#122);
#120 = CARTESIAN_POINT('',(-35.,-30.,-4.));
#121 = DIRECTION('',(0.,0.,1.));
#122 = DIRECTION('',(1.,0.,0.));
#123 = DEFINITIONAL_REPRESENTATION('',(#124),#128);
#124 = LINE('',#125,#126);
#125 = CARTESIAN_POINT('',(0.,0.));
#126 = VECTOR('',#127,1.);
#127 = DIRECTION('',(0.,1.));
#128 = ( GEOMETRIC_REPRESENTATION_CONTEXT(2) 
PARAMETRIC_REPRESENTATION_CONTEXT() REPRESENTATION_CONTEXT('2D SPACE',''
  ) );
#129 = ORIENTED_EDGE('',*,*,#130,.T.);
#130 = EDGE_CURVE('',#103,#131,#133,.T.);
#131 = VERTEX_POINT('',#132);
#132 = CARTESIAN_POINT('',(-35.,30.,4.));
#133 = SURFACE_CURVE('',#134,(#138,#145),.PCURVE_S1.);
#134 = LINE('',#135,#136);
#135 = CARTESIAN_POINT('',(-35.,30.,-4.));
#136 = VECTOR('',#137,1.);
#137 = DIRECTION('',(0.,0.,1.));
#138 = PCURVE('',#78,#139);
#139 = DEFINITIONAL_REPRESENTATION('',(#140),#144);
#140 = LINE('',#141,#142);
#141 = CARTESIAN_POINT('',(0.,-60.));
#142 = VECTOR('',#143,1.);
#143 = DIRECTION('',(1.,0.));
#144 = ( GEOMETRIC_REPRESENTATION_CONTEXT(2) 
PARAMETRIC_REPRESENTATION_CONTEXT() REPRESENTATION_CONTEXT('2D SPACE',''
  ) );
#145 = PCURVE('',#146,#151);
#146 = PLANE('',#147);
#147 = AXIS2_PLACEMENT_3D('',#148,#149,#150);
#148 = CARTESIAN_POINT('',(-35.,30.,-4.));
#149 = DIRECTION('',(0.,1.,0.));
#150 = DIRECTION('',(0.,0.,1.));
#151 = DEFINITIONAL_REPRESENTATION('',(#152),#156);
#152 = LINE('',#153,#154);
#153 = CARTESIAN_POINT('',(0.,0.));
#154 = VECTOR('',#155,1.);
#155 = DIRECTION('',(1.,0.));
#156 = ( GEOMETRIC_REPRESENTATION_CONTEXT(2) 
PARAMETRIC_REPRESENTATION_CONTEXT() REPRESENTATION_CONTEXT('2D SPACE',''
  ) );
#157 = ORIENTED_EDGE('',*,*,#158,.F.);
#158 = EDGE_CURVE('',#70,#131,#159,.T.);
#159 = SURFACE_CURVE('',#160,(#164,#171),.PCURVE_S1.);
#160 = LINE('',#161,#162);
#161 = CARTESIAN_POINT('',(-35.,-30.,4.));
#162 = VECTOR('',#163,1.);
#163 = DIRECTION('',(0.,1.,0.));
#164 = PCURVE('',#78,#165);
#165 = DEFINITIONAL_REPRESENTATION('',(#166),#170);
#166 = LINE('',#167,#168);
#167 = CARTESIAN_POINT('',(8.,0.));
#168 = VECTOR('',#169,1.);
#169 = DIRECTION('',(0.,-1.));
#170 = ( GEOMETRIC_REPRESENTATION_CONTEXT(2) 
PARAMETRIC_REPRESENTATION_CONTEXT() REPRESENTATION_CONTEXT('2D SPACE',''
  ) );
#171 = PCURVE('',#172,#177);
#172 = PLANE('',#173);
#173 = AXIS2_PLACEMENT_3D('',#174,#175,#176);
#174 = CARTESIAN_POINT('',(-35.,-30.,4.));
#175 = DIRECTION('',(0.,0.,1.));
#176 = DIRECTION('',(1.,0.,0.));
#177 = DEFINITIONAL_REPRESENTATION('',(#178),#182);
#178 = LINE('',#179,#180);
#179 = CARTESIAN_POINT('',(0.,0.));
#180 = VECTOR('',#181,1.);
#181 = DIRECTION('',(0.,1.));
#182 = ( GEOMETRIC_REPRESENTATION_CONTEXT(2) 
PARAMETRIC_REPRESENTATION_CONTEXT() REPRESENTATION_CONTEXT('2D SPACE',''
  ) );
#183 = ADVANCED_FACE('',(#184),#90,.F.);
#184 = FACE_BOUND('',#185,.F.);
#185 = EDGE_LOOP('',(#186,#209,#210,#233));
#186 = ORIENTED_EDGE('',*,*,#187,.F.);
#187 = EDGE_CURVE('',#68,#188,#190,.T.);
#188 = VERTEX_POINT('',#189);
#189 = CARTESIAN_POINT('',(35.,-30.,-4.));
#190 = SURFACE_CURVE('',#191,(#195,#202),.PCURVE_S1.);
#191 = LINE('',#192,#193);
#192 = CARTESIAN_POINT('',(-35.,-30.,-4.));
#193 = VECTOR('',#194,1.);
#194 = DIRECTION('',(1.,0.,0.));
#195 = PCURVE('',#90,#196);
#196 = DEFINITIONAL_REPRESENTATION('',(#197),#201);
#197 = LINE('',#198,#199);
#198 = CARTESIAN_POINT('',(0.,0.));
#199 = VECTOR('',#200,1.);
#200 = DIRECTION('',(0.,1.));
#201 = ( GEOMETRIC_REPRESENTATION_CONTEXT(2) 
PARAMETRIC_REPRESENTATION_CONTEXT() REPRESENTATION_CONTEXT('2D SPACE',''
  ) );
#202 = PCURVE('',#118,#203);
#203 = DEFINITIONAL_REPRESENTATION('',(#204),#208);
#204 = LINE('',#205,#206);
#205 = CARTESIAN_POINT('',(0.,0.));
#206 = VECTOR('',#207,1.);
#207 = DIRECTION('',(1.,0.));
#208 = ( GEOMETRIC_REPRESENTATION_CONTEXT(2) 
PARAMETRIC_REPRESENTATION_CONTEXT() REPRESENTATION_CONTEXT('2D SPACE',''
  ) );
#209 = ORIENTED_EDGE('',*,*,#67,.T.);
#210 = ORIENTED_EDGE('',*,*,#211,.T.);
#211 = EDGE_CURVE('',#70,#212,#214,.T.);
#212 = VERTEX_POINT('',#213);
#213 = CARTESIAN_POINT('',(35.,-30.,4.));
#214 = SURFACE_CURVE('',#215,(#219,#226),.PCURVE_S1.);
#215 = LINE('',#216,#217);
#216 = CARTESIAN_POINT('',(-35.,-30.,4.));
#217 = VECTOR('',#218,1.);
#218 = DIRECTION('',(1.,0.,0.));
#219 = PCURVE('',#90,#220);
#220 = DEFINITIONAL_REPRESENTATION('',(#221),#225);
#221 = LINE('',#222,#223);
#222 = CARTESIAN_POINT('',(8.,0.));
#223 = VECTOR('',#224,1.);
#224 = DIRECTION('',(0.,1.));
#225 = ( GEOMETRIC_REPRESENTATION_CONTEXT(2) 
PARAMETRIC_REPRESENTATION_CONTEXT() REPRESENTATION_CONTEXT('2D SPACE',''
  ) );
#226 = PCURVE('',#172,#227);
#227 = DEFINITIONAL_REPRESENTATION('',(#228),#232);
#228 = LINE('',#229,#230);
#229 = CARTESIAN_POINT('',(0.,0.));
#230 = VECTOR('',#231,1.);
#231 = DIRECTION('',(1.,0.));
#232 = ( GEOMETRIC_REPRESENTATION_CONTEXT(2) 
PARAMETRIC_REPRESENTATION_CONTEXT() REPRESENTATION_CONTEXT('2D SPACE',''
  ) );
#233 = ORIENTED_EDGE('',*,*,#234,.F.);
#234 = EDGE_CURVE('',#188,#212,#235,.T.);
#235 = SURFACE_CURVE('',#236,(#240,#247),.PCURVE_S1.);
#236 = LINE('',#237,#238);
#237 = CARTESIAN_POINT('',(35.,-30.,-4.));
#238 = VECTOR('',#239,1.);
#239 = DIRECTION('',(0.,0.,1.));
#240 = PCURVE('',#90,#241);
#241 = DEFINITIONAL_REPRESENTATION('',(#242),#246);
#242 = LINE('',#243,#244);
#243 = CARTESIAN_POINT('',(0.,70.));
#244 = VECTOR('',#245,1.);
#245 = DIRECTION('',(1.,0.));
#246 = ( GEOMETRIC_REPRESENTATION_CONTEXT(2) 
PARAMETRIC_REPRESENTATION_CONTEXT() REPRESENTATION_CONTEXT('2D SPACE',''
  ) );
#247 = PCURVE('',#248,#253);
#248 = PLANE('',#249);
#249 = AXIS2_PLACEMENT_3D('',#250,#251,#252);
#250 = CARTESIAN_POINT('',(35.,-30.,-4.));
#251 = DIRECTION('',(1.,0.,0.));
#252 = DIRECTION('',(0.,0.,1.));
#253 = DEFINITIONAL_REPRESENTATION('',(#254),#258);
#254 = LINE('',#255,#256);
#255 = CARTESIAN_POINT('',(0.,0.));
#256 = VECTOR('',#257,1.);
#257 = DIRECTION('',(1.,0.));
#258 = ( GEOMETRIC_REPRESENTATION_CONTEXT(2) 
PARAMETRIC_REPRESENTATION_CONTEXT() REPRESENTATION_CONTEXT('2D SPACE',''
  ) );
#259 = ADVANCED_FACE('',(#260,#308,#343),#172,.T.);
#260 = FACE_BOUND('',#261,.T.);
#261 = EDGE_LOOP('',(#262,#263,#264,#287));
#262 = ORIENTED_EDGE('',*,*,#158,.F.);
#263 = ORIENTED_EDGE('',*,*,#211,.T.);
#264 = ORIENTED_EDGE('',*,*,#265,.T.);
#265 = EDGE_CURVE('',#212,#266,#268,.T.);
#266 = VERTEX_POINT('',#267);
#267 = CARTESIAN_POINT('',(35.,30.,4.));
#268 = SURFACE_CURVE('',#269,(#273,#280),.PCURVE_S1.);
#269 = LINE('',#270,#271);
#270 = CARTESIAN_POINT('',(35.,-30.,4.));
#271 = VECTOR('',#272,1.);
#272 = DIRECTION('',(0.,1.,0.));
#273 = PCURVE('',#172,#274);
#274 = DEFINITIONAL_REPRESENTATION('',(#275),#279);
#275 = LINE('',#276,#277);
#276 = CARTESIAN_POINT('',(70.,0.));
#277 = VECTOR('',#278,1.);
#278 = DIRECTION('',(0.,1.));
#279 = ( GEOMETRIC_REPRESENTATION_CONTEXT(2) 
PARAMETRIC_REPRESENTATION_CONTEXT() REPRESENTATION_CONTEXT('2D SPACE',''
  ) );
#280 = PCURVE('',#248,#281);
#281 = DEFINITIONAL_REPRESENTATION('',(#282),#286);
#282 = LINE('',#283,#284);
#283 = CARTESIAN_POINT('',(8.,0.));
#284 = VECTOR('',#285,1.);
#285 = DIRECTION('',(0.,-1.));
#286 = ( GEOMETRIC_REPRESENTATION_CONTEXT(2) 
PARAMETRIC_REPRESENTATION_CONTEXT() REPRESENTATION_CONTEXT('2D SPACE',''
  ) );
#287 = ORIENTED_EDGE('',*,*,#288,.F.);
#288 = EDGE_CURVE('',#131,#266,#289,.T.);
#289 = SURFACE_CURVE('',#290,(#294,#301),.PCURVE_S1.);
#290 = LINE('',#291,#292);
#291 = CARTESIAN_POINT('',(-35.,30.,4.));
#292 = VECTOR('',#293,1.);
#293 = DIRECTION('',(1.,0.,0.));
#294 = PCURVE('',#172,#295);
#295 = DEFINITIONAL_REPRESENTATION('',(#296),#300);
#296 = LINE('',#297,#298);
#297 = CARTESIAN_POINT('',(0.,60.));
#298 = VECTOR('',#299,1.);
#299 = DIRECTION('',(1.,0.));
#300 = ( GEOMETRIC_REPRESENTATION_CONTEXT(2) 
PARAMETRIC_REPRESENTATION_CONTEXT() REPRESENTATION_CONTEXT('2D SPACE',''
  ) );
#301 = PCURVE('',#146,#302);
#302 = DEFINITIONAL_REPRESENTATION('',(#303),#307);
#303 = LINE('',#304,#305);
#304 = CARTESIAN_POINT('',(8.,0.));
#305 = VECTOR('',#306,1.);
#306 = DIRECTION('',(0.,1.));
#307 = ( GEOMETRIC_REPRESENTATION_CONTEXT(2) 
PARAMETRIC_REPRESENTATION_CONTEXT() REPRESENTATION_CONTEXT('2D SPACE',''
  ) );
#308 = FACE_BOUND('',#309,.T.);
#309 = EDGE_LOOP('',(#310));
#310 = ORIENTED_EDGE('',*,*,#311,.T.);
#311 = EDGE_CURVE('',#312,#312,#314,.T.);
#312 = VERTEX_POINT('',#313);
#313 = CARTESIAN_POINT('',(-20.75,0.,4.));
#314 = SURFACE_CURVE('',#315,(#320,#331),.PCURVE_S1.);
#315 = CIRCLE('',#316,4.25);
#316 = AXIS2_PLACEMENT_3D('',#317,#318,#319);
#317 = CARTESIAN_POINT('',(-25.,0.,4.));
#318 = DIRECTION('',(0.,0.,-1.));
#319 = DIRECTION('',(1.,0.,0.));
#320 = PCURVE('',#172,#321);
#321 = DEFINITIONAL_REPRESENTATION('',(#322),#330);
#322 = ( BOUNDED_CURVE() B_SPLINE_CURVE(2,(#323,#324,#325,#326,#327,#328
,#329),.UNSPECIFIED.,.T.,.F.) B_SPLINE_CURVE_WITH_KNOTS((1,2,2,2,2,1),(
    -2.094395102393,0.,2.094395102393,4.188790204786,6.28318530718,
8.377580409573),.UNSPECIFIED.) CURVE() GEOMETRIC_REPRESENTATION_ITEM() 
RATIONAL_B_SPLINE_CURVE((1.,0.5,1.,0.5,1.,0.5,1.)) REPRESENTATION_ITEM(
  '') );
#323 = CARTESIAN_POINT('',(14.25,30.));
#324 = CARTESIAN_POINT('',(14.25,22.638784067832));
#325 = CARTESIAN_POINT('',(7.875,26.319392033916));
#326 = CARTESIAN_POINT('',(1.5,30.));
#327 = CARTESIAN_POINT('',(7.875,33.680607966084));
#328 = CARTESIAN_POINT('',(14.25,37.361215932168));
#329 = CARTESIAN_POINT('',(14.25,30.));
#330 = ( GEOMETRIC_REPRESENTATION_CONTEXT(2) 
PARAMETRIC_REPRESENTATION_CONTEXT() REPRESENTATION_CONTEXT('2D SPACE',''
  ) );
#331 = PCURVE('',#332,#337);
#332 = CYLINDRICAL_SURFACE('',#333,4.25);
#333 = AXIS2_PLACEMENT_3D('',#334,#335,#336);
#334 = CARTESIAN_POINT('',(-25.,0.,-5.));
#335 = DIRECTION('',(-0.,-0.,-1.));
#336 = DIRECTION('',(1.,0.,0.));
#337 = DEFINITIONAL_REPRESENTATION('',(#338),#342);
#338 = LINE('',#339,#340);
#339 = CARTESIAN_POINT('',(-6.28318530718,-9.));
#340 = VECTOR('',#341,1.);
#341 = DIRECTION('',(1.,-0.));
#342 = ( GEOMETRIC_REPRESENTATION_CONTEXT(2) 
PARAMETRIC_REPRESENTATION_CONTEXT() REPRESENTATION_CONTEXT('2D SPACE',''
  ) );
#343 = FACE_BOUND('',#344,.T.);
#344 = EDGE_LOOP('',(#345));
#345 = ORIENTED_EDGE('',*,*,#346,.T.);
#346 = EDGE_CURVE('',#347,#347,#349,.T.);
#347 = VERTEX_POINT('',#348);
#348 = CARTESIAN_POINT('',(29.25,0.,4.));
#349 = SURFACE_CURVE('',#350,(#355,#366),.PCURVE_S1.);
#350 = CIRCLE('',#351,4.25);
#351 = AXIS2_PLACEMENT_3D('',#352,#353,#354);
#352 = CARTESIAN_POINT('',(25.,0.,4.));
#353 = DIRECTION('',(0.,0.,-1.));
#354 = DIRECTION('',(1.,0.,0.));
#355 = PCURVE('',#172,#356);
#356 = DEFINITIONAL_REPRESENTATION('',(#357),#365);
#357 = ( BOUNDED_CURVE() B_SPLINE_CURVE(2,(#358,#359,#360,#361,#362,#363
,#364),.UNSPECIFIED.,.T.,.F.) B_SPLINE_CURVE_WITH_KNOTS((1,2,2,2,2,1),(
    -2.094395102393,0.,2.094395102393,4.188790204786,6.28318530718,
8.377580409573),.UNSPECIFIED.) CURVE() GEOMETRIC_REPRESENTATION_ITEM() 
RATIONAL_B_SPLINE_CURVE((1.,0.5,1.,0.5,1.,0.5,1.)) REPRESENTATION_ITEM(
  '') );
#358 = CARTESIAN_POINT('',(64.25,30.));
#359 = CARTESIAN_POINT('',(64.25,22.638784067832));
#360 = CARTESIAN_POINT('',(57.875,26.319392033916));
#361 = CARTESIAN_POINT('',(51.5,30.));
#362 = CARTESIAN_POINT('',(57.875,33.680607966084));
#363 = CARTESIAN_POINT('',(64.25,37.361215932168));
#364 = CARTESIAN_POINT('',(64.25,30.));
#365 = ( GEOMETRIC_REPRESENTATION_CONTEXT(2) 
PARAMETRIC_REPRESENTATION_CONTEXT() REPRESENTATION_CONTEXT('2D SPACE',''
  ) );
#366 = PCURVE('',#367,#372);
#367 = CYLINDRICAL_SURFACE('',#368,4.25);
#368 = AXIS2_PLACEMENT_3D('',#369,#370,#371);
#369 = CARTESIAN_POINT('',(25.,0.,-5.));
#370 = DIRECTION('',(-0.,-0.,-1.));
#371 = DIRECTION('',(1.,0.,0.));
#372 = DEFINITIONAL_REPRESENTATION('',(#373),#377);
#373 = LINE('',#374,#375);
#374 = CARTESIAN_POINT('',(-6.28318530718,-9.));
#375 = VECTOR('',#376,1.);
#376 = DIRECTION('',(1.,-0.));
#377 = ( GEOMETRIC_REPRESENTATION_CONTEXT(2) 
PARAMETRIC_REPRESENTATION_CONTEXT() REPRESENTATION_CONTEXT('2D SPACE',''
  ) );
#378 = ADVANCED_FACE('',(#379),#146,.T.);
#379 = FACE_BOUND('',#380,.T.);
#380 = EDGE_LOOP('',(#381,#404,#405,#406));
#381 = ORIENTED_EDGE('',*,*,#382,.F.);
#382 = EDGE_CURVE('',#103,#383,#385,.T.);
#383 = VERTEX_POINT('',#384);
#384 = CARTESIAN_POINT('',(35.,30.,-4.));
#385 = SURFACE_CURVE('',#386,(#390,#397),.PCURVE_S1.);
#386 = LINE('',#387,#388);
#387 = CARTESIAN_POINT('',(-35.,30.,-4.));
#388 = VECTOR('',#389,1.);
#389 = DIRECTION('',(1.,0.,0.));
#390 = PCURVE('',#146,#391);
#391 = DEFINITIONAL_REPRESENTATION('',(#392),#396);
#392 = LINE('',#393,#394);
#393 = CARTESIAN_POINT('',(0.,0.));
#394 = VECTOR('',#395,1.);
#395 = DIRECTION('',(0.,1.));
#396 = ( GEOMETRIC_REPRESENTATION_CONTEXT(2) 
PARAMETRIC_REPRESENTATION_CONTEXT() REPRESENTATION_CONTEXT('2D SPACE',''
  ) );
#397 = PCURVE('',#118,#398);
#398 = DEFINITIONAL_REPRESENTATION('',(#399),#403);
#399 = LINE('',#400,#401);
#400 = CARTESIAN_POINT('',(0.,60.));
#401 = VECTOR('',#402,1.);
#402 = DIRECTION('',(1.,0.));
#403 = ( GEOMETRIC_REPRESENTATION_CONTEXT(2) 
PARAMETRIC_REPRESENTATION_CONTEXT() REPRESENTATION_CONTEXT('2D SPACE',''
  ) );
#404 = ORIENTED_EDGE('',*,*,#130,.T.);
#405 = ORIENTED_EDGE('',*,*,#288,.T.);
#406 = ORIENTED_EDGE('',*,*,#407,.F.);
#407 = EDGE_CURVE('',#383,#266,#408,.T.);
#408 = SURFACE_CURVE('',#409,(#413,#420),.PCURVE_S1.);
#409 = LINE('',#410,#411);
#410 = CARTESIAN_POINT('',(35.,30.,-4.));
#411 = VECTOR('',#412,1.);
#412 = DIRECTION('',(0.,0.,1.));
#413 = PCURVE('',#146,#414);
#414 = DEFINITIONAL_REPRESENTATION('',(#415),#419);
#415 = LINE('',#416,#417);
#416 = CARTESIAN_POINT('',(0.,70.));
#417 = VECTOR('',#418,1.);
#418 = DIRECTION('',(1.,0.));
#419 = ( GEOMETRIC_REPRESENTATION_CONTEXT(2) 
PARAMETRIC_REPRESENTATION_CONTEXT() REPRESENTATION_CONTEXT('2D SPACE',''
  ) );
#420 = PCURVE('',#248,#421);
#421 = DEFINITIONAL_REPRESENTATION('',(#422),#426);
#422 = LINE('',#423,#424);
#423 = CARTESIAN_POINT('',(0.,-60.));
#424 = VECTOR('',#425,1.);
#425 = DIRECTION('',(1.,0.));
#426 = ( GEOMETRIC_REPRESENTATION_CONTEXT(2) 
PARAMETRIC_REPRESENTATION_CONTEXT() REPRESENTATION_CONTEXT('2D SPACE',''
  ) );
#427 = ADVANCED_FACE('',(#428,#454,#484),#118,.F.);
#428 = FACE_BOUND('',#429,.F.);
#429 = EDGE_LOOP('',(#430,#431,#432,#453));
#430 = ORIENTED_EDGE('',*,*,#102,.F.);
#431 = ORIENTED_EDGE('',*,*,#187,.T.);
#432 = ORIENTED_EDGE('',*,*,#433,.T.);
#433 = EDGE_CURVE('',#188,#383,#434,.T.);
#434 = SURFACE_CURVE('',#435,(#439,#446),.PCURVE_S1.);
#435 = LINE('',#436,#437);
#436 = CARTESIAN_POINT('',(35.,-30.,-4.));
#437 = VECTOR('',#438,1.);
#438 = DIRECTION('',(0.,1.,0.));
#439 = PCURVE('',#118,#440);
#440 = DEFINITIONAL_REPRESENTATION('',(#441),#445);
#441 = LINE('',#442,#443);
#442 = CARTESIAN_POINT('',(70.,0.));
#443 = VECTOR('',#444,1.);
#444 = DIRECTION('',(0.,1.));
#445 = ( GEOMETRIC_REPRESENTATION_CONTEXT(2) 
PARAMETRIC_REPRESENTATION_CONTEXT() REPRESENTATION_CONTEXT('2D SPACE',''
  ) );
#446 = PCURVE('',#248,#447);
#447 = DEFINITIONAL_REPRESENTATION('',(#448),#452);
#448 = LINE('',#449,#450);
#449 = CARTESIAN_POINT('',(0.,0.));
#450 = VECTOR('',#451,1.);
#451 = DIRECTION('',(0.,-1.));
#452 = ( GEOMETRIC_REPRESENTATION_CONTEXT(2) 
PARAMETRIC_REPRESENTATION_CONTEXT() REPRESENTATION_CONTEXT('2D SPACE',''
  ) );
#453 = ORIENTED_EDGE('',*,*,#382,.F.);
#454 = FACE_BOUND('',#455,.F.);
#455 = EDGE_LOOP('',(#456));
#456 = ORIENTED_EDGE('',*,*,#457,.T.);
#457 = EDGE_CURVE('',#458,#458,#460,.T.);
#458 = VERTEX_POINT('',#459);
#459 = CARTESIAN_POINT('',(-20.75,0.,-4.));
#460 = SURFACE_CURVE('',#461,(#466,#477),.PCURVE_S1.);
#461 = CIRCLE('',#462,4.25);
#462 = AXIS2_PLACEMENT_3D('',#463,#464,#465);
#463 = CARTESIAN_POINT('',(-25.,0.,-4.));
#464 = DIRECTION('',(0.,0.,-1.));
#465 = DIRECTION('',(1.,0.,0.));
#466 = PCURVE('',#118,#467);
#467 = DEFINITIONAL_REPRESENTATION('',(#468),#476);
#468 = ( BOUNDED_CURVE() B_SPLINE_CURVE(2,(#469,#470,#471,#472,#473,#474
,#475),.UNSPECIFIED.,.T.,.F.) B_SPLINE_CURVE_WITH_KNOTS((1,2,2,2,2,1),(
    -2.094395102393,0.,2.094395102393,4.188790204786,6.28318530718,
8.377580409573),.UNSPECIFIED.) CURVE() GEOMETRIC_REPRESENTATION_ITEM() 
RATIONAL_B_SPLINE_CURVE((1.,0.5,1.,0.5,1.,0.5,1.)) REPRESENTATION_ITEM(
  '') );
#469 = CARTESIAN_POINT('',(14.25,30.));
#470 = CARTESIAN_POINT('',(14.25,22.638784067832));
#471 = CARTESIAN_POINT('',(7.875,26.319392033916));
#472 = CARTESIAN_POINT('',(1.5,30.));
#473 = CARTESIAN_POINT('',(7.875,33.680607966084));
#474 = CARTESIAN_POINT('',(14.25,37.361215932168));
#475 = CARTESIAN_POINT('',(14.25,30.));
#476 = ( GEOMETRIC_REPRESENTATION_CONTEXT(2) 
PARAMETRIC_REPRESENTATION_CONTEXT() REPRESENTATION_CONTEXT('2D SPACE',''
  ) );
#477 = PCURVE('',#332,#478);
#478 = DEFINITIONAL_REPRESENTATION('',(#479),#483);
#479 = LINE('',#480,#481);
#480 = CARTESIAN_POINT('',(-6.28318530718,-1.));
#481 = VECTOR('',#482,1.);
#482 = DIRECTION('',(1.,-0.));
#483 = ( GEOMETRIC_REPRESENTATION_CONTEXT(2) 
PARAMETRIC_REPRESENTATION_CONTEXT() REPRESENTATION_CONTEXT('2D SPACE',''
  ) );
#484 = FACE_BOUND('',#485,.F.);
#485 = EDGE_LOOP('',(#486));
#486 = ORIENTED_EDGE('',*,*,#487,.T.);
#487 = EDGE_CURVE('',#488,#488,#490,.T.);
#488 = VERTEX_POINT('',#489);
#489 = CARTESIAN_POINT('',(29.25,0.,-4.));
#490 = SURFACE_CURVE('',#491,(#496,#507),.PCURVE_S1.);
#491 = CIRCLE('',#492,4.25);
#492 = AXIS2_PLACEMENT_3D('',#493,#494,#495);
#493 = CARTESIAN_POINT('',(25.,0.,-4.));
#494 = DIRECTION('',(0.,0.,-1.));
#495 = DIRECTION('',(1.,0.,0.));
#496 = PCURVE('',#118,#497);
#497 = DEFINITIONAL_REPRESENTATION('',(#498),#506);
#498 = ( BOUNDED_CURVE() B_SPLINE_CURVE(2,(#499,#500,#501,#502,#503,#504
,#505),.UNSPECIFIED.,.T.,.F.) B_SPLINE_CURVE_WITH_KNOTS((1,2,2,2,2,1),(
    -2.094395102393,0.,2.094395102393,4.188790204786,6.28318530718,
8.377580409573),.UNSPECIFIED.) CURVE() GEOMETRIC_REPRESENTATION_ITEM() 
RATIONAL_B_SPLINE_CURVE((1.,0.5,1.,0.5,1.,0.5,1.)) REPRESENTATION_ITEM(
  '') );
#499 = CARTESIAN_POINT('',(64.25,30.));
#500 = CARTESIAN_POINT('',(64.25,22.638784067832));
#501 = CARTESIAN_POINT('',(57.875,26.319392033916));
#502 = CARTESIAN_POINT('',(51.5,30.));
#503 = CARTESIAN_POINT('',(57.875,33.680607966084));
#504 = CARTESIAN_POINT('',(64.25,37.361215932168));
#505 = CARTESIAN_POINT('',(64.25,30.));
#506 = ( GEOMETRIC_REPRESENTATION_CONTEXT(2) 
PARAMETRIC_REPRESENTATION_CONTEXT() REPRESENTATION_CONTEXT('2D SPACE',''
  ) );
#507 = PCURVE('',#367,#508);
#508 = DEFINITIONAL_REPRESENTATION('',(#509),#513);
#509 = LINE('',#510,#511);
#510 = CARTESIAN_POINT('',(-6.28318530718,-1.));
#511 = VECTOR('',#512,1.);
#512 = DIRECTION('',(1.,-0.));
#513 = ( GEOMETRIC_REPRESENTATION_CONTEXT(2) 
PARAMETRIC_REPRESENTATION_CONTEXT() REPRESENTATION_CONTEXT('2D SPACE',''
  ) );
#514 = ADVANCED_FACE('',(#515),#248,.T.);
#515 = FACE_BOUND('',#516,.T.);
#516 = EDGE_LOOP('',(#517,#518,#519,#520));
#517 = ORIENTED_EDGE('',*,*,#234,.F.);
#518 = ORIENTED_EDGE('',*,*,#433,.T.);
#519 = ORIENTED_EDGE('',*,*,#407,.T.);
#520 = ORIENTED_EDGE('',*,*,#265,.F.);
#521 = ADVANCED_FACE('',(#522),#332,.F.);
#522 = FACE_BOUND('',#523,.T.);
#523 = EDGE_LOOP('',(#524,#525,#546,#547));
#524 = ORIENTED_EDGE('',*,*,#457,.T.);
#525 = ORIENTED_EDGE('',*,*,#526,.T.);
#526 = EDGE_CURVE('',#458,#312,#527,.T.);
#527 = SEAM_CURVE('',#528,(#532,#539),.PCURVE_S1.);
#528 = LINE('',#529,#530);
#529 = CARTESIAN_POINT('',(-20.75,0.,-5.));
#530 = VECTOR('',#531,1.);
#531 = DIRECTION('',(0.,0.,1.));
#532 = PCURVE('',#332,#533);
#533 = DEFINITIONAL_REPRESENTATION('',(#534),#538);
#534 = LINE('',#535,#536);
#535 = CARTESIAN_POINT('',(-6.28318530718,0.));
#536 = VECTOR('',#537,1.);
#537 = DIRECTION('',(-0.,-1.));
#538 = ( GEOMETRIC_REPRESENTATION_CONTEXT(2) 
PARAMETRIC_REPRESENTATION_CONTEXT() REPRESENTATION_CONTEXT('2D SPACE',''
  ) );
#539 = PCURVE('',#332,#540);
#540 = DEFINITIONAL_REPRESENTATION('',(#541),#545);
#541 = LINE('',#542,#543);
#542 = CARTESIAN_POINT('',(-0.,0.));
#543 = VECTOR('',#544,1.);
#544 = DIRECTION('',(-0.,-1.));
#545 = ( GEOMETRIC_REPRESENTATION_CONTEXT(2) 
PARAMETRIC_REPRESENTATION_CONTEXT() REPRESENTATION_CONTEXT('2D SPACE',''
  ) );
#546 = ORIENTED_EDGE('',*,*,#311,.F.);
#547 = ORIENTED_EDGE('',*,*,#526,.F.);
#548 = ADVANCED_FACE('',(#549),#367,.F.);
#549 = FACE_BOUND('',#550,.T.);
#550 = EDGE_LOOP('',(#551,#552,#573,#574));
#551 = ORIENTED_EDGE('',*,*,#487,.T.);
#552 = ORIENTED_EDGE('',*,*,#553,.T.);
#553 = EDGE_CURVE('',#488,#347,#554,.T.);
#554 = SEAM_CURVE('',#555,(#559,#566),.PCURVE_S1.);
#555 = LINE('',#556,#557);
#556 = CARTESIAN_POINT('',(29.25,0.,-5.));
#557 = VECTOR('',#558,1.);
#558 = DIRECTION('',(0.,0.,1.));
#559 = PCURVE('',#367,#560);
#560 = DEFINITIONAL_REPRESENTATION('',(#561),#565);
#561 = LINE('',#562,#563);
#562 = CARTESIAN_POINT('',(-6.28318530718,0.));
#563 = VECTOR('',#564,1.);
#564 = DIRECTION('',(-0.,-1.));
#565 = ( GEOMETRIC_REPRESENTATION_CONTEXT(2) 
PARAMETRIC_REPRESENTATION_CONTEXT() REPRESENTATION_CONTEXT('2D SPACE',''
  ) );
#566 = PCURVE('',#367,#567);
#567 = DEFINITIONAL_REPRESENTATION('',(#568),#572);
#568 = LINE('',#569,#570);
#569 = CARTESIAN_POINT('',(-0.,0.));
#570 = VECTOR('',#571,1.);
#571 = DIRECTION('',(-0.,-1.));
#572 = ( GEOMETRIC_REPRESENTATION_CONTEXT(2) 
PARAMETRIC_REPRESENTATION_CONTEXT() REPRESENTATION_CONTEXT('2D SPACE',''
  ) );
#573 = ORIENTED_EDGE('',*,*,#346,.F.);
#574 = ORIENTED_EDGE('',*,*,#553,.F.);
#575 = ( GEOMETRIC_REPRESENTATION_CONTEXT(3) 
GLOBAL_UNCERTAINTY_ASSIGNED_CONTEXT((#579)) GLOBAL_UNIT_ASSIGNED_CONTEXT
((#576,#577,#578)) REPRESENTATION_CONTEXT('Context #1',
  '3D Context with UNIT and UNCERTAINTY') );
#576 = ( LENGTH_UNIT() NAMED_UNIT(*) SI_UNIT(.MILLI.,.METRE.) );
#577 = ( NAMED_UNIT(*) PLANE_ANGLE_UNIT() SI_UNIT($,.RADIAN.) );
#578 = ( NAMED_UNIT(*) SI_UNIT($,.STERADIAN.) SOLID_ANGLE_UNIT() );
#579 = UNCERTAINTY_MEASURE_WITH_UNIT(LENGTH_MEASURE(1.E-07),#576,
  'distance_accuracy_value','confusion accuracy');
#580 = CONTEXT_DEPENDENT_SHAPE_REPRESENTATION(#581,#583);
#581 = ( REPRESENTATION_RELATIONSHIP('','',#60,#10) 
REPRESENTATION_RELATIONSHIP_WITH_TRANSFORMATION(#582) 
SHAPE_REPRESENTATION_RELATIONSHIP() );
#582 = ITEM_DEFINED_TRANSFORMATION('','',#11,#15);
#583 = PRODUCT_DEFINITION_SHAPE('Placement','Placement of an item',#584
  );
#584 = NEXT_ASSEMBLY_USAGE_OCCURRENCE('33','AB-SP-001','',#5,#55,$);
#585 = PRODUCT_RELATED_PRODUCT_CATEGORY('part',$,(#57));
#586 = SHAPE_DEFINITION_REPRESENTATION(#587,#593);
#587 = PRODUCT_DEFINITION_SHAPE('','',#588);
#588 = PRODUCT_DEFINITION('design','',#589,#592);
#589 = PRODUCT_DEFINITION_FORMATION('','',#590);
#590 = PRODUCT('AB-SP-002','AB-SP-002','',(#591));
#591 = PRODUCT_CONTEXT('',#2,'mechanical');
#592 = PRODUCT_DEFINITION_CONTEXT('part definition',#2,'design');
#593 = ADVANCED_BREP_SHAPE_REPRESENTATION('',(#11,#594),#924);
#594 = MANIFOLD_SOLID_BREP('',#595);
#595 = CLOSED_SHELL('',(#596,#716,#816,#863,#910,#917));
#596 = ADVANCED_FACE('',(#597),#611,.F.);
#597 = FACE_BOUND('',#598,.F.);
#598 = EDGE_LOOP('',(#599,#634,#662,#690));
#599 = ORIENTED_EDGE('',*,*,#600,.F.);
#600 = EDGE_CURVE('',#601,#603,#605,.T.);
#601 = VERTEX_POINT('',#602);
#602 = CARTESIAN_POINT('',(-35.,-30.,-4.));
#603 = VERTEX_POINT('',#604);
#604 = CARTESIAN_POINT('',(-35.,-30.,4.));
#605 = SURFACE_CURVE('',#606,(#610,#622),.PCURVE_S1.);
#606 = LINE('',#607,#608);
#607 = CARTESIAN_POINT('',(-35.,-30.,-4.));
#608 = VECTOR('',#609,1.);
#609 = DIRECTION('',(0.,0.,1.));
#610 = PCURVE('',#611,#616);
#611 = PLANE('',#612);
#612 = AXIS2_PLACEMENT_3D('',#613,#614,#615);
#613 = CARTESIAN_POINT('',(-35.,-30.,-4.));
#614 = DIRECTION('',(1.,0.,0.));
#615 = DIRECTION('',(0.,0.,1.));
#616 = DEFINITIONAL_REPRESENTATION('',(#617),#621);
#617 = LINE('',#618,#619);
#618 = CARTESIAN_POINT('',(0.,0.));
#619 = VECTOR('',#620,1.);
#620 = DIRECTION('',(1.,0.));
#621 = ( GEOMETRIC_REPRESENTATION_CONTEXT(2) 
PARAMETRIC_REPRESENTATION_CONTEXT() REPRESENTATION_CONTEXT('2D SPACE',''
  ) );
#622 = PCURVE('',#623,#628);
#623 = PLANE('',#624);
#624 = AXIS2_PLACEMENT_3D('',#625,#626,#627);
#625 = CARTESIAN_POINT('',(-35.,-30.,-4.));
#626 = DIRECTION('',(0.,1.,0.));
#627 = DIRECTION('',(0.,0.,1.));
#628 = DEFINITIONAL_REPRESENTATION('',(#629),#633);
#629 = LINE('',#630,#631);
#630 = CARTESIAN_POINT('',(0.,0.));
#631 = VECTOR('',#632,1.);
#632 = DIRECTION('',(1.,0.));
#633 = ( GEOMETRIC_REPRESENTATION_CONTEXT(2) 
PARAMETRIC_REPRESENTATION_CONTEXT() REPRESENTATION_CONTEXT('2D SPACE',''
  ) );
#634 = ORIENTED_EDGE('',*,*,#635,.T.);
#635 = EDGE_CURVE('',#601,#636,#638,.T.);
#636 = VERTEX_POINT('',#637);
#637 = CARTESIAN_POINT('',(-35.,30.,-4.));
#638 = SURFACE_CURVE('',#639,(#643,#650),.PCURVE_S1.);
#639 = LINE('',#640,#641);
#640 = CARTESIAN_POINT('',(-35.,-30.,-4.));
#641 = VECTOR('',#642,1.);
#642 = DIRECTION('',(0.,1.,0.));
#643 = PCURVE('',#611,#644);
#644 = DEFINITIONAL_REPRESENTATION('',(#645),#649);
#645 = LINE('',#646,#647);
#646 = CARTESIAN_POINT('',(0.,0.));
#647 = VECTOR('',#648,1.);
#648 = DIRECTION('',(0.,-1.));
#649 = ( GEOMETRIC_REPRESENTATION_CONTEXT(2) 
PARAMETRIC_REPRESENTATION_CONTEXT() REPRESENTATION_CONTEXT('2D SPACE',''
  ) );
#650 = PCURVE('',#651,#656);
#651 = PLANE('',#652);
#652 = AXIS2_PLACEMENT_3D('',#653,#654,#655);
#653 = CARTESIAN_POINT('',(-35.,-30.,-4.));
#654 = DIRECTION('',(0.,0.,1.));
#655 = DIRECTION('',(1.,0.,0.));
#656 = DEFINITIONAL_REPRESENTATION('',(#657),#661);
#657 = LINE('',#658,#659);
#658 = CARTESIAN_POINT('',(0.,0.));
#659 = VECTOR('',#660,1.);
#660 = DIRECTION('',(0.,1.));
#661 = ( GEOMETRIC_REPRESENTATION_CONTEXT(2) 
PARAMETRIC_REPRESENTATION_CONTEXT() REPRESENTATION_CONTEXT('2D SPACE',''
  ) );
#662 = ORIENTED_EDGE('',*,*,#663,.T.);
#663 = EDGE_CURVE('',#636,#664,#666,.T.);
#664 = VERTEX_POINT('',#665);
#665 = CARTESIAN_POINT('',(-35.,30.,4.));
#666 = SURFACE_CURVE('',#667,(#671,#678),.PCURVE_S1.);
#667 = LINE('',#668,#669);
#668 = CARTESIAN_POINT('',(-35.,30.,-4.));
#669 = VECTOR('',#670,1.);
#670 = DIRECTION('',(0.,0.,1.));
#671 = PCURVE('',#611,#672);
#672 = DEFINITIONAL_REPRESENTATION('',(#673),#677);
#673 = LINE('',#674,#675);
#674 = CARTESIAN_POINT('',(0.,-60.));
#675 = VECTOR('',#676,1.);
#676 = DIRECTION('',(1.,0.));
#677 = ( GEOMETRIC_REPRESENTATION_CONTEXT(2) 
PARAMETRIC_REPRESENTATION_CONTEXT() REPRESENTATION_CONTEXT('2D SPACE',''
  ) );
#678 = PCURVE('',#679,#684);
#679 = PLANE('',#680);
#680 = AXIS2_PLACEMENT_3D('',#681,#682,#683);
#681 = CARTESIAN_POINT('',(-35.,30.,-4.));
#682 = DIRECTION('',(0.,1.,0.));
#683 = DIRECTION('',(0.,0.,1.));
#684 = DEFINITIONAL_REPRESENTATION('',(#685),#689);
#685 = LINE('',#686,#687);
#686 = CARTESIAN_POINT('',(0.,0.));
#687 = VECTOR('',#688,1.);
#688 = DIRECTION('',(1.,0.));
#689 = ( GEOMETRIC_REPRESENTATION_CONTEXT(2) 
PARAMETRIC_REPRESENTATION_CONTEXT() REPRESENTATION_CONTEXT('2D SPACE',''
  ) );
#690 = ORIENTED_EDGE('',*,*,#691,.F.);
#691 = EDGE_CURVE('',#603,#664,#692,.T.);
#692 = SURFACE_CURVE('',#693,(#697,#704),.PCURVE_S1.);
#693 = LINE('',#694,#695);
#694 = CARTESIAN_POINT('',(-35.,-30.,4.));
#695 = VECTOR('',#696,1.);
#696 = DIRECTION('',(0.,1.,0.));
#697 = PCURVE('',#611,#698);
#698 = DEFINITIONAL_REPRESENTATION('',(#699),#703);
#699 = LINE('',#700,#701);
#700 = CARTESIAN_POINT('',(8.,0.));
#701 = VECTOR('',#702,1.);
#702 = DIRECTION('',(0.,-1.));
#703 = ( GEOMETRIC_REPRESENTATION_CONTEXT(2) 
PARAMETRIC_REPRESENTATION_CONTEXT() REPRESENTATION_CONTEXT('2D SPACE',''
  ) );
#704 = PCURVE('',#705,#710);
#705 = PLANE('',#706);
#706 = AXIS2_PLACEMENT_3D('',#707,#708,#709);
#707 = CARTESIAN_POINT('',(-35.,-30.,4.));
#708 = DIRECTION('',(0.,0.,1.));
#709 = DIRECTION('',(1.,0.,0.));
#710 = DEFINITIONAL_REPRESENTATION('',(#711),#715);
#711 = LINE('',#712,#713);
#712 = CARTESIAN_POINT('',(0.,0.));
#713 = VECTOR('',#714,1.);
#714 = DIRECTION('',(0.,1.));
#715 = ( GEOMETRIC_REPRESENTATION_CONTEXT(2) 
PARAMETRIC_REPRESENTATION_CONTEXT() REPRESENTATION_CONTEXT('2D SPACE',''
  ) );
#716 = ADVANCED_FACE('',(#717),#731,.T.);
#717 = FACE_BOUND('',#718,.T.);
#718 = EDGE_LOOP('',(#719,#749,#772,#795));
#719 = ORIENTED_EDGE('',*,*,#720,.F.);
#720 = EDGE_CURVE('',#721,#723,#725,.T.);
#721 = VERTEX_POINT('',#722);
#722 = CARTESIAN_POINT('',(35.,-30.,-4.));
#723 = VERTEX_POINT('',#724);
#724 = CARTESIAN_POINT('',(35.,-30.,4.));
#725 = SURFACE_CURVE('',#726,(#730,#742),.PCURVE_S1.);
#726 = LINE('',#727,#728);
#727 = CARTESIAN_POINT('',(35.,-30.,-4.));
#728 = VECTOR('',#729,1.);
#729 = DIRECTION('',(0.,0.,1.));
#730 = PCURVE('',#731,#736);
#731 = PLANE('',#732);
#732 = AXIS2_PLACEMENT_3D('',#733,#734,#735);
#733 = CARTESIAN_POINT('',(35.,-30.,-4.));
#734 = DIRECTION('',(1.,0.,0.));
#735 = DIRECTION('',(0.,0.,1.));
#736 = DEFINITIONAL_REPRESENTATION('',(#737),#741);
#737 = LINE('',#738,#739);
#738 = CARTESIAN_POINT('',(0.,0.));
#739 = VECTOR('',#740,1.);
#740 = DIRECTION('',(1.,0.));
#741 = ( GEOMETRIC_REPRESENTATION_CONTEXT(2) 
PARAMETRIC_REPRESENTATION_CONTEXT() REPRESENTATION_CONTEXT('2D SPACE',''
  ) );
#742 = PCURVE('',#623,#743);
#743 = DEFINITIONAL_REPRESENTATION('',(#744),#748);
#744 = LINE('',#745,#746);
#745 = CARTESIAN_POINT('',(0.,70.));
#746 = VECTOR('',#747,1.);
#747 = DIRECTION('',(1.,0.));
#748 = ( GEOMETRIC_REPRESENTATION_CONTEXT(2) 
PARAMETRIC_REPRESENTATION_CONTEXT() REPRESENTATION_CONTEXT('2D SPACE',''
  ) );
#749 = ORIENTED_EDGE('',*,*,#750,.T.);
#750 = EDGE_CURVE('',#721,#751,#753,.T.);
#751 = VERTEX_POINT('',#752);
#752 = CARTESIAN_POINT('',(35.,30.,-4.));
#753 = SURFACE_CURVE('',#754,(#758,#765),.PCURVE_S1.);
#754 = LINE('',#755,#756);
#755 = CARTESIAN_POINT('',(35.,-30.,-4.));
#756 = VECTOR('',#757,1.);
#757 = DIRECTION('',(0.,1.,0.));
#758 = PCURVE('',#731,#759);
#759 = DEFINITIONAL_REPRESENTATION('',(#760),#764);
#760 = LINE('',#761,#762);
#761 = CARTESIAN_POINT('',(0.,0.));
#762 = VECTOR('',#763,1.);
#763 = DIRECTION('',(0.,-1.));
#764 = ( GEOMETRIC_REPRESENTATION_CONTEXT(2) 
PARAMETRIC_REPRESENTATION_CONTEXT() REPRESENTATION_CONTEXT('2D SPACE',''
  ) );
#765 = PCURVE('',#651,#766);
#766 = DEFINITIONAL_REPRESENTATION('',(#767),#771);
#767 = LINE('',#768,#769);
#768 = CARTESIAN_POINT('',(70.,0.));
#769 = VECTOR('',#770,1.);
#770 = DIRECTION('',(0.,1.));
#771 = ( GEOMETRIC_REPRESENTATION_CONTEXT(2) 
PARAMETRIC_REPRESENTATION_CONTEXT() REPRESENTATION_CONTEXT('2D SPACE',''
  ) );
#772 = ORIENTED_EDGE('',*,*,#773,.T.);
#773 = EDGE_CURVE('',#751,#774,#776,.T.);
#774 = VERTEX_POINT('',#775);
#775 = CARTESIAN_POINT('',(35.,30.,4.));
#776 = SURFACE_CURVE('',#777,(#781,#788),.PCURVE_S1.);
#777 = LINE('',#778,#779);
#778 = CARTESIAN_POINT('',(35.,30.,-4.));
#779 = VECTOR('',#780,1.);
#780 = DIRECTION('',(0.,0.,1.));
#781 = PCURVE('',#731,#782);
#782 = DEFINITIONAL_REPRESENTATION('',(#783),#787);
#783 = LINE('',#784,#785);
#784 = CARTESIAN_POINT('',(0.,-60.));
#785 = VECTOR('',#786,1.);
#786 = DIRECTION('',(1.,0.));
#787 = ( GEOMETRIC_REPRESENTATION_CONTEXT(2) 
PARAMETRIC_REPRESENTATION_CONTEXT() REPRESENTATION_CONTEXT('2D SPACE',''
  ) );
#788 = PCURVE('',#679,#789);
#789 = DEFINITIONAL_REPRESENTATION('',(#790),#794);
#790 = LINE('',#791,#792);
#791 = CARTESIAN_POINT('',(0.,70.));
#792 = VECTOR('',#793,1.);
#793 = DIRECTION('',(1.,0.));
#794 = ( GEOMETRIC_REPRESENTATION_CONTEXT(2) 
PARAMETRIC_REPRESENTATION_CONTEXT() REPRESENTATION_CONTEXT('2D SPACE',''
  ) );
#795 = ORIENTED_EDGE('',*,*,#796,.F.);
#796 = EDGE_CURVE('',#723,#774,#797,.T.);
#797 = SURFACE_CURVE('',#798,(#802,#809),.PCURVE_S1.);
#798 = LINE('',#799,#800);
#799 = CARTESIAN_POINT('',(35.,-30.,4.));
#800 = VECTOR('',#801,1.);
#801 = DIRECTION('',(0.,1.,0.));
#802 = PCURVE('',#731,#803);
#803 = DEFINITIONAL_REPRESENTATION('',(#804),#808);
#804 = LINE('',#805,#806);
#805 = CARTESIAN_POINT('',(8.,0.));
#806 = VECTOR('',#807,1.);
#807 = DIRECTION('',(0.,-1.));
#808 = ( GEOMETRIC_REPRESENTATION_CONTEXT(2) 
PARAMETRIC_REPRESENTATION_CONTEXT() REPRESENTATION_CONTEXT('2D SPACE',''
  ) );
#809 = PCURVE('',#705,#810);
#810 = DEFINITIONAL_REPRESENTATION('',(#811),#815);
#811 = LINE('',#812,#813);
#812 = CARTESIAN_POINT('',(70.,0.));
#813 = VECTOR('',#814,1.);
#814 = DIRECTION('',(0.,1.));
#815 = ( GEOMETRIC_REPRESENTATION_CONTEXT(2) 
PARAMETRIC_REPRESENTATION_CONTEXT() REPRESENTATION_CONTEXT('2D SPACE',''
  ) );
#816 = ADVANCED_FACE('',(#817),#623,.F.);
#817 = FACE_BOUND('',#818,.F.);
#818 = EDGE_LOOP('',(#819,#840,#841,#862));
#819 = ORIENTED_EDGE('',*,*,#820,.F.);
#820 = EDGE_CURVE('',#601,#721,#821,.T.);
#821 = SURFACE_CURVE('',#822,(#826,#833),.PCURVE_S1.);
#822 = LINE('',#823,#824);
#823 = CARTESIAN_POINT('',(-35.,-30.,-4.));
#824 = VECTOR('',#825,1.);
#825 = DIRECTION('',(1.,0.,0.));
#826 = PCURVE('',#623,#827);
#827 = DEFINITIONAL_REPRESENTATION('',(#828),#832);
#828 = LINE('',#829,#830);
#829 = CARTESIAN_POINT('',(0.,0.));
#830 = VECTOR('',#831,1.);
#831 = DIRECTION('',(0.,1.));
#832 = ( GEOMETRIC_REPRESENTATION_CONTEXT(2) 
PARAMETRIC_REPRESENTATION_CONTEXT() REPRESENTATION_CONTEXT('2D SPACE',''
  ) );
#833 = PCURVE('',#651,#834);
#834 = DEFINITIONAL_REPRESENTATION('',(#835),#839);
#835 = LINE('',#836,#837);
#836 = CARTESIAN_POINT('',(0.,0.));
#837 = VECTOR('',#838,1.);
#838 = DIRECTION('',(1.,0.));
#839 = ( GEOMETRIC_REPRESENTATION_CONTEXT(2) 
PARAMETRIC_REPRESENTATION_CONTEXT() REPRESENTATION_CONTEXT('2D SPACE',''
  ) );
#840 = ORIENTED_EDGE('',*,*,#600,.T.);
#841 = ORIENTED_EDGE('',*,*,#842,.T.);
#842 = EDGE_CURVE('',#603,#723,#843,.T.);
#843 = SURFACE_CURVE('',#844,(#848,#855),.PCURVE_S1.);
#844 = LINE('',#845,#846);
#845 = CARTESIAN_POINT('',(-35.,-30.,4.));
#846 = VECTOR('',#847,1.);
#847 = DIRECTION('',(1.,0.,0.));
#848 = PCURVE('',#623,#849);
#849 = DEFINITIONAL_REPRESENTATION('',(#850),#854);
#850 = LINE('',#851,#852);
#851 = CARTESIAN_POINT('',(8.,0.));
#852 = VECTOR('',#853,1.);
#853 = DIRECTION('',(0.,1.));
#854 = ( GEOMETRIC_REPRESENTATION_CONTEXT(2) 
PARAMETRIC_REPRESENTATION_CONTEXT() REPRESENTATION_CONTEXT('2D SPACE',''
  ) );
#855 = PCURVE('',#705,#856);
#856 = DEFINITIONAL_REPRESENTATION('',(#857),#861);
#857 = LINE('',#858,#859);
#858 = CARTESIAN_POINT('',(0.,0.));
#859 = VECTOR('',#860,1.);
#860 = DIRECTION('',(1.,0.));
#861 = ( GEOMETRIC_REPRESENTATION_CONTEXT(2) 
PARAMETRIC_REPRESENTATION_CONTEXT() REPRESENTATION_CONTEXT('2D SPACE',''
  ) );
#862 = ORIENTED_EDGE('',*,*,#720,.F.);
#863 = ADVANCED_FACE('',(#864),#679,.T.);
#864 = FACE_BOUND('',#865,.T.);
#865 = EDGE_LOOP('',(#866,#887,#888,#909));
#866 = ORIENTED_EDGE('',*,*,#867,.F.);
#867 = EDGE_CURVE('',#636,#751,#868,.T.);
#868 = SURFACE_CURVE('',#869,(#873,#880),.PCURVE_S1.);
#869 = LINE('',#870,#871);
#870 = CARTESIAN_POINT('',(-35.,30.,-4.));
#871 = VECTOR('',#872,1.);
#872 = DIRECTION('',(1.,0.,0.));
#873 = PCURVE('',#679,#874);
#874 = DEFINITIONAL_REPRESENTATION('',(#875),#879);
#875 = LINE('',#876,#877);
#876 = CARTESIAN_POINT('',(0.,0.));
#877 = VECTOR('',#878,1.);
#878 = DIRECTION('',(0.,1.));
#879 = ( GEOMETRIC_REPRESENTATION_CONTEXT(2) 
PARAMETRIC_REPRESENTATION_CONTEXT() REPRESENTATION_CONTEXT('2D SPACE',''
  ) );
#880 = PCURVE('',#651,#881);
#881 = DEFINITIONAL_REPRESENTATION('',(#882),#886);
#882 = LINE('',#883,#884);
#883 = CARTESIAN_POINT('',(0.,60.));
#884 = VECTOR('',#885,1.);
#885 = DIRECTION('',(1.,0.));
#886 = ( GEOMETRIC_REPRESENTATION_CONTEXT(2) 
PARAMETRIC_REPRESENTATION_CONTEXT() REPRESENTATION_CONTEXT('2D SPACE',''
  ) );
#887 = ORIENTED_EDGE('',*,*,#663,.T.);
#888 = ORIENTED_EDGE('',*,*,#889,.T.);
#889 = EDGE_CURVE('',#664,#774,#890,.T.);
#890 = SURFACE_CURVE('',#891,(#895,#902),.PCURVE_S1.);
#891 = LINE('',#892,#893);
#892 = CARTESIAN_POINT('',(-35.,30.,4.));
#893 = VECTOR('',#894,1.);
#894 = DIRECTION('',(1.,0.,0.));
#895 = PCURVE('',#679,#896);
#896 = DEFINITIONAL_REPRESENTATION('',(#897),#901);
#897 = LINE('',#898,#899);
#898 = CARTESIAN_POINT('',(8.,0.));
#899 = VECTOR('',#900,1.);
#900 = DIRECTION('',(0.,1.));
#901 = ( GEOMETRIC_REPRESENTATION_CONTEXT(2) 
PARAMETRIC_REPRESENTATION_CONTEXT() REPRESENTATION_CONTEXT('2D SPACE',''
  ) );
#902 = PCURVE('',#705,#903);
#903 = DEFINITIONAL_REPRESENTATION('',(#904),#908);
#904 = LINE('',#905,#906);
#905 = CARTESIAN_POINT('',(0.,60.));
#906 = VECTOR('',#907,1.);
#907 = DIRECTION('',(1.,0.));
#908 = ( GEOMETRIC_REPRESENTATION_CONTEXT(2) 
PARAMETRIC_REPRESENTATION_CONTEXT() REPRESENTATION_CONTEXT('2D SPACE',''
  ) );
#909 = ORIENTED_EDGE('',*,*,#773,.F.);
#910 = ADVANCED_FACE('',(#911),#651,.F.);
#911 = FACE_BOUND('',#912,.F.);
#912 = EDGE_LOOP('',(#913,#914,#915,#916));
#913 = ORIENTED_EDGE('',*,*,#635,.F.);
#914 = ORIENTED_EDGE('',*,*,#820,.T.);
#915 = ORIENTED_EDGE('',*,*,#750,.T.);
#916 = ORIENTED_EDGE('',*,*,#867,.F.);
#917 = ADVANCED_FACE('',(#918),#705,.T.);
#918 = FACE_BOUND('',#919,.T.);
#919 = EDGE_LOOP('',(#920,#921,#922,#923));
#920 = ORIENTED_EDGE('',*,*,#691,.F.);
#921 = ORIENTED_EDGE('',*,*,#842,.T.);
#922 = ORIENTED_EDGE('',*,*,#796,.T.);
#923 = ORIENTED_EDGE('',*,*,#889,.F.);
#924 = ( GEOMETRIC_REPRESENTATION_CONTEXT(3) 
GLOBAL_UNCERTAINTY_ASSIGNED_CONTEXT((#928)) GLOBAL_UNIT_ASSIGNED_CONTEXT
((#925,#926,#927)) REPRESENTATION_CONTEXT('Context #1',
  '3D Context with UNIT and UNCERTAINTY') );
#925 = ( LENGTH_UNIT() NAMED_UNIT(*) SI_UNIT(.MILLI.,.METRE.) );
#926 = ( NAMED_UNIT(*) PLANE_ANGLE_UNIT() SI_UNIT($,.RADIAN.) );
#927 = ( NAMED_UNIT(*) SI_UNIT($,.STERADIAN.) SOLID_ANGLE_UNIT() );
#928 = UNCERTAINTY_MEASURE_WITH_UNIT(LENGTH_MEASURE(1.E-07),#925,
  'distance_accuracy_value','confusion accuracy');
#929 = CONTEXT_DEPENDENT_SHAPE_REPRESENTATION(#930,#932);
#930 = ( REPRESENTATION_RELATIONSHIP('','',#593,#10) 
REPRESENTATION_RELATIONSHIP_WITH_TRANSFORMATION(#931) 
SHAPE_REPRESENTATION_RELATIONSHIP() );
#931 = ITEM_DEFINED_TRANSFORMATION('','',#11,#19);
#932 = PRODUCT_DEFINITION_SHAPE('Placement','Placement of an item',#933
  );
#933 = NEXT_ASSEMBLY_USAGE_OCCURRENCE('34','AB-SP-002','',#5,#588,$);
#934 = PRODUCT_RELATED_PRODUCT_CATEGORY('part',$,(#590));
#935 = SHAPE_DEFINITION_REPRESENTATION(#936,#942);
#936 = PRODUCT_DEFINITION_SHAPE('','',#937);
#937 = PRODUCT_DEFINITION('design','',#938,#941);
#938 = PRODUCT_DEFINITION_FORMATION('','',#939);
#939 = PRODUCT('AB-SP-003','AB-SP-003','',(#940));
#940 = PRODUCT_CONTEXT('',#2,'mechanical');
#941 = PRODUCT_DEFINITION_CONTEXT('part definition',#2,'design');
#942 = ADVANCED_BREP_SHAPE_REPRESENTATION('',(#11,#943),#1041);
#943 = MANIFOLD_SOLID_BREP('',#944);
#944 = CLOSED_SHELL('',(#945,#1033,#1037));
#945 = ADVANCED_FACE('',(#946),#960,.T.);
#946 = FACE_BOUND('',#947,.F.);
#947 = EDGE_LOOP('',(#948,#978,#1005,#1006));
#948 = ORIENTED_EDGE('',*,*,#949,.T.);
#949 = EDGE_CURVE('',#950,#952,#954,.T.);
#950 = VERTEX_POINT('',#951);
#951 = CARTESIAN_POINT('',(4.,0.,-42.5));
#952 = VERTEX_POINT('',#953);
#953 = CARTESIAN_POINT('',(4.,0.,42.5));
#954 = SEAM_CURVE('',#955,(#959,#971),.PCURVE_S1.);
#955 = LINE('',#956,#957);
#956 = CARTESIAN_POINT('',(4.,0.,-42.5));
#957 = VECTOR('',#958,1.);
#958 = DIRECTION('',(0.,0.,1.));
#959 = PCURVE('',#960,#965);
#960 = CYLINDRICAL_SURFACE('',#961,4.);
#961 = AXIS2_PLACEMENT_3D('',#962,#963,#964);
#962 = CARTESIAN_POINT('',(0.,0.,-42.5));
#963 = DIRECTION('',(-0.,-0.,-1.));
#964 = DIRECTION('',(1.,0.,0.));
#965 = DEFINITIONAL_REPRESENTATION('',(#966),#970);
#966 = LINE('',#967,#968);
#967 = CARTESIAN_POINT('',(-0.,0.));
#968 = VECTOR('',#969,1.);
#969 = DIRECTION('',(-0.,-1.));
#970 = ( GEOMETRIC_REPRESENTATION_CONTEXT(2) 
PARAMETRIC_REPRESENTATION_CONTEXT() REPRESENTATION_CONTEXT('2D SPACE',''
  ) );
#971 = PCURVE('',#960,#972);
#972 = DEFINITIONAL_REPRESENTATION('',(#973),#977);
#973 = LINE('',#974,#975);
#974 = CARTESIAN_POINT('',(-6.28318530718,0.));
#975 = VECTOR('',#976,1.);
#976 = DIRECTION('',(-0.,-1.));
#977 = ( GEOMETRIC_REPRESENTATION_CONTEXT(2) 
PARAMETRIC_REPRESENTATION_CONTEXT() REPRESENTATION_CONTEXT('2D SPACE',''
  ) );
#978 = ORIENTED_EDGE('',*,*,#979,.T.);
#979 = EDGE_CURVE('',#952,#952,#980,.T.);
#980 = SURFACE_CURVE('',#981,(#986,#993),.PCURVE_S1.);
#981 = CIRCLE('',#982,4.);
#982 = AXIS2_PLACEMENT_3D('',#983,#984,#985);
#983 = CARTESIAN_POINT('',(0.,0.,42.5));
#984 = DIRECTION('',(0.,0.,1.));
#985 = DIRECTION('',(1.,0.,0.));
#986 = PCURVE('',#960,#987);
#987 = DEFINITIONAL_REPRESENTATION('',(#988),#992);
#988 = LINE('',#989,#990);
#989 = CARTESIAN_POINT('',(-0.,-85.));
#990 = VECTOR('',#991,1.);
#991 = DIRECTION('',(-1.,0.));
#992 = ( GEOMETRIC_REPRESENTATION_CONTEXT(2) 
PARAMETRIC_REPRESENTATION_CONTEXT() REPRESENTATION_CONTEXT('2D SPACE',''
  ) );
#993 = PCURVE('',#994,#999);
#994 = PLANE('',#995);
#995 = AXIS2_PLACEMENT_3D('',#996,#997,#998);
#996 = CARTESIAN_POINT('',(-2.563950248511E-16,3.49503809816E-16,42.5));
#997 = DIRECTION('',(0.,0.,1.));
#998 = DIRECTION('',(1.,0.,-0.));
#999 = DEFINITIONAL_REPRESENTATION('',(#1000),#1004);
#1000 = CIRCLE('',#1001,4.);
#1001 = AXIS2_PLACEMENT_2D('',#1002,#1003);
#1002 = CARTESIAN_POINT('',(2.563950248511E-16,-3.49503809816E-16));
#1003 = DIRECTION('',(1.,0.));
#1004 = ( GEOMETRIC_REPRESENTATION_CONTEXT(2) 
PARAMETRIC_REPRESENTATION_CONTEXT() REPRESENTATION_CONTEXT('2D SPACE',''
  ) );
#1005 = ORIENTED_EDGE('',*,*,#949,.F.);
#1006 = ORIENTED_EDGE('',*,*,#1007,.F.);
#1007 = EDGE_CURVE('',#950,#950,#1008,.T.);
#1008 = SURFACE_CURVE('',#1009,(#1014,#1021),.PCURVE_S1.);
#1009 = CIRCLE('',#1010,4.);
#1010 = AXIS2_PLACEMENT_3D('',#1011,#1012,#1013);
#1011 = CARTESIAN_POINT('',(0.,0.,-42.5));
#1012 = DIRECTION('',(0.,0.,1.));
#1013 = DIRECTION('',(1.,0.,0.));
#1014 = PCURVE('',#960,#1015);
#1015 = DEFINITIONAL_REPRESENTATION('',(#1016),#1020);
#1016 = LINE('',#1017,#1018);
#1017 = CARTESIAN_POINT('',(-0.,0.));
#1018 = VECTOR('',#1019,1.);
#1019 = DIRECTION('',(-1.,0.));
#1020 = ( GEOMETRIC_REPRESENTATION_CONTEXT(2) 
PARAMETRIC_REPRESENTATION_CONTEXT() REPRESENTATION_CONTEXT('2D SPACE',''
  ) );
#1021 = PCURVE('',#1022,#1027);
#1022 = PLANE('',#1023);
#1023 = AXIS2_PLACEMENT_3D('',#1024,#1025,#1026);
#1024 = CARTESIAN_POINT('',(-2.563950248511E-16,3.49503809816E-16,-42.5)
  );
#1025 = DIRECTION('',(0.,0.,1.));
#1026 = DIRECTION('',(1.,0.,-0.));
#1027 = DEFINITIONAL_REPRESENTATION('',(#1028),#1032);
#1028 = CIRCLE('',#1029,4.);
#1029 = AXIS2_PLACEMENT_2D('',#1030,#1031);
#1030 = CARTESIAN_POINT('',(2.563950248511E-16,-3.49503809816E-16));
#1031 = DIRECTION('',(1.,0.));
#1032 = ( GEOMETRIC_REPRESENTATION_CONTEXT(2) 
PARAMETRIC_REPRESENTATION_CONTEXT() REPRESENTATION_CONTEXT('2D SPACE',''
  ) );
#1033 = ADVANCED_FACE('',(#1034),#1022,.F.);
#1034 = FACE_BOUND('',#1035,.F.);
#1035 = EDGE_LOOP('',(#1036));
#1036 = ORIENTED_EDGE('',*,*,#1007,.T.);
#1037 = ADVANCED_FACE('',(#1038),#994,.T.);
#1038 = FACE_BOUND('',#1039,.T.);
#1039 = EDGE_LOOP('',(#1040));
#1040 = ORIENTED_EDGE('',*,*,#979,.T.);
#1041 = ( GEOMETRIC_REPRESENTATION_CONTEXT(3) 
GLOBAL_UNCERTAINTY_ASSIGNED_CONTEXT((#1045)) 
GLOBAL_UNIT_ASSIGNED_CONTEXT((#1042,#1043,#1044)) REPRESENTATION_CONTEXT
('Context #1','3D Context with UNIT and UNCERTAINTY') );
#1042 = ( LENGTH_UNIT() NAMED_UNIT(*) SI_UNIT(.MILLI.,.METRE.) );
#1043 = ( NAMED_UNIT(*) PLANE_ANGLE_UNIT() SI_UNIT($,.RADIAN.) );
#1044 = ( NAMED_UNIT(*) SI_UNIT($,.STERADIAN.) SOLID_ANGLE_UNIT() );
#1045 = UNCERTAINTY_MEASURE_WITH_UNIT(LENGTH_MEASURE(1.E-07),#1042,
  'distance_accuracy_value','confusion accuracy');
#1046 = CONTEXT_DEPENDENT_SHAPE_REPRESENTATION(#1047,#1049);
#1047 = ( REPRESENTATION_RELATIONSHIP('','',#942,#10) 
REPRESENTATION_RELATIONSHIP_WITH_TRANSFORMATION(#1048) 
SHAPE_REPRESENTATION_RELATIONSHIP() );
#1048 = ITEM_DEFINED_TRANSFORMATION('','',#11,#23);
#1049 = PRODUCT_DEFINITION_SHAPE('Placement','Placement of an item',
  #1050);
#1050 = NEXT_ASSEMBLY_USAGE_OCCURRENCE('35','AB-SP-003','',#5,#937,$);
#1051 = PRODUCT_RELATED_PRODUCT_CATEGORY('part',$,(#939));
#1052 = SHAPE_DEFINITION_REPRESENTATION(#1053,#1059);
#1053 = PRODUCT_DEFINITION_SHAPE('','',#1054);
#1054 = PRODUCT_DEFINITION('design','',#1055,#1058);
#1055 = PRODUCT_DEFINITION_FORMATION('','',#1056);
#1056 = PRODUCT('AB-SP-004','AB-SP-004','',(#1057));
#1057 = PRODUCT_CONTEXT('',#2,'mechanical');
#1058 = PRODUCT_DEFINITION_CONTEXT('part definition',#2,'design');
#1059 = ADVANCED_BREP_SHAPE_REPRESENTATION('',(#11,#1060),#1242);
#1060 = MANIFOLD_SOLID_BREP('',#1061);
#1061 = CLOSED_SHELL('',(#1062,#1150,#1228,#1235));
#1062 = ADVANCED_FACE('',(#1063),#1077,.T.);
#1063 = FACE_BOUND('',#1064,.F.);
#1064 = EDGE_LOOP('',(#1065,#1095,#1122,#1123));
#1065 = ORIENTED_EDGE('',*,*,#1066,.T.);
#1066 = EDGE_CURVE('',#1067,#1069,#1071,.T.);
#1067 = VERTEX_POINT('',#1068);
#1068 = CARTESIAN_POINT('',(14.,0.,-12.));
#1069 = VERTEX_POINT('',#1070);
#1070 = CARTESIAN_POINT('',(14.,0.,12.));
#1071 = SEAM_CURVE('',#1072,(#1076,#1088),.PCURVE_S1.);
#1072 = LINE('',#1073,#1074);
#1073 = CARTESIAN_POINT('',(14.,0.,-12.));
#1074 = VECTOR('',#1075,1.);
#1075 = DIRECTION('',(0.,0.,1.));
#1076 = PCURVE('',#1077,#1082);
#1077 = CYLINDRICAL_SURFACE('',#1078,14.);
#1078 = AXIS2_PLACEMENT_3D('',#1079,#1080,#1081);
#1079 = CARTESIAN_POINT('',(0.,0.,-12.));
#1080 = DIRECTION('',(-0.,-0.,-1.));
#1081 = DIRECTION('',(1.,0.,0.));
#1082 = DEFINITIONAL_REPRESENTATION('',(#1083),#1087);
#1083 = LINE('',#1084,#1085);
#1084 = CARTESIAN_POINT('',(-0.,0.));
#1085 = VECTOR('',#1086,1.);
#1086 = DIRECTION('',(-0.,-1.));
#1087 = ( GEOMETRIC_REPRESENTATION_CONTEXT(2) 
PARAMETRIC_REPRESENTATION_CONTEXT() REPRESENTATION_CONTEXT('2D SPACE',''
  ) );
#1088 = PCURVE('',#1077,#1089);
#1089 = DEFINITIONAL_REPRESENTATION('',(#1090),#1094);
#1090 = LINE('',#1091,#1092);
#1091 = CARTESIAN_POINT('',(-6.28318530718,0.));
#1092 = VECTOR('',#1093,1.);
#1093 = DIRECTION('',(-0.,-1.));
#1094 = ( GEOMETRIC_REPRESENTATION_CONTEXT(2) 
PARAMETRIC_REPRESENTATION_CONTEXT() REPRESENTATION_CONTEXT('2D SPACE',''
  ) );
#1095 = ORIENTED_EDGE('',*,*,#1096,.T.);
#1096 = EDGE_CURVE('',#1069,#1069,#1097,.T.);
#1097 = SURFACE_CURVE('',#1098,(#1103,#1110),.PCURVE_S1.);
#1098 = CIRCLE('',#1099,14.);
#1099 = AXIS2_PLACEMENT_3D('',#1100,#1101,#1102);
#1100 = CARTESIAN_POINT('',(0.,0.,12.));
#1101 = DIRECTION('',(0.,0.,1.));
#1102 = DIRECTION('',(1.,0.,0.));
#1103 = PCURVE('',#1077,#1104);
#1104 = DEFINITIONAL_REPRESENTATION('',(#1105),#1109);
#1105 = LINE('',#1106,#1107);
#1106 = CARTESIAN_POINT('',(-0.,-24.));
#1107 = VECTOR('',#1108,1.);
#1108 = DIRECTION('',(-1.,0.));
#1109 = ( GEOMETRIC_REPRESENTATION_CONTEXT(2) 
PARAMETRIC_REPRESENTATION_CONTEXT() REPRESENTATION_CONTEXT('2D SPACE',''
  ) );
#1110 = PCURVE('',#1111,#1116);
#1111 = PLANE('',#1112);
#1112 = AXIS2_PLACEMENT_3D('',#1113,#1114,#1115);
#1113 = CARTESIAN_POINT('',(-7.813943614511E-16,9.912868833001E-16,12.)
  );
#1114 = DIRECTION('',(0.,0.,1.));
#1115 = DIRECTION('',(1.,0.,-0.));
#1116 = DEFINITIONAL_REPRESENTATION('',(#1117),#1121);
#1117 = CIRCLE('',#1118,14.);
#1118 = AXIS2_PLACEMENT_2D('',#1119,#1120);
#1119 = CARTESIAN_POINT('',(7.813943614511E-16,-9.912868833001E-16));
#1120 = DIRECTION('',(1.,0.));
#1121 = ( GEOMETRIC_REPRESENTATION_CONTEXT(2) 
PARAMETRIC_REPRESENTATION_CONTEXT() REPRESENTATION_CONTEXT('2D SPACE',''
  ) );
#1122 = ORIENTED_EDGE('',*,*,#1066,.F.);
#1123 = ORIENTED_EDGE('',*,*,#1124,.F.);
#1124 = EDGE_CURVE('',#1067,#1067,#1125,.T.);
#1125 = SURFACE_CURVE('',#1126,(#1131,#1138),.PCURVE_S1.);
#1126 = CIRCLE('',#1127,14.);
#1127 = AXIS2_PLACEMENT_3D('',#1128,#1129,#1130);
#1128 = CARTESIAN_POINT('',(0.,0.,-12.));
#1129 = DIRECTION('',(0.,0.,1.));
#1130 = DIRECTION('',(1.,0.,0.));
#1131 = PCURVE('',#1077,#1132);
#1132 = DEFINITIONAL_REPRESENTATION('',(#1133),#1137);
#1133 = LINE('',#1134,#1135);
#1134 = CARTESIAN_POINT('',(-0.,0.));
#1135 = VECTOR('',#1136,1.);
#1136 = DIRECTION('',(-1.,0.));
#1137 = ( GEOMETRIC_REPRESENTATION_CONTEXT(2) 
PARAMETRIC_REPRESENTATION_CONTEXT() REPRESENTATION_CONTEXT('2D SPACE',''
  ) );
#1138 = PCURVE('',#1139,#1144);
#1139 = PLANE('',#1140);
#1140 = AXIS2_PLACEMENT_3D('',#1141,#1142,#1143);
#1141 = CARTESIAN_POINT('',(-7.813943614511E-16,9.912868833001E-16,-12.)
  );
#1142 = DIRECTION('',(0.,0.,1.));
#1143 = DIRECTION('',(1.,0.,-0.));
#1144 = DEFINITIONAL_REPRESENTATION('',(#1145),#1149);
#1145 = CIRCLE('',#1146,14.);
#1146 = AXIS2_PLACEMENT_2D('',#1147,#1148);
#1147 = CARTESIAN_POINT('',(7.813943614511E-16,-9.912868833001E-16));
#1148 = DIRECTION('',(1.,0.));
#1149 = ( GEOMETRIC_REPRESENTATION_CONTEXT(2) 
PARAMETRIC_REPRESENTATION_CONTEXT() REPRESENTATION_CONTEXT('2D SPACE',''
  ) );
#1150 = ADVANCED_FACE('',(#1151),#1165,.F.);
#1151 = FACE_BOUND('',#1152,.T.);
#1152 = EDGE_LOOP('',(#1153,#1183,#1205,#1206));
#1153 = ORIENTED_EDGE('',*,*,#1154,.T.);
#1154 = EDGE_CURVE('',#1155,#1157,#1159,.T.);
#1155 = VERTEX_POINT('',#1156);
#1156 = CARTESIAN_POINT('',(10.,2.988929885866E-16,-12.));
#1157 = VERTEX_POINT('',#1158);
#1158 = CARTESIAN_POINT('',(10.,2.988929885866E-16,12.));
#1159 = SEAM_CURVE('',#1160,(#1164,#1176),.PCURVE_S1.);
#1160 = LINE('',#1161,#1162);
#1161 = CARTESIAN_POINT('',(10.,2.988929885866E-16,-12.));
#1162 = VECTOR('',#1163,1.);
#1163 = DIRECTION('',(0.,0.,1.));
#1164 = PCURVE('',#1165,#1170);
#1165 = CYLINDRICAL_SURFACE('',#1166,10.);
#1166 = AXIS2_PLACEMENT_3D('',#1167,#1168,#1169);
#1167 = CARTESIAN_POINT('',(6.589795688064E-14,2.988929885866E-16,-12.)
  );
#1168 = DIRECTION('',(-0.,-0.,-1.));
#1169 = DIRECTION('',(1.,0.,0.));
#1170 = DEFINITIONAL_REPRESENTATION('',(#1171),#1175);
#1171 = LINE('',#1172,#1173);
#1172 = CARTESIAN_POINT('',(-0.,0.));
#1173 = VECTOR('',#1174,1.);
#1174 = DIRECTION('',(-0.,-1.));
#1175 = ( GEOMETRIC_REPRESENTATION_CONTEXT(2) 
PARAMETRIC_REPRESENTATION_CONTEXT() REPRESENTATION_CONTEXT('2D SPACE',''
  ) );
#1176 = PCURVE('',#1165,#1177);
#1177 = DEFINITIONAL_REPRESENTATION('',(#1178),#1182);
#1178 = LINE('',#1179,#1180);
#1179 = CARTESIAN_POINT('',(-6.28318530718,0.));
#1180 = VECTOR('',#1181,1.);
#1181 = DIRECTION('',(-0.,-1.));
#1182 = ( GEOMETRIC_REPRESENTATION_CONTEXT(2) 
PARAMETRIC_REPRESENTATION_CONTEXT() REPRESENTATION_CONTEXT('2D SPACE',''
  ) );
#1183 = ORIENTED_EDGE('',*,*,#1184,.T.);
#1184 = EDGE_CURVE('',#1157,#1157,#1185,.T.);
#1185 = SURFACE_CURVE('',#1186,(#1191,#1198),.PCURVE_S1.);
#1186 = CIRCLE('',#1187,10.);
#1187 = AXIS2_PLACEMENT_3D('',#1188,#1189,#1190);
#1188 = CARTESIAN_POINT('',(6.589795688064E-14,2.988929885866E-16,12.));
#1189 = DIRECTION('',(0.,0.,1.));
#1190 = DIRECTION('',(1.,0.,0.));
#1191 = PCURVE('',#1165,#1192);
#1192 = DEFINITIONAL_REPRESENTATION('',(#1193),#1197);
#1193 = LINE('',#1194,#1195);
#1194 = CARTESIAN_POINT('',(-0.,-24.));
#1195 = VECTOR('',#1196,1.);
#1196 = DIRECTION('',(-1.,0.));
#1197 = ( GEOMETRIC_REPRESENTATION_CONTEXT(2) 
PARAMETRIC_REPRESENTATION_CONTEXT() REPRESENTATION_CONTEXT('2D SPACE',''
  ) );
#1198 = PCURVE('',#1111,#1199);
#1199 = DEFINITIONAL_REPRESENTATION('',(#1200),#1204);
#1200 = CIRCLE('',#1201,10.);
#1201 = AXIS2_PLACEMENT_2D('',#1202,#1203);
#1202 = CARTESIAN_POINT('',(6.667935124209E-14,-6.923938947135E-16));
#1203 = DIRECTION('',(1.,0.));
#1204 = ( GEOMETRIC_REPRESENTATION_CONTEXT(2) 
PARAMETRIC_REPRESENTATION_CONTEXT() REPRESENTATION_CONTEXT('2D SPACE',''
  ) );
#1205 = ORIENTED_EDGE('',*,*,#1154,.F.);
#1206 = ORIENTED_EDGE('',*,*,#1207,.F.);
#1207 = EDGE_CURVE('',#1155,#1155,#1208,.T.);
#1208 = SURFACE_CURVE('',#1209,(#1214,#1221),.PCURVE_S1.);
#1209 = CIRCLE('',#1210,10.);
#1210 = AXIS2_PLACEMENT_3D('',#1211,#1212,#1213);
#1211 = CARTESIAN_POINT('',(6.589795688064E-14,2.988929885866E-16,-12.)
  );
#1212 = DIRECTION('',(0.,0.,1.));
#1213 = DIRECTION('',(1.,0.,0.));
#1214 = PCURVE('',#1165,#1215);
#1215 = DEFINITIONAL_REPRESENTATION('',(#1216),#1220);
#1216 = LINE('',#1217,#1218);
#1217 = CARTESIAN_POINT('',(-0.,0.));
#1218 = VECTOR('',#1219,1.);
#1219 = DIRECTION('',(-1.,0.));
#1220 = ( GEOMETRIC_REPRESENTATION_CONTEXT(2) 
PARAMETRIC_REPRESENTATION_CONTEXT() REPRESENTATION_CONTEXT('2D SPACE',''
  ) );
#1221 = PCURVE('',#1139,#1222);
#1222 = DEFINITIONAL_REPRESENTATION('',(#1223),#1227);
#1223 = CIRCLE('',#1224,10.);
#1224 = AXIS2_PLACEMENT_2D('',#1225,#1226);
#1225 = CARTESIAN_POINT('',(6.667935124209E-14,-6.923938947135E-16));
#1226 = DIRECTION('',(1.,0.));
#1227 = ( GEOMETRIC_REPRESENTATION_CONTEXT(2) 
PARAMETRIC_REPRESENTATION_CONTEXT() REPRESENTATION_CONTEXT('2D SPACE',''
  ) );
#1228 = ADVANCED_FACE('',(#1229,#1232),#1139,.F.);
#1229 = FACE_BOUND('',#1230,.F.);
#1230 = EDGE_LOOP('',(#1231));
#1231 = ORIENTED_EDGE('',*,*,#1124,.T.);
#1232 = FACE_BOUND('',#1233,.F.);
#1233 = EDGE_LOOP('',(#1234));
#1234 = ORIENTED_EDGE('',*,*,#1207,.F.);
#1235 = ADVANCED_FACE('',(#1236,#1239),#1111,.T.);
#1236 = FACE_BOUND('',#1237,.T.);
#1237 = EDGE_LOOP('',(#1238));
#1238 = ORIENTED_EDGE('',*,*,#1096,.T.);
#1239 = FACE_BOUND('',#1240,.T.);
#1240 = EDGE_LOOP('',(#1241));
#1241 = ORIENTED_EDGE('',*,*,#1184,.F.);
#1242 = ( GEOMETRIC_REPRESENTATION_CONTEXT(3) 
GLOBAL_UNCERTAINTY_ASSIGNED_CONTEXT((#1246)) 
GLOBAL_UNIT_ASSIGNED_CONTEXT((#1243,#1244,#1245)) REPRESENTATION_CONTEXT
('Context #1','3D Context with UNIT and UNCERTAINTY') );
#1243 = ( LENGTH_UNIT() NAMED_UNIT(*) SI_UNIT(.MILLI.,.METRE.) );
#1244 = ( NAMED_UNIT(*) PLANE_ANGLE_UNIT() SI_UNIT($,.RADIAN.) );
#1245 = ( NAMED_UNIT(*) SI_UNIT($,.STERADIAN.) SOLID_ANGLE_UNIT() );
#1246 = UNCERTAINTY_MEASURE_WITH_UNIT(LENGTH_MEASURE(1.E-07),#1243,
  'distance_accuracy_value','confusion accuracy');
#1247 = CONTEXT_DEPENDENT_SHAPE_REPRESENTATION(#1248,#1250);
#1248 = ( REPRESENTATION_RELATIONSHIP('','',#1059,#10) 
REPRESENTATION_RELATIONSHIP_WITH_TRANSFORMATION(#1249) 
SHAPE_REPRESENTATION_RELATIONSHIP() );
#1249 = ITEM_DEFINED_TRANSFORMATION('','',#11,#27);
#1250 = PRODUCT_DEFINITION_SHAPE('Placement','Placement of an item',
  #1251);
#1251 = NEXT_ASSEMBLY_USAGE_OCCURRENCE('36','AB-SP-004','',#5,#1054,$);
#1252 = PRODUCT_RELATED_PRODUCT_CATEGORY('part',$,(#1056));
#1253 = SHAPE_DEFINITION_REPRESENTATION(#1254,#1260);
#1254 = PRODUCT_DEFINITION_SHAPE('','',#1255);
#1255 = PRODUCT_DEFINITION('design','',#1256,#1259);
#1256 = PRODUCT_DEFINITION_FORMATION('','',#1257);
#1257 = PRODUCT('AB-SP-005','AB-SP-005','',(#1258));
#1258 = PRODUCT_CONTEXT('',#2,'mechanical');
#1259 = PRODUCT_DEFINITION_CONTEXT('part definition',#2,'design');
#1260 = ADVANCED_BREP_SHAPE_REPRESENTATION('',(#11,#1261),#1775);
#1261 = MANIFOLD_SOLID_BREP('',#1262);
#1262 = CLOSED_SHELL('',(#1263,#1383,#1459,#1578,#1627,#1714,#1721,#1748
    ));
#1263 = ADVANCED_FACE('',(#1264),#1278,.F.);
#1264 = FACE_BOUND('',#1265,.F.);
#1265 = EDGE_LOOP('',(#1266,#1301,#1329,#1357));
#1266 = ORIENTED_EDGE('',*,*,#1267,.F.);
#1267 = EDGE_CURVE('',#1268,#1270,#1272,.T.);
#1268 = VERTEX_POINT('',#1269);
#1269 = CARTESIAN_POINT('',(-35.,-30.,-4.));
#1270 = VERTEX_POINT('',#1271);
#1271 = CARTESIAN_POINT('',(-35.,-30.,4.));
#1272 = SURFACE_CURVE('',#1273,(#1277,#1289),.PCURVE_S1.);
#1273 = LINE('',#1274,#1275);
#1274 = CARTESIAN_POINT('',(-35.,-30.,-4.));
#1275 = VECTOR('',#1276,1.);
#1276 = DIRECTION('',(0.,0.,1.));
#1277 = PCURVE('',#1278,#1283);
#1278 = PLANE('',#1279);
#1279 = AXIS2_PLACEMENT_3D('',#1280,#1281,#1282);
#1280 = CARTESIAN_POINT('',(-35.,-30.,-4.));
#1281 = DIRECTION('',(1.,0.,0.));
#1282 = DIRECTION('',(0.,0.,1.));
#1283 = DEFINITIONAL_REPRESENTATION('',(#1284),#1288);
#1284 = LINE('',#1285,#1286);
#1285 = CARTESIAN_POINT('',(0.,0.));
#1286 = VECTOR('',#1287,1.);
#1287 = DIRECTION('',(1.,0.));
#1288 = ( GEOMETRIC_REPRESENTATION_CONTEXT(2) 
PARAMETRIC_REPRESENTATION_CONTEXT() REPRESENTATION_CONTEXT('2D SPACE',''
  ) );
#1289 = PCURVE('',#1290,#1295);
#1290 = PLANE('',#1291);
#1291 = AXIS2_PLACEMENT_3D('',#1292,#1293,#1294);
#1292 = CARTESIAN_POINT('',(-35.,-30.,-4.));
#1293 = DIRECTION('',(0.,1.,0.));
#1294 = DIRECTION('',(0.,0.,1.));
#1295 = DEFINITIONAL_REPRESENTATION('',(#1296),#1300);
#1296 = LINE('',#1297,#1298);
#1297 = CARTESIAN_POINT('',(0.,0.));
#1298 = VECTOR('',#1299,1.);
#1299 = DIRECTION('',(1.,0.));
#1300 = ( GEOMETRIC_REPRESENTATION_CONTEXT(2) 
PARAMETRIC_REPRESENTATION_CONTEXT() REPRESENTATION_CONTEXT('2D SPACE',''
  ) );
#1301 = ORIENTED_EDGE('',*,*,#1302,.T.);
#1302 = EDGE_CURVE('',#1268,#1303,#1305,.T.);
#1303 = VERTEX_POINT('',#1304);
#1304 = CARTESIAN_POINT('',(-35.,30.,-4.));
#1305 = SURFACE_CURVE('',#1306,(#1310,#1317),.PCURVE_S1.);
#1306 = LINE('',#1307,#1308);
#1307 = CARTESIAN_POINT('',(-35.,-30.,-4.));
#1308 = VECTOR('',#1309,1.);
#1309 = DIRECTION('',(0.,1.,0.));
#1310 = PCURVE('',#1278,#1311);
#1311 = DEFINITIONAL_REPRESENTATION('',(#1312),#1316);
#1312 = LINE('',#1313,#1314);
#1313 = CARTESIAN_POINT('',(0.,0.));
#1314 = VECTOR('',#1315,1.);
#1315 = DIRECTION('',(0.,-1.));
#1316 = ( GEOMETRIC_REPRESENTATION_CONTEXT(2) 
PARAMETRIC_REPRESENTATION_CONTEXT() REPRESENTATION_CONTEXT('2D SPACE',''
  ) );
#1317 = PCURVE('',#1318,#1323);
#1318 = PLANE('',#1319);
#1319 = AXIS2_PLACEMENT_3D('',#1320,#1321,#1322);
#1320 = CARTESIAN_POINT('',(-35.,-30.,-4.));
#1321 = DIRECTION('',(0.,0.,1.));
#1322 = DIRECTION('',(1.,0.,0.));
#1323 = DEFINITIONAL_REPRESENTATION('',(#1324),#1328);
#1324 = LINE('',#1325,#1326);
#1325 = CARTESIAN_POINT('',(0.,0.));
#1326 = VECTOR('',#1327,1.);
#1327 = DIRECTION('',(0.,1.));
#1328 = ( GEOMETRIC_REPRESENTATION_CONTEXT(2) 
PARAMETRIC_REPRESENTATION_CONTEXT() REPRESENTATION_CONTEXT('2D SPACE',''
  ) );
#1329 = ORIENTED_EDGE('',*,*,#1330,.T.);
#1330 = EDGE_CURVE('',#1303,#1331,#1333,.T.);
#1331 = VERTEX_POINT('',#1332);
#1332 = CARTESIAN_POINT('',(-35.,30.,4.));
#1333 = SURFACE_CURVE('',#1334,(#1338,#1345),.PCURVE_S1.);
#1334 = LINE('',#1335,#1336);
#1335 = CARTESIAN_POINT('',(-35.,30.,-4.));
#1336 = VECTOR('',#1337,1.);
#1337 = DIRECTION('',(0.,0.,1.));
#1338 = PCURVE('',#1278,#1339);
#1339 = DEFINITIONAL_REPRESENTATION('',(#1340),#1344);
#1340 = LINE('',#1341,#1342);
#1341 = CARTESIAN_POINT('',(0.,-60.));
#1342 = VECTOR('',#1343,1.);
#1343 = DIRECTION('',(1.,0.));
#1344 = ( GEOMETRIC_REPRESENTATION_CONTEXT(2) 
PARAMETRIC_REPRESENTATION_CONTEXT() REPRESENTATION_CONTEXT('2D SPACE',''
  ) );
#1345 = PCURVE('',#1346,#1351);
#1346 = PLANE('',#1347);
#1347 = AXIS2_PLACEMENT_3D('',#1348,#1349,#1350);
#1348 = CARTESIAN_POINT('',(-35.,30.,-4.));
#1349 = DIRECTION('',(0.,1.,0.));
#1350 = DIRECTION('',(0.,0.,1.));
#1351 = DEFINITIONAL_REPRESENTATION('',(#1352),#1356);
#1352 = LINE('',#1353,#1354);
#1353 = CARTESIAN_POINT('',(0.,0.));
#1354 = VECTOR('',#1355,1.);
#1355 = DIRECTION('',(1.,0.));
#1356 = ( GEOMETRIC_REPRESENTATION_CONTEXT(2) 
PARAMETRIC_REPRESENTATION_CONTEXT() REPRESENTATION_CONTEXT('2D SPACE',''
  ) );
#1357 = ORIENTED_EDGE('',*,*,#1358,.F.);
#1358 = EDGE_CURVE('',#1270,#1331,#1359,.T.);
#1359 = SURFACE_CURVE('',#1360,(#1364,#1371),.PCURVE_S1.);
#1360 = LINE('',#1361,#1362);
#1361 = CARTESIAN_POINT('',(-35.,-30.,4.));
#1362 = VECTOR('',#1363,1.);
#1363 = DIRECTION('',(0.,1.,0.));
#1364 = PCURVE('',#1278,#1365);
#1365 = DEFINITIONAL_REPRESENTATION('',(#1366),#1370);
#1366 = LINE('',#1367,#1368);
#1367 = CARTESIAN_POINT('',(8.,0.));
#1368 = VECTOR('',#1369,1.);
#1369 = DIRECTION('',(0.,-1.));
#1370 = ( GEOMETRIC_REPRESENTATION_CONTEXT(2) 
PARAMETRIC_REPRESENTATION_CONTEXT() REPRESENTATION_CONTEXT('2D SPACE',''
  ) );
#1371 = PCURVE('',#1372,#1377);
#1372 = PLANE('',#1373);
#1373 = AXIS2_PLACEMENT_3D('',#1374,#1375,#1376);
#1374 = CARTESIAN_POINT('',(-35.,-30.,4.));
#1375 = DIRECTION('',(0.,0.,1.));
#1376 = DIRECTION('',(1.,0.,0.));
#1377 = DEFINITIONAL_REPRESENTATION('',(#1378),#1382);
#1378 = LINE('',#1379,#1380);
#1379 = CARTESIAN_POINT('',(0.,0.));
#1380 = VECTOR('',#1381,1.);
#1381 = DIRECTION('',(0.,1.));
#1382 = ( GEOMETRIC_REPRESENTATION_CONTEXT(2) 
PARAMETRIC_REPRESENTATION_CONTEXT() REPRESENTATION_CONTEXT('2D SPACE',''
  ) );
#1383 = ADVANCED_FACE('',(#1384),#1290,.F.);
#1384 = FACE_BOUND('',#1385,.F.);
#1385 = EDGE_LOOP('',(#1386,#1409,#1410,#1433));
#1386 = ORIENTED_EDGE('',*,*,#1387,.F.);
#1387 = EDGE_CURVE('',#1268,#1388,#1390,.T.);
#1388 = VERTEX_POINT('',#1389);
#1389 = CARTESIAN_POINT('',(35.,-30.,-4.));
#1390 = SURFACE_CURVE('',#1391,(#1395,#1402),.PCURVE_S1.);
#1391 = LINE('',#1392,#1393);
#1392 = CARTESIAN_POINT('',(-35.,-30.,-4.));
#1393 = VECTOR('',#1394,1.);
#1394 = DIRECTION('',(1.,0.,0.));
#1395 = PCURVE('',#1290,#1396);
#1396 = DEFINITIONAL_REPRESENTATION('',(#1397),#1401);
#1397 = LINE('',#1398,#1399);
#1398 = CARTESIAN_POINT('',(0.,0.));
#1399 = VECTOR('',#1400,1.);
#1400 = DIRECTION('',(0.,1.));
#1401 = ( GEOMETRIC_REPRESENTATION_CONTEXT(2) 
PARAMETRIC_REPRESENTATION_CONTEXT() REPRESENTATION_CONTEXT('2D SPACE',''
  ) );
#1402 = PCURVE('',#1318,#1403);
#1403 = DEFINITIONAL_REPRESENTATION('',(#1404),#1408);
#1404 = LINE('',#1405,#1406);
#1405 = CARTESIAN_POINT('',(0.,0.));
#1406 = VECTOR('',#1407,1.);
#1407 = DIRECTION('',(1.,0.));
#1408 = ( GEOMETRIC_REPRESENTATION_CONTEXT(2) 
PARAMETRIC_REPRESENTATION_CONTEXT() REPRESENTATION_CONTEXT('2D SPACE',''
  ) );
#1409 = ORIENTED_EDGE('',*,*,#1267,.T.);
#1410 = ORIENTED_EDGE('',*,*,#1411,.T.);
#1411 = EDGE_CURVE('',#1270,#1412,#1414,.T.);
#1412 = VERTEX_POINT('',#1413);
#1413 = CARTESIAN_POINT('',(35.,-30.,4.));
#1414 = SURFACE_CURVE('',#1415,(#1419,#1426),.PCURVE_S1.);
#1415 = LINE('',#1416,#1417);
#1416 = CARTESIAN_POINT('',(-35.,-30.,4.));
#1417 = VECTOR('',#1418,1.);
#1418 = DIRECTION('',(1.,0.,0.));
#1419 = PCURVE('',#1290,#1420);
#1420 = DEFINITIONAL_REPRESENTATION('',(#1421),#1425);
#1421 = LINE('',#1422,#1423);
#1422 = CARTESIAN_POINT('',(8.,0.));
#1423 = VECTOR('',#1424,1.);
#1424 = DIRECTION('',(0.,1.));
#1425 = ( GEOMETRIC_REPRESENTATION_CONTEXT(2) 
PARAMETRIC_REPRESENTATION_CONTEXT() REPRESENTATION_CONTEXT('2D SPACE',''
  ) );
#1426 = PCURVE('',#1372,#1427);
#1427 = DEFINITIONAL_REPRESENTATION('',(#1428),#1432);
#1428 = LINE('',#1429,#1430);
#1429 = CARTESIAN_POINT('',(0.,0.));
#1430 = VECTOR('',#1431,1.);
#1431 = DIRECTION('',(1.,0.));
#1432 = ( GEOMETRIC_REPRESENTATION_CONTEXT(2) 
PARAMETRIC_REPRESENTATION_CONTEXT() REPRESENTATION_CONTEXT('2D SPACE',''
  ) );
#1433 = ORIENTED_EDGE('',*,*,#1434,.F.);
#1434 = EDGE_CURVE('',#1388,#1412,#1435,.T.);
#1435 = SURFACE_CURVE('',#1436,(#1440,#1447),.PCURVE_S1.);
#1436 = LINE('',#1437,#1438);
#1437 = CARTESIAN_POINT('',(35.,-30.,-4.));
#1438 = VECTOR('',#1439,1.);
#1439 = DIRECTION('',(0.,0.,1.));
#1440 = PCURVE('',#1290,#1441);
#1441 = DEFINITIONAL_REPRESENTATION('',(#1442),#1446);
#1442 = LINE('',#1443,#1444);
#1443 = CARTESIAN_POINT('',(0.,70.));
#1444 = VECTOR('',#1445,1.);
#1445 = DIRECTION('',(1.,0.));
#1446 = ( GEOMETRIC_REPRESENTATION_CONTEXT(2) 
PARAMETRIC_REPRESENTATION_CONTEXT() REPRESENTATION_CONTEXT('2D SPACE',''
  ) );
#1447 = PCURVE('',#1448,#1453);
#1448 = PLANE('',#1449);
#1449 = AXIS2_PLACEMENT_3D('',#1450,#1451,#1452);
#1450 = CARTESIAN_POINT('',(35.,-30.,-4.));
#1451 = DIRECTION('',(1.,0.,0.));
#1452 = DIRECTION('',(0.,0.,1.));
#1453 = DEFINITIONAL_REPRESENTATION('',(#1454),#1458);
#1454 = LINE('',#1455,#1456);
#1455 = CARTESIAN_POINT('',(0.,0.));
#1456 = VECTOR('',#1457,1.);
#1457 = DIRECTION('',(1.,0.));
#1458 = ( GEOMETRIC_REPRESENTATION_CONTEXT(2) 
PARAMETRIC_REPRESENTATION_CONTEXT() REPRESENTATION_CONTEXT('2D SPACE',''
  ) );
#1459 = ADVANCED_FACE('',(#1460,#1508,#1543),#1372,.T.);
#1460 = FACE_BOUND('',#1461,.T.);
#1461 = EDGE_LOOP('',(#1462,#1463,#1464,#1487));
#1462 = ORIENTED_EDGE('',*,*,#1358,.F.);
#1463 = ORIENTED_EDGE('',*,*,#1411,.T.);
#1464 = ORIENTED_EDGE('',*,*,#1465,.T.);
#1465 = EDGE_CURVE('',#1412,#1466,#1468,.T.);
#1466 = VERTEX_POINT('',#1467);
#1467 = CARTESIAN_POINT('',(35.,30.,4.));
#1468 = SURFACE_CURVE('',#1469,(#1473,#1480),.PCURVE_S1.);
#1469 = LINE('',#1470,#1471);
#1470 = CARTESIAN_POINT('',(35.,-30.,4.));
#1471 = VECTOR('',#1472,1.);
#1472 = DIRECTION('',(0.,1.,0.));
#1473 = PCURVE('',#1372,#1474);
#1474 = DEFINITIONAL_REPRESENTATION('',(#1475),#1479);
#1475 = LINE('',#1476,#1477);
#1476 = CARTESIAN_POINT('',(70.,0.));
#1477 = VECTOR('',#1478,1.);
#1478 = DIRECTION('',(0.,1.));
#1479 = ( GEOMETRIC_REPRESENTATION_CONTEXT(2) 
PARAMETRIC_REPRESENTATION_CONTEXT() REPRESENTATION_CONTEXT('2D SPACE',''
  ) );
#1480 = PCURVE('',#1448,#1481);
#1481 = DEFINITIONAL_REPRESENTATION('',(#1482),#1486);
#1482 = LINE('',#1483,#1484);
#1483 = CARTESIAN_POINT('',(8.,0.));
#1484 = VECTOR('',#1485,1.);
#1485 = DIRECTION('',(0.,-1.));
#1486 = ( GEOMETRIC_REPRESENTATION_CONTEXT(2) 
PARAMETRIC_REPRESENTATION_CONTEXT() REPRESENTATION_CONTEXT('2D SPACE',''
  ) );
#1487 = ORIENTED_EDGE('',*,*,#1488,.F.);
#1488 = EDGE_CURVE('',#1331,#1466,#1489,.T.);
#1489 = SURFACE_CURVE('',#1490,(#1494,#1501),.PCURVE_S1.);
#1490 = LINE('',#1491,#1492);
#1491 = CARTESIAN_POINT('',(-35.,30.,4.));
#1492 = VECTOR('',#1493,1.);
#1493 = DIRECTION('',(1.,0.,0.));
#1494 = PCURVE('',#1372,#1495);
#1495 = DEFINITIONAL_REPRESENTATION('',(#1496),#1500);
#1496 = LINE('',#1497,#1498);
#1497 = CARTESIAN_POINT('',(0.,60.));
#1498 = VECTOR('',#1499,1.);
#1499 = DIRECTION('',(1.,0.));
#1500 = ( GEOMETRIC_REPRESENTATION_CONTEXT(2) 
PARAMETRIC_REPRESENTATION_CONTEXT() REPRESENTATION_CONTEXT('2D SPACE',''
  ) );
#1501 = PCURVE('',#1346,#1502);
#1502 = DEFINITIONAL_REPRESENTATION('',(#1503),#1507);
#1503 = LINE('',#1504,#1505);
#1504 = CARTESIAN_POINT('',(8.,0.));
#1505 = VECTOR('',#1506,1.);
#1506 = DIRECTION('',(0.,1.));
#1507 = ( GEOMETRIC_REPRESENTATION_CONTEXT(2) 
PARAMETRIC_REPRESENTATION_CONTEXT() REPRESENTATION_CONTEXT('2D SPACE',''
  ) );
#1508 = FACE_BOUND('',#1509,.T.);
#1509 = EDGE_LOOP('',(#1510));
#1510 = ORIENTED_EDGE('',*,*,#1511,.T.);
#1511 = EDGE_CURVE('',#1512,#1512,#1514,.T.);
#1512 = VERTEX_POINT('',#1513);
#1513 = CARTESIAN_POINT('',(-20.75,0.,4.));
#1514 = SURFACE_CURVE('',#1515,(#1520,#1531),.PCURVE_S1.);
#1515 = CIRCLE('',#1516,4.25);
#1516 = AXIS2_PLACEMENT_3D('',#1517,#1518,#1519);
#1517 = CARTESIAN_POINT('',(-25.,0.,4.));
#1518 = DIRECTION('',(0.,0.,-1.));
#1519 = DIRECTION('',(1.,0.,0.));
#1520 = PCURVE('',#1372,#1521);
#1521 = DEFINITIONAL_REPRESENTATION('',(#1522),#1530);
#1522 = ( BOUNDED_CURVE() B_SPLINE_CURVE(2,(#1523,#1524,#1525,#1526,
#1527,#1528,#1529),.UNSPECIFIED.,.T.,.F.) B_SPLINE_CURVE_WITH_KNOTS((1,2
    ,2,2,2,1),(-2.094395102393,0.,2.094395102393,4.188790204786,
6.28318530718,8.377580409573),.UNSPECIFIED.) CURVE() 
GEOMETRIC_REPRESENTATION_ITEM() RATIONAL_B_SPLINE_CURVE((1.,0.5,1.,0.5,
1.,0.5,1.)) REPRESENTATION_ITEM('') );
#1523 = CARTESIAN_POINT('',(14.25,30.));
#1524 = CARTESIAN_POINT('',(14.25,22.638784067832));
#1525 = CARTESIAN_POINT('',(7.875,26.319392033916));
#1526 = CARTESIAN_POINT('',(1.5,30.));
#1527 = CARTESIAN_POINT('',(7.875,33.680607966084));
#1528 = CARTESIAN_POINT('',(14.25,37.361215932168));
#1529 = CARTESIAN_POINT('',(14.25,30.));
#1530 = ( GEOMETRIC_REPRESENTATION_CONTEXT(2) 
PARAMETRIC_REPRESENTATION_CONTEXT() REPRESENTATION_CONTEXT('2D SPACE',''
  ) );
#1531 = PCURVE('',#1532,#1537);
#1532 = CYLINDRICAL_SURFACE('',#1533,4.25);
#1533 = AXIS2_PLACEMENT_3D('',#1534,#1535,#1536);
#1534 = CARTESIAN_POINT('',(-25.,0.,-5.));
#1535 = DIRECTION('',(-0.,-0.,-1.));
#1536 = DIRECTION('',(1.,0.,0.));
#1537 = DEFINITIONAL_REPRESENTATION('',(#1538),#1542);
#1538 = LINE('',#1539,#1540);
#1539 = CARTESIAN_POINT('',(-6.28318530718,-9.));
#1540 = VECTOR('',#1541,1.);
#1541 = DIRECTION('',(1.,-0.));
#1542 = ( GEOMETRIC_REPRESENTATION_CONTEXT(2) 
PARAMETRIC_REPRESENTATION_CONTEXT() REPRESENTATION_CONTEXT('2D SPACE',''
  ) );
#1543 = FACE_BOUND('',#1544,.T.);
#1544 = EDGE_LOOP('',(#1545));
#1545 = ORIENTED_EDGE('',*,*,#1546,.T.);
#1546 = EDGE_CURVE('',#1547,#1547,#1549,.T.);
#1547 = VERTEX_POINT('',#1548);
#1548 = CARTESIAN_POINT('',(29.25,0.,4.));
#1549 = SURFACE_CURVE('',#1550,(#1555,#1566),.PCURVE_S1.);
#1550 = CIRCLE('',#1551,4.25);
#1551 = AXIS2_PLACEMENT_3D('',#1552,#1553,#1554);
#1552 = CARTESIAN_POINT('',(25.,0.,4.));
#1553 = DIRECTION('',(0.,0.,-1.));
#1554 = DIRECTION('',(1.,0.,0.));
#1555 = PCURVE('',#1372,#1556);
#1556 = DEFINITIONAL_REPRESENTATION('',(#1557),#1565);
#1557 = ( BOUNDED_CURVE() B_SPLINE_CURVE(2,(#1558,#1559,#1560,#1561,
#1562,#1563,#1564),.UNSPECIFIED.,.T.,.F.) B_SPLINE_CURVE_WITH_KNOTS((1,2
    ,2,2,2,1),(-2.094395102393,0.,2.094395102393,4.188790204786,
6.28318530718,8.377580409573),.UNSPECIFIED.) CURVE() 
GEOMETRIC_REPRESENTATION_ITEM() RATIONAL_B_SPLINE_CURVE((1.,0.5,1.,0.5,
1.,0.5,1.)) REPRESENTATION_ITEM('') );
#1558 = CARTESIAN_POINT('',(64.25,30.));
#1559 = CARTESIAN_POINT('',(64.25,22.638784067832));
#1560 = CARTESIAN_POINT('',(57.875,26.319392033916));
#1561 = CARTESIAN_POINT('',(51.5,30.));
#1562 = CARTESIAN_POINT('',(57.875,33.680607966084));
#1563 = CARTESIAN_POINT('',(64.25,37.361215932168));
#1564 = CARTESIAN_POINT('',(64.25,30.));
#1565 = ( GEOMETRIC_REPRESENTATION_CONTEXT(2) 
PARAMETRIC_REPRESENTATION_CONTEXT() REPRESENTATION_CONTEXT('2D SPACE',''
  ) );
#1566 = PCURVE('',#1567,#1572);
#1567 = CYLINDRICAL_SURFACE('',#1568,4.25);
#1568 = AXIS2_PLACEMENT_3D('',#1569,#1570,#1571);
#1569 = CARTESIAN_POINT('',(25.,0.,-5.));
#1570 = DIRECTION('',(-0.,-0.,-1.));
#1571 = DIRECTION('',(1.,0.,0.));
#1572 = DEFINITIONAL_REPRESENTATION('',(#1573),#1577);
#1573 = LINE('',#1574,#1575);
#1574 = CARTESIAN_POINT('',(-6.28318530718,-9.));
#1575 = VECTOR('',#1576,1.);
#1576 = DIRECTION('',(1.,-0.));
#1577 = ( GEOMETRIC_REPRESENTATION_CONTEXT(2) 
PARAMETRIC_REPRESENTATION_CONTEXT() REPRESENTATION_CONTEXT('2D SPACE',''
  ) );
#1578 = ADVANCED_FACE('',(#1579),#1346,.T.);
#1579 = FACE_BOUND('',#1580,.T.);
#1580 = EDGE_LOOP('',(#1581,#1604,#1605,#1606));
#1581 = ORIENTED_EDGE('',*,*,#1582,.F.);
#1582 = EDGE_CURVE('',#1303,#1583,#1585,.T.);
#1583 = VERTEX_POINT('',#1584);
#1584 = CARTESIAN_POINT('',(35.,30.,-4.));
#1585 = SURFACE_CURVE('',#1586,(#1590,#1597),.PCURVE_S1.);
#1586 = LINE('',#1587,#1588);
#1587 = CARTESIAN_POINT('',(-35.,30.,-4.));
#1588 = VECTOR('',#1589,1.);
#1589 = DIRECTION('',(1.,0.,0.));
#1590 = PCURVE('',#1346,#1591);
#1591 = DEFINITIONAL_REPRESENTATION('',(#1592),#1596);
#1592 = LINE('',#1593,#1594);
#1593 = CARTESIAN_POINT('',(0.,0.));
#1594 = VECTOR('',#1595,1.);
#1595 = DIRECTION('',(0.,1.));
#1596 = ( GEOMETRIC_REPRESENTATION_CONTEXT(2) 
PARAMETRIC_REPRESENTATION_CONTEXT() REPRESENTATION_CONTEXT('2D SPACE',''
  ) );
#1597 = PCURVE('',#1318,#1598);
#1598 = DEFINITIONAL_REPRESENTATION('',(#1599),#1603);
#1599 = LINE('',#1600,#1601);
#1600 = CARTESIAN_POINT('',(0.,60.));
#1601 = VECTOR('',#1602,1.);
#1602 = DIRECTION('',(1.,0.));
#1603 = ( GEOMETRIC_REPRESENTATION_CONTEXT(2) 
PARAMETRIC_REPRESENTATION_CONTEXT() REPRESENTATION_CONTEXT('2D SPACE',''
  ) );
#1604 = ORIENTED_EDGE('',*,*,#1330,.T.);
#1605 = ORIENTED_EDGE('',*,*,#1488,.T.);
#1606 = ORIENTED_EDGE('',*,*,#1607,.F.);
#1607 = EDGE_CURVE('',#1583,#1466,#1608,.T.);
#1608 = SURFACE_CURVE('',#1609,(#1613,#1620),.PCURVE_S1.);
#1609 = LINE('',#1610,#1611);
#1610 = CARTESIAN_POINT('',(35.,30.,-4.));
#1611 = VECTOR('',#1612,1.);
#1612 = DIRECTION('',(0.,0.,1.));
#1613 = PCURVE('',#1346,#1614);
#1614 = DEFINITIONAL_REPRESENTATION('',(#1615),#1619);
#1615 = LINE('',#1616,#1617);
#1616 = CARTESIAN_POINT('',(0.,70.));
#1617 = VECTOR('',#1618,1.);
#1618 = DIRECTION('',(1.,0.));
#1619 = ( GEOMETRIC_REPRESENTATION_CONTEXT(2) 
PARAMETRIC_REPRESENTATION_CONTEXT() REPRESENTATION_CONTEXT('2D SPACE',''
  ) );
#1620 = PCURVE('',#1448,#1621);
#1621 = DEFINITIONAL_REPRESENTATION('',(#1622),#1626);
#1622 = LINE('',#1623,#1624);
#1623 = CARTESIAN_POINT('',(0.,-60.));
#1624 = VECTOR('',#1625,1.);
#1625 = DIRECTION('',(1.,0.));
#1626 = ( GEOMETRIC_REPRESENTATION_CONTEXT(2) 
PARAMETRIC_REPRESENTATION_CONTEXT() REPRESENTATION_CONTEXT('2D SPACE',''
  ) );
#1627 = ADVANCED_FACE('',(#1628,#1654,#1684),#1318,.F.);
#1628 = FACE_BOUND('',#1629,.F.);
#1629 = EDGE_LOOP('',(#1630,#1631,#1632,#1653));
#1630 = ORIENTED_EDGE('',*,*,#1302,.F.);
#1631 = ORIENTED_EDGE('',*,*,#1387,.T.);
#1632 = ORIENTED_EDGE('',*,*,#1633,.T.);
#1633 = EDGE_CURVE('',#1388,#1583,#1634,.T.);
#1634 = SURFACE_CURVE('',#1635,(#1639,#1646),.PCURVE_S1.);
#1635 = LINE('',#1636,#1637);
#1636 = CARTESIAN_POINT('',(35.,-30.,-4.));
#1637 = VECTOR('',#1638,1.);
#1638 = DIRECTION('',(0.,1.,0.));
#1639 = PCURVE('',#1318,#1640);
#1640 = DEFINITIONAL_REPRESENTATION('',(#1641),#1645);
#1641 = LINE('',#1642,#1643);
#1642 = CARTESIAN_POINT('',(70.,0.));
#1643 = VECTOR('',#1644,1.);
#1644 = DIRECTION('',(0.,1.));
#1645 = ( GEOMETRIC_REPRESENTATION_CONTEXT(2) 
PARAMETRIC_REPRESENTATION_CONTEXT() REPRESENTATION_CONTEXT('2D SPACE',''
  ) );
#1646 = PCURVE('',#1448,#1647);
#1647 = DEFINITIONAL_REPRESENTATION('',(#1648),#1652);
#1648 = LINE('',#1649,#1650);
#1649 = CARTESIAN_POINT('',(0.,0.));
#1650 = VECTOR('',#1651,1.);
#1651 = DIRECTION('',(0.,-1.));
#1652 = ( GEOMETRIC_REPRESENTATION_CONTEXT(2) 
PARAMETRIC_REPRESENTATION_CONTEXT() REPRESENTATION_CONTEXT('2D SPACE',''
  ) );
#1653 = ORIENTED_EDGE('',*,*,#1582,.F.);
#1654 = FACE_BOUND('',#1655,.F.);
#1655 = EDGE_LOOP('',(#1656));
#1656 = ORIENTED_EDGE('',*,*,#1657,.T.);
#1657 = EDGE_CURVE('',#1658,#1658,#1660,.T.);
#1658 = VERTEX_POINT('',#1659);
#1659 = CARTESIAN_POINT('',(-20.75,0.,-4.));
#1660 = SURFACE_CURVE('',#1661,(#1666,#1677),.PCURVE_S1.);
#1661 = CIRCLE('',#1662,4.25);
#1662 = AXIS2_PLACEMENT_3D('',#1663,#1664,#1665);
#1663 = CARTESIAN_POINT('',(-25.,0.,-4.));
#1664 = DIRECTION('',(0.,0.,-1.));
#1665 = DIRECTION('',(1.,0.,0.));
#1666 = PCURVE('',#1318,#1667);
#1667 = DEFINITIONAL_REPRESENTATION('',(#1668),#1676);
#1668 = ( BOUNDED_CURVE() B_SPLINE_CURVE(2,(#1669,#1670,#1671,#1672,
#1673,#1674,#1675),.UNSPECIFIED.,.T.,.F.) B_SPLINE_CURVE_WITH_KNOTS((1,2
    ,2,2,2,1),(-2.094395102393,0.,2.094395102393,4.188790204786,
6.28318530718,8.377580409573),.UNSPECIFIED.) CURVE() 
GEOMETRIC_REPRESENTATION_ITEM() RATIONAL_B_SPLINE_CURVE((1.,0.5,1.,0.5,
1.,0.5,1.)) REPRESENTATION_ITEM('') );
#1669 = CARTESIAN_POINT('',(14.25,30.));
#1670 = CARTESIAN_POINT('',(14.25,22.638784067832));
#1671 = CARTESIAN_POINT('',(7.875,26.319392033916));
#1672 = CARTESIAN_POINT('',(1.5,30.));
#1673 = CARTESIAN_POINT('',(7.875,33.680607966084));
#1674 = CARTESIAN_POINT('',(14.25,37.361215932168));
#1675 = CARTESIAN_POINT('',(14.25,30.));
#1676 = ( GEOMETRIC_REPRESENTATION_CONTEXT(2) 
PARAMETRIC_REPRESENTATION_CONTEXT() REPRESENTATION_CONTEXT('2D SPACE',''
  ) );
#1677 = PCURVE('',#1532,#1678);
#1678 = DEFINITIONAL_REPRESENTATION('',(#1679),#1683);
#1679 = LINE('',#1680,#1681);
#1680 = CARTESIAN_POINT('',(-6.28318530718,-1.));
#1681 = VECTOR('',#1682,1.);
#1682 = DIRECTION('',(1.,-0.));
#1683 = ( GEOMETRIC_REPRESENTATION_CONTEXT(2) 
PARAMETRIC_REPRESENTATION_CONTEXT() REPRESENTATION_CONTEXT('2D SPACE',''
  ) );
#1684 = FACE_BOUND('',#1685,.F.);
#1685 = EDGE_LOOP('',(#1686));
#1686 = ORIENTED_EDGE('',*,*,#1687,.T.);
#1687 = EDGE_CURVE('',#1688,#1688,#1690,.T.);
#1688 = VERTEX_POINT('',#1689);
#1689 = CARTESIAN_POINT('',(29.25,0.,-4.));
#1690 = SURFACE_CURVE('',#1691,(#1696,#1707),.PCURVE_S1.);
#1691 = CIRCLE('',#1692,4.25);
#1692 = AXIS2_PLACEMENT_3D('',#1693,#1694,#1695);
#1693 = CARTESIAN_POINT('',(25.,0.,-4.));
#1694 = DIRECTION('',(0.,0.,-1.));
#1695 = DIRECTION('',(1.,0.,0.));
#1696 = PCURVE('',#1318,#1697);
#1697 = DEFINITIONAL_REPRESENTATION('',(#1698),#1706);
#1698 = ( BOUNDED_CURVE() B_SPLINE_CURVE(2,(#1699,#1700,#1701,#1702,
#1703,#1704,#1705),.UNSPECIFIED.,.T.,.F.) B_SPLINE_CURVE_WITH_KNOTS((1,2
    ,2,2,2,1),(-2.094395102393,0.,2.094395102393,4.188790204786,
6.28318530718,8.377580409573),.UNSPECIFIED.) CURVE() 
GEOMETRIC_REPRESENTATION_ITEM() RATIONAL_B_SPLINE_CURVE((1.,0.5,1.,0.5,
1.,0.5,1.)) REPRESENTATION_ITEM('') );
#1699 = CARTESIAN_POINT('',(64.25,30.));
#1700 = CARTESIAN_POINT('',(64.25,22.638784067832));
#1701 = CARTESIAN_POINT('',(57.875,26.319392033916));
#1702 = CARTESIAN_POINT('',(51.5,30.));
#1703 = CARTESIAN_POINT('',(57.875,33.680607966084));
#1704 = CARTESIAN_POINT('',(64.25,37.361215932168));
#1705 = CARTESIAN_POINT('',(64.25,30.));
#1706 = ( GEOMETRIC_REPRESENTATION_CONTEXT(2) 
PARAMETRIC_REPRESENTATION_CONTEXT() REPRESENTATION_CONTEXT('2D SPACE',''
  ) );
#1707 = PCURVE('',#1567,#1708);
#1708 = DEFINITIONAL_REPRESENTATION('',(#1709),#1713);
#1709 = LINE('',#1710,#1711);
#1710 = CARTESIAN_POINT('',(-6.28318530718,-1.));
#1711 = VECTOR('',#1712,1.);
#1712 = DIRECTION('',(1.,-0.));
#1713 = ( GEOMETRIC_REPRESENTATION_CONTEXT(2) 
PARAMETRIC_REPRESENTATION_CONTEXT() REPRESENTATION_CONTEXT('2D SPACE',''
  ) );
#1714 = ADVANCED_FACE('',(#1715),#1448,.T.);
#1715 = FACE_BOUND('',#1716,.T.);
#1716 = EDGE_LOOP('',(#1717,#1718,#1719,#1720));
#1717 = ORIENTED_EDGE('',*,*,#1434,.F.);
#1718 = ORIENTED_EDGE('',*,*,#1633,.T.);
#1719 = ORIENTED_EDGE('',*,*,#1607,.T.);
#1720 = ORIENTED_EDGE('',*,*,#1465,.F.);
#1721 = ADVANCED_FACE('',(#1722),#1532,.F.);
#1722 = FACE_BOUND('',#1723,.T.);
#1723 = EDGE_LOOP('',(#1724,#1725,#1746,#1747));
#1724 = ORIENTED_EDGE('',*,*,#1657,.T.);
#1725 = ORIENTED_EDGE('',*,*,#1726,.T.);
#1726 = EDGE_CURVE('',#1658,#1512,#1727,.T.);
#1727 = SEAM_CURVE('',#1728,(#1732,#1739),.PCURVE_S1.);
#1728 = LINE('',#1729,#1730);
#1729 = CARTESIAN_POINT('',(-20.75,0.,-5.));
#1730 = VECTOR('',#1731,1.);
#1731 = DIRECTION('',(0.,0.,1.));
#1732 = PCURVE('',#1532,#1733);
#1733 = DEFINITIONAL_REPRESENTATION('',(#1734),#1738);
#1734 = LINE('',#1735,#1736);
#1735 = CARTESIAN_POINT('',(-6.28318530718,0.));
#1736 = VECTOR('',#1737,1.);
#1737 = DIRECTION('',(-0.,-1.));
#1738 = ( GEOMETRIC_REPRESENTATION_CONTEXT(2) 
PARAMETRIC_REPRESENTATION_CONTEXT() REPRESENTATION_CONTEXT('2D SPACE',''
  ) );
#1739 = PCURVE('',#1532,#1740);
#1740 = DEFINITIONAL_REPRESENTATION('',(#1741),#1745);
#1741 = LINE('',#1742,#1743);
#1742 = CARTESIAN_POINT('',(-0.,0.));
#1743 = VECTOR('',#1744,1.);
#1744 = DIRECTION('',(-0.,-1.));
#1745 = ( GEOMETRIC_REPRESENTATION_CONTEXT(2) 
PARAMETRIC_REPRESENTATION_CONTEXT() REPRESENTATION_CONTEXT('2D SPACE',''
  ) );
#1746 = ORIENTED_EDGE('',*,*,#1511,.F.);
#1747 = ORIENTED_EDGE('',*,*,#1726,.F.);
#1748 = ADVANCED_FACE('',(#1749),#1567,.F.);
#1749 = FACE_BOUND('',#1750,.T.);
#1750 = EDGE_LOOP('',(#1751,#1752,#1773,#1774));
#1751 = ORIENTED_EDGE('',*,*,#1687,.T.);
#1752 = ORIENTED_EDGE('',*,*,#1753,.T.);
#1753 = EDGE_CURVE('',#1688,#1547,#1754,.T.);
#1754 = SEAM_CURVE('',#1755,(#1759,#1766),.PCURVE_S1.);
#1755 = LINE('',#1756,#1757);
#1756 = CARTESIAN_POINT('',(29.25,0.,-5.));
#1757 = VECTOR('',#1758,1.);
#1758 = DIRECTION('',(0.,0.,1.));
#1759 = PCURVE('',#1567,#1760);
#1760 = DEFINITIONAL_REPRESENTATION('',(#1761),#1765);
#1761 = LINE('',#1762,#1763);
#1762 = CARTESIAN_POINT('',(-6.28318530718,0.));
#1763 = VECTOR('',#1764,1.);
#1764 = DIRECTION('',(-0.,-1.));
#1765 = ( GEOMETRIC_REPRESENTATION_CONTEXT(2) 
PARAMETRIC_REPRESENTATION_CONTEXT() REPRESENTATION_CONTEXT('2D SPACE',''
  ) );
#1766 = PCURVE('',#1567,#1767);
#1767 = DEFINITIONAL_REPRESENTATION('',(#1768),#1772);
#1768 = LINE('',#1769,#1770);
#1769 = CARTESIAN_POINT('',(-0.,0.));
#1770 = VECTOR('',#1771,1.);
#1771 = DIRECTION('',(-0.,-1.));
#1772 = ( GEOMETRIC_REPRESENTATION_CONTEXT(2) 
PARAMETRIC_REPRESENTATION_CONTEXT() REPRESENTATION_CONTEXT('2D SPACE',''
  ) );
#1773 = ORIENTED_EDGE('',*,*,#1546,.F.);
#1774 = ORIENTED_EDGE('',*,*,#1753,.F.);
#1775 = ( GEOMETRIC_REPRESENTATION_CONTEXT(3) 
GLOBAL_UNCERTAINTY_ASSIGNED_CONTEXT((#1779)) 
GLOBAL_UNIT_ASSIGNED_CONTEXT((#1776,#1777,#1778)) REPRESENTATION_CONTEXT
('Context #1','3D Context with UNIT and UNCERTAINTY') );
#1776 = ( LENGTH_UNIT() NAMED_UNIT(*) SI_UNIT(.MILLI.,.METRE.) );
#1777 = ( NAMED_UNIT(*) PLANE_ANGLE_UNIT() SI_UNIT($,.RADIAN.) );
#1778 = ( NAMED_UNIT(*) SI_UNIT($,.STERADIAN.) SOLID_ANGLE_UNIT() );
#1779 = UNCERTAINTY_MEASURE_WITH_UNIT(LENGTH_MEASURE(1.E-07),#1776,
  'distance_accuracy_value','confusion accuracy');
#1780 = CONTEXT_DEPENDENT_SHAPE_REPRESENTATION(#1781,#1783);
#1781 = ( REPRESENTATION_RELATIONSHIP('','',#1260,#10) 
REPRESENTATION_RELATIONSHIP_WITH_TRANSFORMATION(#1782) 
SHAPE_REPRESENTATION_RELATIONSHIP() );
#1782 = ITEM_DEFINED_TRANSFORMATION('','',#11,#31);
#1783 = PRODUCT_DEFINITION_SHAPE('Placement','Placement of an item',
  #1784);
#1784 = NEXT_ASSEMBLY_USAGE_OCCURRENCE('37','AB-SP-005','',#5,#1255,$);
#1785 = PRODUCT_RELATED_PRODUCT_CATEGORY('part',$,(#1257));
#1786 = SHAPE_DEFINITION_REPRESENTATION(#1787,#1793);
#1787 = PRODUCT_DEFINITION_SHAPE('','',#1788);
#1788 = PRODUCT_DEFINITION('design','',#1789,#1792);
#1789 = PRODUCT_DEFINITION_FORMATION('','',#1790);
#1790 = PRODUCT('AB-SP-006','AB-SP-006','',(#1791));
#1791 = PRODUCT_CONTEXT('',#2,'mechanical');
#1792 = PRODUCT_DEFINITION_CONTEXT('part definition',#2,'design');
#1793 = ADVANCED_BREP_SHAPE_REPRESENTATION('',(#11,#1794),#2124);
#1794 = MANIFOLD_SOLID_BREP('',#1795);
#1795 = CLOSED_SHELL('',(#1796,#1916,#2016,#2063,#2110,#2117));
#1796 = ADVANCED_FACE('',(#1797),#1811,.F.);
#1797 = FACE_BOUND('',#1798,.F.);
#1798 = EDGE_LOOP('',(#1799,#1834,#1862,#1890));
#1799 = ORIENTED_EDGE('',*,*,#1800,.F.);
#1800 = EDGE_CURVE('',#1801,#1803,#1805,.T.);
#1801 = VERTEX_POINT('',#1802);
#1802 = CARTESIAN_POINT('',(-35.,-30.,-4.));
#1803 = VERTEX_POINT('',#1804);
#1804 = CARTESIAN_POINT('',(-35.,-30.,4.));
#1805 = SURFACE_CURVE('',#1806,(#1810,#1822),.PCURVE_S1.);
#1806 = LINE('',#1807,#1808);
#1807 = CARTESIAN_POINT('',(-35.,-30.,-4.));
#1808 = VECTOR('',#1809,1.);
#1809 = DIRECTION('',(0.,0.,1.));
#1810 = PCURVE('',#1811,#1816);
#1811 = PLANE('',#1812);
#1812 = AXIS2_PLACEMENT_3D('',#1813,#1814,#1815);
#1813 = CARTESIAN_POINT('',(-35.,-30.,-4.));
#1814 = DIRECTION('',(1.,0.,0.));
#1815 = DIRECTION('',(0.,0.,1.));
#1816 = DEFINITIONAL_REPRESENTATION('',(#1817),#1821);
#1817 = LINE('',#1818,#1819);
#1818 = CARTESIAN_POINT('',(0.,0.));
#1819 = VECTOR('',#1820,1.);
#1820 = DIRECTION('',(1.,0.));
#1821 = ( GEOMETRIC_REPRESENTATION_CONTEXT(2) 
PARAMETRIC_REPRESENTATION_CONTEXT() REPRESENTATION_CONTEXT('2D SPACE',''
  ) );
#1822 = PCURVE('',#1823,#1828);
#1823 = PLANE('',#1824);
#1824 = AXIS2_PLACEMENT_3D('',#1825,#1826,#1827);
#1825 = CARTESIAN_POINT('',(-35.,-30.,-4.));
#1826 = DIRECTION('',(0.,1.,0.));
#1827 = DIRECTION('',(0.,0.,1.));
#1828 = DEFINITIONAL_REPRESENTATION('',(#1829),#1833);
#1829 = LINE('',#1830,#1831);
#1830 = CARTESIAN_POINT('',(0.,0.));
#1831 = VECTOR('',#1832,1.);
#1832 = DIRECTION('',(1.,0.));
#1833 = ( GEOMETRIC_REPRESENTATION_CONTEXT(2) 
PARAMETRIC_REPRESENTATION_CONTEXT() REPRESENTATION_CONTEXT('2D SPACE',''
  ) );
#1834 = ORIENTED_EDGE('',*,*,#1835,.T.);
#1835 = EDGE_CURVE('',#1801,#1836,#1838,.T.);
#1836 = VERTEX_POINT('',#1837);
#1837 = CARTESIAN_POINT('',(-35.,30.,-4.));
#1838 = SURFACE_CURVE('',#1839,(#1843,#1850),.PCURVE_S1.);
#1839 = LINE('',#1840,#1841);
#1840 = CARTESIAN_POINT('',(-35.,-30.,-4.));
#1841 = VECTOR('',#1842,1.);
#1842 = DIRECTION('',(0.,1.,0.));
#1843 = PCURVE('',#1811,#1844);
#1844 = DEFINITIONAL_REPRESENTATION('',(#1845),#1849);
#1845 = LINE('',#1846,#1847);
#1846 = CARTESIAN_POINT('',(0.,0.));
#1847 = VECTOR('',#1848,1.);
#1848 = DIRECTION('',(0.,-1.));
#1849 = ( GEOMETRIC_REPRESENTATION_CONTEXT(2) 
PARAMETRIC_REPRESENTATION_CONTEXT() REPRESENTATION_CONTEXT('2D SPACE',''
  ) );
#1850 = PCURVE('',#1851,#1856);
#1851 = PLANE('',#1852);
#1852 = AXIS2_PLACEMENT_3D('',#1853,#1854,#1855);
#1853 = CARTESIAN_POINT('',(-35.,-30.,-4.));
#1854 = DIRECTION('',(0.,0.,1.));
#1855 = DIRECTION('',(1.,0.,0.));
#1856 = DEFINITIONAL_REPRESENTATION('',(#1857),#1861);
#1857 = LINE('',#1858,#1859);
#1858 = CARTESIAN_POINT('',(0.,0.));
#1859 = VECTOR('',#1860,1.);
#1860 = DIRECTION('',(0.,1.));
#1861 = ( GEOMETRIC_REPRESENTATION_CONTEXT(2) 
PARAMETRIC_REPRESENTATION_CONTEXT() REPRESENTATION_CONTEXT('2D SPACE',''
  ) );
#1862 = ORIENTED_EDGE('',*,*,#1863,.T.);
#1863 = EDGE_CURVE('',#1836,#1864,#1866,.T.);
#1864 = VERTEX_POINT('',#1865);
#1865 = CARTESIAN_POINT('',(-35.,30.,4.));
#1866 = SURFACE_CURVE('',#1867,(#1871,#1878),.PCURVE_S1.);
#1867 = LINE('',#1868,#1869);
#1868 = CARTESIAN_POINT('',(-35.,30.,-4.));
#1869 = VECTOR('',#1870,1.);
#1870 = DIRECTION('',(0.,0.,1.));
#1871 = PCURVE('',#1811,#1872);
#1872 = DEFINITIONAL_REPRESENTATION('',(#1873),#1877);
#1873 = LINE('',#1874,#1875);
#1874 = CARTESIAN_POINT('',(0.,-60.));
#1875 = VECTOR('',#1876,1.);
#1876 = DIRECTION('',(1.,0.));
#1877 = ( GEOMETRIC_REPRESENTATION_CONTEXT(2) 
PARAMETRIC_REPRESENTATION_CONTEXT() REPRESENTATION_CONTEXT('2D SPACE',''
  ) );
#1878 = PCURVE('',#1879,#1884);
#1879 = PLANE('',#1880);
#1880 = AXIS2_PLACEMENT_3D('',#1881,#1882,#1883);
#1881 = CARTESIAN_POINT('',(-35.,30.,-4.));
#1882 = DIRECTION('',(0.,1.,0.));
#1883 = DIRECTION('',(0.,0.,1.));
#1884 = DEFINITIONAL_REPRESENTATION('',(#1885),#1889);
#1885 = LINE('',#1886,#1887);
#1886 = CARTESIAN_POINT('',(0.,0.));
#1887 = VECTOR('',#1888,1.);
#1888 = DIRECTION('',(1.,0.));
#1889 = ( GEOMETRIC_REPRESENTATION_CONTEXT(2) 
PARAMETRIC_REPRESENTATION_CONTEXT() REPRESENTATION_CONTEXT('2D SPACE',''
  ) );
#1890 = ORIENTED_EDGE('',*,*,#1891,.F.);
#1891 = EDGE_CURVE('',#1803,#1864,#1892,.T.);
#1892 = SURFACE_CURVE('',#1893,(#1897,#1904),.PCURVE_S1.);
#1893 = LINE('',#1894,#1895);
#1894 = CARTESIAN_POINT('',(-35.,-30.,4.));
#1895 = VECTOR('',#1896,1.);
#1896 = DIRECTION('',(0.,1.,0.));
#1897 = PCURVE('',#1811,#1898);
#1898 = DEFINITIONAL_REPRESENTATION('',(#1899),#1903);
#1899 = LINE('',#1900,#1901);
#1900 = CARTESIAN_POINT('',(8.,0.));
#1901 = VECTOR('',#1902,1.);
#1902 = DIRECTION('',(0.,-1.));
#1903 = ( GEOMETRIC_REPRESENTATION_CONTEXT(2) 
PARAMETRIC_REPRESENTATION_CONTEXT() REPRESENTATION_CONTEXT('2D SPACE',''
  ) );
#1904 = PCURVE('',#1905,#1910);
#1905 = PLANE('',#1906);
#1906 = AXIS2_PLACEMENT_3D('',#1907,#1908,#1909);
#1907 = CARTESIAN_POINT('',(-35.,-30.,4.));
#1908 = DIRECTION('',(0.,0.,1.));
#1909 = DIRECTION('',(1.,0.,0.));
#1910 = DEFINITIONAL_REPRESENTATION('',(#1911),#1915);
#1911 = LINE('',#1912,#1913);
#1912 = CARTESIAN_POINT('',(0.,0.));
#1913 = VECTOR('',#1914,1.);
#1914 = DIRECTION('',(0.,1.));
#1915 = ( GEOMETRIC_REPRESENTATION_CONTEXT(2) 
PARAMETRIC_REPRESENTATION_CONTEXT() REPRESENTATION_CONTEXT('2D SPACE',''
  ) );
#1916 = ADVANCED_FACE('',(#1917),#1931,.T.);
#1917 = FACE_BOUND('',#1918,.T.);
#1918 = EDGE_LOOP('',(#1919,#1949,#1972,#1995));
#1919 = ORIENTED_EDGE('',*,*,#1920,.F.);
#1920 = EDGE_CURVE('',#1921,#1923,#1925,.T.);
#1921 = VERTEX_POINT('',#1922);
#1922 = CARTESIAN_POINT('',(35.,-30.,-4.));
#1923 = VERTEX_POINT('',#1924);
#1924 = CARTESIAN_POINT('',(35.,-30.,4.));
#1925 = SURFACE_CURVE('',#1926,(#1930,#1942),.PCURVE_S1.);
#1926 = LINE('',#1927,#1928);
#1927 = CARTESIAN_POINT('',(35.,-30.,-4.));
#1928 = VECTOR('',#1929,1.);
#1929 = DIRECTION('',(0.,0.,1.));
#1930 = PCURVE('',#1931,#1936);
#1931 = PLANE('',#1932);
#1932 = AXIS2_PLACEMENT_3D('',#1933,#1934,#1935);
#1933 = CARTESIAN_POINT('',(35.,-30.,-4.));
#1934 = DIRECTION('',(1.,0.,0.));
#1935 = DIRECTION('',(0.,0.,1.));
#1936 = DEFINITIONAL_REPRESENTATION('',(#1937),#1941);
#1937 = LINE('',#1938,#1939);
#1938 = CARTESIAN_POINT('',(0.,0.));
#1939 = VECTOR('',#1940,1.);
#1940 = DIRECTION('',(1.,0.));
#1941 = ( GEOMETRIC_REPRESENTATION_CONTEXT(2) 
PARAMETRIC_REPRESENTATION_CONTEXT() REPRESENTATION_CONTEXT('2D SPACE',''
  ) );
#1942 = PCURVE('',#1823,#1943);
#1943 = DEFINITIONAL_REPRESENTATION('',(#1944),#1948);
#1944 = LINE('',#1945,#1946);
#1945 = CARTESIAN_POINT('',(0.,70.));
#1946 = VECTOR('',#1947,1.);
#1947 = DIRECTION('',(1.,0.));
#1948 = ( GEOMETRIC_REPRESENTATION_CONTEXT(2) 
PARAMETRIC_REPRESENTATION_CONTEXT() REPRESENTATION_CONTEXT('2D SPACE',''
  ) );
#1949 = ORIENTED_EDGE('',*,*,#1950,.T.);
#1950 = EDGE_CURVE('',#1921,#1951,#1953,.T.);
#1951 = VERTEX_POINT('',#1952);
#1952 = CARTESIAN_POINT('',(35.,30.,-4.));
#1953 = SURFACE_CURVE('',#1954,(#1958,#1965),.PCURVE_S1.);
#1954 = LINE('',#1955,#1956);
#1955 = CARTESIAN_POINT('',(35.,-30.,-4.));
#1956 = VECTOR('',#1957,1.);
#1957 = DIRECTION('',(0.,1.,0.));
#1958 = PCURVE('',#1931,#1959);
#1959 = DEFINITIONAL_REPRESENTATION('',(#1960),#1964);
#1960 = LINE('',#1961,#1962);
#1961 = CARTESIAN_POINT('',(0.,0.));
#1962 = VECTOR('',#1963,1.);
#1963 = DIRECTION('',(0.,-1.));
#1964 = ( GEOMETRIC_REPRESENTATION_CONTEXT(2) 
PARAMETRIC_REPRESENTATION_CONTEXT() REPRESENTATION_CONTEXT('2D SPACE',''
  ) );
#1965 = PCURVE('',#1851,#1966);
#1966 = DEFINITIONAL_REPRESENTATION('',(#1967),#1971);
#1967 = LINE('',#1968,#1969);
#1968 = CARTESIAN_POINT('',(70.,0.));
#1969 = VECTOR('',#1970,1.);
#1970 = DIRECTION('',(0.,1.));
#1971 = ( GEOMETRIC_REPRESENTATION_CONTEXT(2) 
PARAMETRIC_REPRESENTATION_CONTEXT() REPRESENTATION_CONTEXT('2D SPACE',''
  ) );
#1972 = ORIENTED_EDGE('',*,*,#1973,.T.);
#1973 = EDGE_CURVE('',#1951,#1974,#1976,.T.);
#1974 = VERTEX_POINT('',#1975);
#1975 = CARTESIAN_POINT('',(35.,30.,4.));
#1976 = SURFACE_CURVE('',#1977,(#1981,#1988),.PCURVE_S1.);
#1977 = LINE('',#1978,#1979);
#1978 = CARTESIAN_POINT('',(35.,30.,-4.));
#1979 = VECTOR('',#1980,1.);
#1980 = DIRECTION('',(0.,0.,1.));
#1981 = PCURVE('',#1931,#1982);
#1982 = DEFINITIONAL_REPRESENTATION('',(#1983),#1987);
#1983 = LINE('',#1984,#1985);
#1984 = CARTESIAN_POINT('',(0.,-60.));
#1985 = VECTOR('',#1986,1.);
#1986 = DIRECTION('',(1.,0.));
#1987 = ( GEOMETRIC_REPRESENTATION_CONTEXT(2) 
PARAMETRIC_REPRESENTATION_CONTEXT() REPRESENTATION_CONTEXT('2D SPACE',''
  ) );
#1988 = PCURVE('',#1879,#1989);
#1989 = DEFINITIONAL_REPRESENTATION('',(#1990),#1994);
#1990 = LINE('',#1991,#1992);
#1991 = CARTESIAN_POINT('',(0.,70.));
#1992 = VECTOR('',#1993,1.);
#1993 = DIRECTION('',(1.,0.));
#1994 = ( GEOMETRIC_REPRESENTATION_CONTEXT(2) 
PARAMETRIC_REPRESENTATION_CONTEXT() REPRESENTATION_CONTEXT('2D SPACE',''
  ) );
#1995 = ORIENTED_EDGE('',*,*,#1996,.F.);
#1996 = EDGE_CURVE('',#1923,#1974,#1997,.T.);
#1997 = SURFACE_CURVE('',#1998,(#2002,#2009),.PCURVE_S1.);
#1998 = LINE('',#1999,#2000);
#1999 = CARTESIAN_POINT('',(35.,-30.,4.));
#2000 = VECTOR('',#2001,1.);
#2001 = DIRECTION('',(0.,1.,0.));
#2002 = PCURVE('',#1931,#2003);
#2003 = DEFINITIONAL_REPRESENTATION('',(#2004),#2008);
#2004 = LINE('',#2005,#2006);
#2005 = CARTESIAN_POINT('',(8.,0.));
#2006 = VECTOR('',#2007,1.);
#2007 = DIRECTION('',(0.,-1.));
#2008 = ( GEOMETRIC_REPRESENTATION_CONTEXT(2) 
PARAMETRIC_REPRESENTATION_CONTEXT() REPRESENTATION_CONTEXT('2D SPACE',''
  ) );
#2009 = PCURVE('',#1905,#2010);
#2010 = DEFINITIONAL_REPRESENTATION('',(#2011),#2015);
#2011 = LINE('',#2012,#2013);
#2012 = CARTESIAN_POINT('',(70.,0.));
#2013 = VECTOR('',#2014,1.);
#2014 = DIRECTION('',(0.,1.));
#2015 = ( GEOMETRIC_REPRESENTATION_CONTEXT(2) 
PARAMETRIC_REPRESENTATION_CONTEXT() REPRESENTATION_CONTEXT('2D SPACE',''
  ) );
#2016 = ADVANCED_FACE('',(#2017),#1823,.F.);
#2017 = FACE_BOUND('',#2018,.F.);
#2018 = EDGE_LOOP('',(#2019,#2040,#2041,#2062));
#2019 = ORIENTED_EDGE('',*,*,#2020,.F.);
#2020 = EDGE_CURVE('',#1801,#1921,#2021,.T.);
#2021 = SURFACE_CURVE('',#2022,(#2026,#2033),.PCURVE_S1.);
#2022 = LINE('',#2023,#2024);
#2023 = CARTESIAN_POINT('',(-35.,-30.,-4.));
#2024 = VECTOR('',#2025,1.);
#2025 = DIRECTION('',(1.,0.,0.));
#2026 = PCURVE('',#1823,#2027);
#2027 = DEFINITIONAL_REPRESENTATION('',(#2028),#2032);
#2028 = LINE('',#2029,#2030);
#2029 = CARTESIAN_POINT('',(0.,0.));
#2030 = VECTOR('',#2031,1.);
#2031 = DIRECTION('',(0.,1.));
#2032 = ( GEOMETRIC_REPRESENTATION_CONTEXT(2) 
PARAMETRIC_REPRESENTATION_CONTEXT() REPRESENTATION_CONTEXT('2D SPACE',''
  ) );
#2033 = PCURVE('',#1851,#2034);
#2034 = DEFINITIONAL_REPRESENTATION('',(#2035),#2039);
#2035 = LINE('',#2036,#2037);
#2036 = CARTESIAN_POINT('',(0.,0.));
#2037 = VECTOR('',#2038,1.);
#2038 = DIRECTION('',(1.,0.));
#2039 = ( GEOMETRIC_REPRESENTATION_CONTEXT(2) 
PARAMETRIC_REPRESENTATION_CONTEXT() REPRESENTATION_CONTEXT('2D SPACE',''
  ) );
#2040 = ORIENTED_EDGE('',*,*,#1800,.T.);
#2041 = ORIENTED_EDGE('',*,*,#2042,.T.);
#2042 = EDGE_CURVE('',#1803,#1923,#2043,.T.);
#2043 = SURFACE_CURVE('',#2044,(#2048,#2055),.PCURVE_S1.);
#2044 = LINE('',#2045,#2046);
#2045 = CARTESIAN_POINT('',(-35.,-30.,4.));
#2046 = VECTOR('',#2047,1.);
#2047 = DIRECTION('',(1.,0.,0.));
#2048 = PCURVE('',#1823,#2049);
#2049 = DEFINITIONAL_REPRESENTATION('',(#2050),#2054);
#2050 = LINE('',#2051,#2052);
#2051 = CARTESIAN_POINT('',(8.,0.));
#2052 = VECTOR('',#2053,1.);
#2053 = DIRECTION('',(0.,1.));
#2054 = ( GEOMETRIC_REPRESENTATION_CONTEXT(2) 
PARAMETRIC_REPRESENTATION_CONTEXT() REPRESENTATION_CONTEXT('2D SPACE',''
  ) );
#2055 = PCURVE('',#1905,#2056);
#2056 = DEFINITIONAL_REPRESENTATION('',(#2057),#2061);
#2057 = LINE('',#2058,#2059);
#2058 = CARTESIAN_POINT('',(0.,0.));
#2059 = VECTOR('',#2060,1.);
#2060 = DIRECTION('',(1.,0.));
#2061 = ( GEOMETRIC_REPRESENTATION_CONTEXT(2) 
PARAMETRIC_REPRESENTATION_CONTEXT() REPRESENTATION_CONTEXT('2D SPACE',''
  ) );
#2062 = ORIENTED_EDGE('',*,*,#1920,.F.);
#2063 = ADVANCED_FACE('',(#2064),#1879,.T.);
#2064 = FACE_BOUND('',#2065,.T.);
#2065 = EDGE_LOOP('',(#2066,#2087,#2088,#2109));
#2066 = ORIENTED_EDGE('',*,*,#2067,.F.);
#2067 = EDGE_CURVE('',#1836,#1951,#2068,.T.);
#2068 = SURFACE_CURVE('',#2069,(#2073,#2080),.PCURVE_S1.);
#2069 = LINE('',#2070,#2071);
#2070 = CARTESIAN_POINT('',(-35.,30.,-4.));
#2071 = VECTOR('',#2072,1.);
#2072 = DIRECTION('',(1.,0.,0.));
#2073 = PCURVE('',#1879,#2074);
#2074 = DEFINITIONAL_REPRESENTATION('',(#2075),#2079);
#2075 = LINE('',#2076,#2077);
#2076 = CARTESIAN_POINT('',(0.,0.));
#2077 = VECTOR('',#2078,1.);
#2078 = DIRECTION('',(0.,1.));
#2079 = ( GEOMETRIC_REPRESENTATION_CONTEXT(2) 
PARAMETRIC_REPRESENTATION_CONTEXT() REPRESENTATION_CONTEXT('2D SPACE',''
  ) );
#2080 = PCURVE('',#1851,#2081);
#2081 = DEFINITIONAL_REPRESENTATION('',(#2082),#2086);
#2082 = LINE('',#2083,#2084);
#2083 = CARTESIAN_POINT('',(0.,60.));
#2084 = VECTOR('',#2085,1.);
#2085 = DIRECTION('',(1.,0.));
#2086 = ( GEOMETRIC_REPRESENTATION_CONTEXT(2) 
PARAMETRIC_REPRESENTATION_CONTEXT() REPRESENTATION_CONTEXT('2D SPACE',''
  ) );
#2087 = ORIENTED_EDGE('',*,*,#1863,.T.);
#2088 = ORIENTED_EDGE('',*,*,#2089,.T.);
#2089 = EDGE_CURVE('',#1864,#1974,#2090,.T.);
#2090 = SURFACE_CURVE('',#2091,(#2095,#2102),.PCURVE_S1.);
#2091 = LINE('',#2092,#2093);
#2092 = CARTESIAN_POINT('',(-35.,30.,4.));
#2093 = VECTOR('',#2094,1.);
#2094 = DIRECTION('',(1.,0.,0.));
#2095 = PCURVE('',#1879,#2096);
#2096 = DEFINITIONAL_REPRESENTATION('',(#2097),#2101);
#2097 = LINE('',#2098,#2099);
#2098 = CARTESIAN_POINT('',(8.,0.));
#2099 = VECTOR('',#2100,1.);
#2100 = DIRECTION('',(0.,1.));
#2101 = ( GEOMETRIC_REPRESENTATION_CONTEXT(2) 
PARAMETRIC_REPRESENTATION_CONTEXT() REPRESENTATION_CONTEXT('2D SPACE',''
  ) );
#2102 = PCURVE('',#1905,#2103);
#2103 = DEFINITIONAL_REPRESENTATION('',(#2104),#2108);
#2104 = LINE('',#2105,#2106);
#2105 = CARTESIAN_POINT('',(0.,60.));
#2106 = VECTOR('',#2107,1.);
#2107 = DIRECTION('',(1.,0.));
#2108 = ( GEOMETRIC_REPRESENTATION_CONTEXT(2) 
PARAMETRIC_REPRESENTATION_CONTEXT() REPRESENTATION_CONTEXT('2D SPACE',''
  ) );
#2109 = ORIENTED_EDGE('',*,*,#1973,.F.);
#2110 = ADVANCED_FACE('',(#2111),#1851,.F.);
#2111 = FACE_BOUND('',#2112,.F.);
#2112 = EDGE_LOOP('',(#2113,#2114,#2115,#2116));
#2113 = ORIENTED_EDGE('',*,*,#1835,.F.);
#2114 = ORIENTED_EDGE('',*,*,#2020,.T.);
#2115 = ORIENTED_EDGE('',*,*,#1950,.T.);
#2116 = ORIENTED_EDGE('',*,*,#2067,.F.);
#2117 = ADVANCED_FACE('',(#2118),#1905,.T.);
#2118 = FACE_BOUND('',#2119,.T.);
#2119 = EDGE_LOOP('',(#2120,#2121,#2122,#2123));
#2120 = ORIENTED_EDGE('',*,*,#1891,.F.);
#2121 = ORIENTED_EDGE('',*,*,#2042,.T.);
#2122 = ORIENTED_EDGE('',*,*,#1996,.T.);
#2123 = ORIENTED_EDGE('',*,*,#2089,.F.);
#2124 = ( GEOMETRIC_REPRESENTATION_CONTEXT(3) 
GLOBAL_UNCERTAINTY_ASSIGNED_CONTEXT((#2128)) 
GLOBAL_UNIT_ASSIGNED_CONTEXT((#2125,#2126,#2127)) REPRESENTATION_CONTEXT
('Context #1','3D Context with UNIT and UNCERTAINTY') );
#2125 = ( LENGTH_UNIT() NAMED_UNIT(*) SI_UNIT(.MILLI.,.METRE.) );
#2126 = ( NAMED_UNIT(*) PLANE_ANGLE_UNIT() SI_UNIT($,.RADIAN.) );
#2127 = ( NAMED_UNIT(*) SI_UNIT($,.STERADIAN.) SOLID_ANGLE_UNIT() );
#2128 = UNCERTAINTY_MEASURE_WITH_UNIT(LENGTH_MEASURE(1.E-07),#2125,
  'distance_accuracy_value','confusion accuracy');
#2129 = CONTEXT_DEPENDENT_SHAPE_REPRESENTATION(#2130,#2132);
#2130 = ( REPRESENTATION_RELATIONSHIP('','',#1793,#10) 
REPRESENTATION_RELATIONSHIP_WITH_TRANSFORMATION(#2131) 
SHAPE_REPRESENTATION_RELATIONSHIP() );
#2131 = ITEM_DEFINED_TRANSFORMATION('','',#11,#35);
#2132 = PRODUCT_DEFINITION_SHAPE('Placement','Placement of an item',
  #2133);
#2133 = NEXT_ASSEMBLY_USAGE_OCCURRENCE('38','AB-SP-006','',#5,#1788,$);
#2134 = PRODUCT_RELATED_PRODUCT_CATEGORY('part',$,(#1790));
#2135 = SHAPE_DEFINITION_REPRESENTATION(#2136,#2142);
#2136 = PRODUCT_DEFINITION_SHAPE('','',#2137);
#2137 = PRODUCT_DEFINITION('design','',#2138,#2141);
#2138 = PRODUCT_DEFINITION_FORMATION('','',#2139);
#2139 = PRODUCT('AB-SP-007','AB-SP-007','',(#2140));
#2140 = PRODUCT_CONTEXT('',#2,'mechanical');
#2141 = PRODUCT_DEFINITION_CONTEXT('part definition',#2,'design');
#2142 = ADVANCED_BREP_SHAPE_REPRESENTATION('',(#11,#2143),#2241);
#2143 = MANIFOLD_SOLID_BREP('',#2144);
#2144 = CLOSED_SHELL('',(#2145,#2233,#2237));
#2145 = ADVANCED_FACE('',(#2146),#2160,.T.);
#2146 = FACE_BOUND('',#2147,.F.);
#2147 = EDGE_LOOP('',(#2148,#2178,#2205,#2206));
#2148 = ORIENTED_EDGE('',*,*,#2149,.T.);
#2149 = EDGE_CURVE('',#2150,#2152,#2154,.T.);
#2150 = VERTEX_POINT('',#2151);
#2151 = CARTESIAN_POINT('',(4.,0.,-42.5));
#2152 = VERTEX_POINT('',#2153);
#2153 = CARTESIAN_POINT('',(4.,0.,42.5));
#2154 = SEAM_CURVE('',#2155,(#2159,#2171),.PCURVE_S1.);
#2155 = LINE('',#2156,#2157);
#2156 = CARTESIAN_POINT('',(4.,0.,-42.5));
#2157 = VECTOR('',#2158,1.);
#2158 = DIRECTION('',(0.,0.,1.));
#2159 = PCURVE('',#2160,#2165);
#2160 = CYLINDRICAL_SURFACE('',#2161,4.);
#2161 = AXIS2_PLACEMENT_3D('',#2162,#2163,#2164);
#2162 = CARTESIAN_POINT('',(0.,0.,-42.5));
#2163 = DIRECTION('',(-0.,-0.,-1.));
#2164 = DIRECTION('',(1.,0.,0.));
#2165 = DEFINITIONAL_REPRESENTATION('',(#2166),#2170);
#2166 = LINE('',#2167,#2168);
#2167 = CARTESIAN_POINT('',(-0.,0.));
#2168 = VECTOR('',#2169,1.);
#2169 = DIRECTION('',(-0.,-1.));
#2170 = ( GEOMETRIC_REPRESENTATION_CONTEXT(2) 
PARAMETRIC_REPRESENTATION_CONTEXT() REPRESENTATION_CONTEXT('2D SPACE',''
  ) );
#2171 = PCURVE('',#2160,#2172);
#2172 = DEFINITIONAL_REPRESENTATION('',(#2173),#2177);
#2173 = LINE('',#2174,#2175);
#2174 = CARTESIAN_POINT('',(-6.28318530718,0.));
#2175 = VECTOR('',#2176,1.);
#2176 = DIRECTION('',(-0.,-1.));
#2177 = ( GEOMETRIC_REPRESENTATION_CONTEXT(2) 
PARAMETRIC_REPRESENTATION_CONTEXT() REPRESENTATION_CONTEXT('2D SPACE',''
  ) );
#2178 = ORIENTED_EDGE('',*,*,#2179,.T.);
#2179 = EDGE_CURVE('',#2152,#2152,#2180,.T.);
#2180 = SURFACE_CURVE('',#2181,(#2186,#2193),.PCURVE_S1.);
#2181 = CIRCLE('',#2182,4.);
#2182 = AXIS2_PLACEMENT_3D('',#2183,#2184,#2185);
#2183 = CARTESIAN_POINT('',(0.,0.,42.5));
#2184 = DIRECTION('',(0.,0.,1.));
#2185 = DIRECTION('',(1.,0.,0.));
#2186 = PCURVE('',#2160,#2187);
#2187 = DEFINITIONAL_REPRESENTATION('',(#2188),#2192);
#2188 = LINE('',#2189,#2190);
#2189 = CARTESIAN_POINT('',(-0.,-85.));
#2190 = VECTOR('',#2191,1.);
#2191 = DIRECTION('',(-1.,0.));
#2192 = ( GEOMETRIC_REPRESENTATION_CONTEXT(2) 
PARAMETRIC_REPRESENTATION_CONTEXT() REPRESENTATION_CONTEXT('2D SPACE',''
  ) );
#2193 = PCURVE('',#2194,#2199);
#2194 = PLANE('',#2195);
#2195 = AXIS2_PLACEMENT_3D('',#2196,#2197,#2198);
#2196 = CARTESIAN_POINT('',(-2.563950248511E-16,3.49503809816E-16,42.5)
  );
#2197 = DIRECTION('',(0.,0.,1.));
#2198 = DIRECTION('',(1.,0.,-0.));
#2199 = DEFINITIONAL_REPRESENTATION('',(#2200),#2204);
#2200 = CIRCLE('',#2201,4.);
#2201 = AXIS2_PLACEMENT_2D('',#2202,#2203);
#2202 = CARTESIAN_POINT('',(2.563950248511E-16,-3.49503809816E-16));
#2203 = DIRECTION('',(1.,0.));
#2204 = ( GEOMETRIC_REPRESENTATION_CONTEXT(2) 
PARAMETRIC_REPRESENTATION_CONTEXT() REPRESENTATION_CONTEXT('2D SPACE',''
  ) );
#2205 = ORIENTED_EDGE('',*,*,#2149,.F.);
#2206 = ORIENTED_EDGE('',*,*,#2207,.F.);
#2207 = EDGE_CURVE('',#2150,#2150,#2208,.T.);
#2208 = SURFACE_CURVE('',#2209,(#2214,#2221),.PCURVE_S1.);
#2209 = CIRCLE('',#2210,4.);
#2210 = AXIS2_PLACEMENT_3D('',#2211,#2212,#2213);
#2211 = CARTESIAN_POINT('',(0.,0.,-42.5));
#2212 = DIRECTION('',(0.,0.,1.));
#2213 = DIRECTION('',(1.,0.,0.));
#2214 = PCURVE('',#2160,#2215);
#2215 = DEFINITIONAL_REPRESENTATION('',(#2216),#2220);
#2216 = LINE('',#2217,#2218);
#2217 = CARTESIAN_POINT('',(-0.,0.));
#2218 = VECTOR('',#2219,1.);
#2219 = DIRECTION('',(-1.,0.));
#2220 = ( GEOMETRIC_REPRESENTATION_CONTEXT(2) 
PARAMETRIC_REPRESENTATION_CONTEXT() REPRESENTATION_CONTEXT('2D SPACE',''
  ) );
#2221 = PCURVE('',#2222,#2227);
#2222 = PLANE('',#2223);
#2223 = AXIS2_PLACEMENT_3D('',#2224,#2225,#2226);
#2224 = CARTESIAN_POINT('',(-2.563950248511E-16,3.49503809816E-16,-42.5)
  );
#2225 = DIRECTION('',(0.,0.,1.));
#2226 = DIRECTION('',(1.,0.,-0.));
#2227 = DEFINITIONAL_REPRESENTATION('',(#2228),#2232);
#2228 = CIRCLE('',#2229,4.);
#2229 = AXIS2_PLACEMENT_2D('',#2230,#2231);
#2230 = CARTESIAN_POINT('',(2.563950248511E-16,-3.49503809816E-16));
#2231 = DIRECTION('',(1.,0.));
#2232 = ( GEOMETRIC_REPRESENTATION_CONTEXT(2) 
PARAMETRIC_REPRESENTATION_CONTEXT() REPRESENTATION_CONTEXT('2D SPACE',''
  ) );
#2233 = ADVANCED_FACE('',(#2234),#2222,.F.);
#2234 = FACE_BOUND('',#2235,.F.);
#2235 = EDGE_LOOP('',(#2236));
#2236 = ORIENTED_EDGE('',*,*,#2207,.T.);
#2237 = ADVANCED_FACE('',(#2238),#2194,.T.);
#2238 = FACE_BOUND('',#2239,.T.);
#2239 = EDGE_LOOP('',(#2240));
#2240 = ORIENTED_EDGE('',*,*,#2179,.T.);
#2241 = ( GEOMETRIC_REPRESENTATION_CONTEXT(3) 
GLOBAL_UNCERTAINTY_ASSIGNED_CONTEXT((#2245)) 
GLOBAL_UNIT_ASSIGNED_CONTEXT((#2242,#2243,#2244)) REPRESENTATION_CONTEXT
('Context #1','3D Context with UNIT and UNCERTAINTY') );
#2242 = ( LENGTH_UNIT() NAMED_UNIT(*) SI_UNIT(.MILLI.,.METRE.) );
#2243 = ( NAMED_UNIT(*) PLANE_ANGLE_UNIT() SI_UNIT($,.RADIAN.) );
#2244 = ( NAMED_UNIT(*) SI_UNIT($,.STERADIAN.) SOLID_ANGLE_UNIT() );
#2245 = UNCERTAINTY_MEASURE_WITH_UNIT(LENGTH_MEASURE(1.E-07),#2242,
  'distance_accuracy_value','confusion accuracy');
#2246 = CONTEXT_DEPENDENT_SHAPE_REPRESENTATION(#2247,#2249);
#2247 = ( REPRESENTATION_RELATIONSHIP('','',#2142,#10) 
REPRESENTATION_RELATIONSHIP_WITH_TRANSFORMATION(#2248) 
SHAPE_REPRESENTATION_RELATIONSHIP() );
#2248 = ITEM_DEFINED_TRANSFORMATION('','',#11,#39);
#2249 = PRODUCT_DEFINITION_SHAPE('Placement','Placement of an item',
  #2250);
#2250 = NEXT_ASSEMBLY_USAGE_OCCURRENCE('39','AB-SP-007','',#5,#2137,$);
#2251 = PRODUCT_RELATED_PRODUCT_CATEGORY('part',$,(#2139));
#2252 = SHAPE_DEFINITION_REPRESENTATION(#2253,#2259);
#2253 = PRODUCT_DEFINITION_SHAPE('','',#2254);
#2254 = PRODUCT_DEFINITION('design','',#2255,#2258);
#2255 = PRODUCT_DEFINITION_FORMATION('','',#2256);
#2256 = PRODUCT('AB-SP-008','AB-SP-008','',(#2257));
#2257 = PRODUCT_CONTEXT('',#2,'mechanical');
#2258 = PRODUCT_DEFINITION_CONTEXT('part definition',#2,'design');
#2259 = ADVANCED_BREP_SHAPE_REPRESENTATION('',(#11,#2260),#2442);
#2260 = MANIFOLD_SOLID_BREP('',#2261);
#2261 = CLOSED_SHELL('',(#2262,#2350,#2428,#2435));
#2262 = ADVANCED_FACE('',(#2263),#2277,.T.);
#2263 = FACE_BOUND('',#2264,.F.);
#2264 = EDGE_LOOP('',(#2265,#2295,#2322,#2323));
#2265 = ORIENTED_EDGE('',*,*,#2266,.T.);
#2266 = EDGE_CURVE('',#2267,#2269,#2271,.T.);
#2267 = VERTEX_POINT('',#2268);
#2268 = CARTESIAN_POINT('',(14.,0.,-12.));
#2269 = VERTEX_POINT('',#2270);
#2270 = CARTESIAN_POINT('',(14.,0.,12.));
#2271 = SEAM_CURVE('',#2272,(#2276,#2288),.PCURVE_S1.);
#2272 = LINE('',#2273,#2274);
#2273 = CARTESIAN_POINT('',(14.,0.,-12.));
#2274 = VECTOR('',#2275,1.);
#2275 = DIRECTION('',(0.,0.,1.));
#2276 = PCURVE('',#2277,#2282);
#2277 = CYLINDRICAL_SURFACE('',#2278,14.);
#2278 = AXIS2_PLACEMENT_3D('',#2279,#2280,#2281);
#2279 = CARTESIAN_POINT('',(0.,0.,-12.));
#2280 = DIRECTION('',(-0.,-0.,-1.));
#2281 = DIRECTION('',(1.,0.,0.));
#2282 = DEFINITIONAL_REPRESENTATION('',(#2283),#2287);
#2283 = LINE('',#2284,#2285);
#2284 = CARTESIAN_POINT('',(-0.,0.));
#2285 = VECTOR('',#2286,1.);
#2286 = DIRECTION('',(-0.,-1.));
#2287 = ( GEOMETRIC_REPRESENTATION_CONTEXT(2) 
PARAMETRIC_REPRESENTATION_CONTEXT() REPRESENTATION_CONTEXT('2D SPACE',''
  ) );
#2288 = PCURVE('',#2277,#2289);
#2289 = DEFINITIONAL_REPRESENTATION('',(#2290),#2294);
#2290 = LINE('',#2291,#2292);
#2291 = CARTESIAN_POINT('',(-6.28318530718,0.));
#2292 = VECTOR('',#2293,1.);
#2293 = DIRECTION('',(-0.,-1.));
#2294 = ( GEOMETRIC_REPRESENTATION_CONTEXT(2) 
PARAMETRIC_REPRESENTATION_CONTEXT() REPRESENTATION_CONTEXT('2D SPACE',''
  ) );
#2295 = ORIENTED_EDGE('',*,*,#2296,.T.);
#2296 = EDGE_CURVE('',#2269,#2269,#2297,.T.);
#2297 = SURFACE_CURVE('',#2298,(#2303,#2310),.PCURVE_S1.);
#2298 = CIRCLE('',#2299,14.);
#2299 = AXIS2_PLACEMENT_3D('',#2300,#2301,#2302);
#2300 = CARTESIAN_POINT('',(0.,0.,12.));
#2301 = DIRECTION('',(0.,0.,1.));
#2302 = DIRECTION('',(1.,0.,0.));
#2303 = PCURVE('',#2277,#2304);
#2304 = DEFINITIONAL_REPRESENTATION('',(#2305),#2309);
#2305 = LINE('',#2306,#2307);
#2306 = CARTESIAN_POINT('',(-0.,-24.));
#2307 = VECTOR('',#2308,1.);
#2308 = DIRECTION('',(-1.,0.));
#2309 = ( GEOMETRIC_REPRESENTATION_CONTEXT(2) 
PARAMETRIC_REPRESENTATION_CONTEXT() REPRESENTATION_CONTEXT('2D SPACE',''
  ) );
#2310 = PCURVE('',#2311,#2316);
#2311 = PLANE('',#2312);
#2312 = AXIS2_PLACEMENT_3D('',#2313,#2314,#2315);
#2313 = CARTESIAN_POINT('',(-7.813943614511E-16,9.912868833001E-16,12.)
  );
#2314 = DIRECTION('',(0.,0.,1.));
#2315 = DIRECTION('',(1.,0.,-0.));
#2316 = DEFINITIONAL_REPRESENTATION('',(#2317),#2321);
#2317 = CIRCLE('',#2318,14.);
#2318 = AXIS2_PLACEMENT_2D('',#2319,#2320);
#2319 = CARTESIAN_POINT('',(7.813943614511E-16,-9.912868833001E-16));
#2320 = DIRECTION('',(1.,0.));
#2321 = ( GEOMETRIC_REPRESENTATION_CONTEXT(2) 
PARAMETRIC_REPRESENTATION_CONTEXT() REPRESENTATION_CONTEXT('2D SPACE',''
  ) );
#2322 = ORIENTED_EDGE('',*,*,#2266,.F.);
#2323 = ORIENTED_EDGE('',*,*,#2324,.F.);
#2324 = EDGE_CURVE('',#2267,#2267,#2325,.T.);
#2325 = SURFACE_CURVE('',#2326,(#2331,#2338),.PCURVE_S1.);
#2326 = CIRCLE('',#2327,14.);
#2327 = AXIS2_PLACEMENT_3D('',#2328,#2329,#2330);
#2328 = CARTESIAN_POINT('',(0.,0.,-12.));
#2329 = DIRECTION('',(0.,0.,1.));
#2330 = DIRECTION('',(1.,0.,0.));
#2331 = PCURVE('',#2277,#2332);
#2332 = DEFINITIONAL_REPRESENTATION('',(#2333),#2337);
#2333 = LINE('',#2334,#2335);
#2334 = CARTESIAN_POINT('',(-0.,0.));
#2335 = VECTOR('',#2336,1.);
#2336 = DIRECTION('',(-1.,0.));
#2337 = ( GEOMETRIC_REPRESENTATION_CONTEXT(2) 
PARAMETRIC_REPRESENTATION_CONTEXT() REPRESENTATION_CONTEXT('2D SPACE',''
  ) );
#2338 = PCURVE('',#2339,#2344);
#2339 = PLANE('',#2340);
#2340 = AXIS2_PLACEMENT_3D('',#2341,#2342,#2343);
#2341 = CARTESIAN_POINT('',(-7.813943614511E-16,9.912868833001E-16,-12.)
  );
#2342 = DIRECTION('',(0.,0.,1.));
#2343 = DIRECTION('',(1.,0.,-0.));
#2344 = DEFINITIONAL_REPRESENTATION('',(#2345),#2349);
#2345 = CIRCLE('',#2346,14.);
#2346 = AXIS2_PLACEMENT_2D('',#2347,#2348);
#2347 = CARTESIAN_POINT('',(7.813943614511E-16,-9.912868833001E-16));
#2348 = DIRECTION('',(1.,0.));
#2349 = ( GEOMETRIC_REPRESENTATION_CONTEXT(2) 
PARAMETRIC_REPRESENTATION_CONTEXT() REPRESENTATION_CONTEXT('2D SPACE',''
  ) );
#2350 = ADVANCED_FACE('',(#2351),#2365,.F.);
#2351 = FACE_BOUND('',#2352,.T.);
#2352 = EDGE_LOOP('',(#2353,#2383,#2405,#2406));
#2353 = ORIENTED_EDGE('',*,*,#2354,.T.);
#2354 = EDGE_CURVE('',#2355,#2357,#2359,.T.);
#2355 = VERTEX_POINT('',#2356);
#2356 = CARTESIAN_POINT('',(10.,2.988929885866E-16,-12.));
#2357 = VERTEX_POINT('',#2358);
#2358 = CARTESIAN_POINT('',(10.,2.988929885866E-16,12.));
#2359 = SEAM_CURVE('',#2360,(#2364,#2376),.PCURVE_S1.);
#2360 = LINE('',#2361,#2362);
#2361 = CARTESIAN_POINT('',(10.,2.988929885866E-16,-12.));
#2362 = VECTOR('',#2363,1.);
#2363 = DIRECTION('',(0.,0.,1.));
#2364 = PCURVE('',#2365,#2370);
#2365 = CYLINDRICAL_SURFACE('',#2366,10.);
#2366 = AXIS2_PLACEMENT_3D('',#2367,#2368,#2369);
#2367 = CARTESIAN_POINT('',(6.589795688064E-14,2.988929885866E-16,-12.)
  );
#2368 = DIRECTION('',(-0.,-0.,-1.));
#2369 = DIRECTION('',(1.,0.,0.));
#2370 = DEFINITIONAL_REPRESENTATION('',(#2371),#2375);
#2371 = LINE('',#2372,#2373);
#2372 = CARTESIAN_POINT('',(-0.,0.));
#2373 = VECTOR('',#2374,1.);
#2374 = DIRECTION('',(-0.,-1.));
#2375 = ( GEOMETRIC_REPRESENTATION_CONTEXT(2) 
PARAMETRIC_REPRESENTATION_CONTEXT() REPRESENTATION_CONTEXT('2D SPACE',''
  ) );
#2376 = PCURVE('',#2365,#2377);
#2377 = DEFINITIONAL_REPRESENTATION('',(#2378),#2382);
#2378 = LINE('',#2379,#2380);
#2379 = CARTESIAN_POINT('',(-6.28318530718,0.));
#2380 = VECTOR('',#2381,1.);
#2381 = DIRECTION('',(-0.,-1.));
#2382 = ( GEOMETRIC_REPRESENTATION_CONTEXT(2) 
PARAMETRIC_REPRESENTATION_CONTEXT() REPRESENTATION_CONTEXT('2D SPACE',''
  ) );
#2383 = ORIENTED_EDGE('',*,*,#2384,.T.);
#2384 = EDGE_CURVE('',#2357,#2357,#2385,.T.);
#2385 = SURFACE_CURVE('',#2386,(#2391,#2398),.PCURVE_S1.);
#2386 = CIRCLE('',#2387,10.);
#2387 = AXIS2_PLACEMENT_3D('',#2388,#2389,#2390);
#2388 = CARTESIAN_POINT('',(6.589795688064E-14,2.988929885866E-16,12.));
#2389 = DIRECTION('',(0.,0.,1.));
#2390 = DIRECTION('',(1.,0.,0.));
#2391 = PCURVE('',#2365,#2392);
#2392 = DEFINITIONAL_REPRESENTATION('',(#2393),#2397);
#2393 = LINE('',#2394,#2395);
#2394 = CARTESIAN_POINT('',(-0.,-24.));
#2395 = VECTOR('',#2396,1.);
#2396 = DIRECTION('',(-1.,0.));
#2397 = ( GEOMETRIC_REPRESENTATION_CONTEXT(2) 
PARAMETRIC_REPRESENTATION_CONTEXT() REPRESENTATION_CONTEXT('2D SPACE',''
  ) );
#2398 = PCURVE('',#2311,#2399);
#2399 = DEFINITIONAL_REPRESENTATION('',(#2400),#2404);
#2400 = CIRCLE('',#2401,10.);
#2401 = AXIS2_PLACEMENT_2D('',#2402,#2403);
#2402 = CARTESIAN_POINT('',(6.667935124209E-14,-6.923938947135E-16));
#2403 = DIRECTION('',(1.,0.));
#2404 = ( GEOMETRIC_REPRESENTATION_CONTEXT(2) 
PARAMETRIC_REPRESENTATION_CONTEXT() REPRESENTATION_CONTEXT('2D SPACE',''
  ) );
#2405 = ORIENTED_EDGE('',*,*,#2354,.F.);
#2406 = ORIENTED_EDGE('',*,*,#2407,.F.);
#2407 = EDGE_CURVE('',#2355,#2355,#2408,.T.);
#2408 = SURFACE_CURVE('',#2409,(#2414,#2421),.PCURVE_S1.);
#2409 = CIRCLE('',#2410,10.);
#2410 = AXIS2_PLACEMENT_3D('',#2411,#2412,#2413);
#2411 = CARTESIAN_POINT('',(6.589795688064E-14,2.988929885866E-16,-12.)
  );
#2412 = DIRECTION('',(0.,0.,1.));
#2413 = DIRECTION('',(1.,0.,0.));
#2414 = PCURVE('',#2365,#2415);
#2415 = DEFINITIONAL_REPRESENTATION('',(#2416),#2420);
#2416 = LINE('',#2417,#2418);
#2417 = CARTESIAN_POINT('',(-0.,0.));
#2418 = VECTOR('',#2419,1.);
#2419 = DIRECTION('',(-1.,0.));
#2420 = ( GEOMETRIC_REPRESENTATION_CONTEXT(2) 
PARAMETRIC_REPRESENTATION_CONTEXT() REPRESENTATION_CONTEXT('2D SPACE',''
  ) );
#2421 = PCURVE('',#2339,#2422);
#2422 = DEFINITIONAL_REPRESENTATION('',(#2423),#2427);
#2423 = CIRCLE('',#2424,10.);
#2424 = AXIS2_PLACEMENT_2D('',#2425,#2426);
#2425 = CARTESIAN_POINT('',(6.667935124209E-14,-6.923938947135E-16));
#2426 = DIRECTION('',(1.,0.));
#2427 = ( GEOMETRIC_REPRESENTATION_CONTEXT(2) 
PARAMETRIC_REPRESENTATION_CONTEXT() REPRESENTATION_CONTEXT('2D SPACE',''
  ) );
#2428 = ADVANCED_FACE('',(#2429,#2432),#2339,.F.);
#2429 = FACE_BOUND('',#2430,.F.);
#2430 = EDGE_LOOP('',(#2431));
#2431 = ORIENTED_EDGE('',*,*,#2324,.T.);
#2432 = FACE_BOUND('',#2433,.F.);
#2433 = EDGE_LOOP('',(#2434));
#2434 = ORIENTED_EDGE('',*,*,#2407,.F.);
#2435 = ADVANCED_FACE('',(#2436,#2439),#2311,.T.);
#2436 = FACE_BOUND('',#2437,.T.);
#2437 = EDGE_LOOP('',(#2438));
#2438 = ORIENTED_EDGE('',*,*,#2296,.T.);
#2439 = FACE_BOUND('',#2440,.T.);
#2440 = EDGE_LOOP('',(#2441));
#2441 = ORIENTED_EDGE('',*,*,#2384,.F.);
#2442 = ( GEOMETRIC_REPRESENTATION_CONTEXT(3) 
GLOBAL_UNCERTAINTY_ASSIGNED_CONTEXT((#2446)) 
GLOBAL_UNIT_ASSIGNED_CONTEXT((#2443,#2444,#2445)) REPRESENTATION_CONTEXT
('Context #1','3D Context with UNIT and UNCERTAINTY') );
#2443 = ( LENGTH_UNIT() NAMED_UNIT(*) SI_UNIT(.MILLI.,.METRE.) );
#2444 = ( NAMED_UNIT(*) PLANE_ANGLE_UNIT() SI_UNIT($,.RADIAN.) );
#2445 = ( NAMED_UNIT(*) SI_UNIT($,.STERADIAN.) SOLID_ANGLE_UNIT() );
#2446 = UNCERTAINTY_MEASURE_WITH_UNIT(LENGTH_MEASURE(1.E-07),#2443,
  'distance_accuracy_value','confusion accuracy');
#2447 = CONTEXT_DEPENDENT_SHAPE_REPRESENTATION(#2448,#2450);
#2448 = ( REPRESENTATION_RELATIONSHIP('','',#2259,#10) 
REPRESENTATION_RELATIONSHIP_WITH_TRANSFORMATION(#2449) 
SHAPE_REPRESENTATION_RELATIONSHIP() );
#2449 = ITEM_DEFINED_TRANSFORMATION('','',#11,#43);
#2450 = PRODUCT_DEFINITION_SHAPE('Placement','Placement of an item',
  #2451);
#2451 = NEXT_ASSEMBLY_USAGE_OCCURRENCE('40','AB-SP-008','',#5,#2254,$);
#2452 = PRODUCT_RELATED_PRODUCT_CATEGORY('part',$,(#2256));
#2453 = MECHANICAL_DESIGN_GEOMETRIC_PRESENTATION_REPRESENTATION('',(
    #2454),#575);
#2454 = STYLED_ITEM('color',(#2455),#61);
#2455 = PRESENTATION_STYLE_ASSIGNMENT((#2456));
#2456 = SURFACE_STYLE_USAGE(.BOTH.,#2457);
#2457 = SURFACE_SIDE_STYLE('',(#2458));
#2458 = SURFACE_STYLE_FILL_AREA(#2459);
#2459 = FILL_AREA_STYLE('',(#2460));
#2460 = FILL_AREA_STYLE_COLOUR('',#2461);
#2461 = COLOUR_RGB('',0.368627449173,0.568627446696,0.717647050975);
#2462 = MECHANICAL_DESIGN_GEOMETRIC_PRESENTATION_REPRESENTATION('',(
    #2463),#2442);
#2463 = STYLED_ITEM('color',(#2464),#2260);
#2464 = PRESENTATION_STYLE_ASSIGNMENT((#2465));
#2465 = SURFACE_STYLE_USAGE(.BOTH.,#2466);
#2466 = SURFACE_SIDE_STYLE('',(#2467));
#2467 = SURFACE_STYLE_FILL_AREA(#2468);
#2468 = FILL_AREA_STYLE('',(#2469));
#2469 = FILL_AREA_STYLE_COLOUR('',#2470);
#2470 = COLOUR_RGB('',0.635294123023,0.713725498821,0.780392170416);
#2471 = MECHANICAL_DESIGN_GEOMETRIC_PRESENTATION_REPRESENTATION('',(
    #2472),#1775);
#2472 = STYLED_ITEM('color',(#2473),#1261);
#2473 = PRESENTATION_STYLE_ASSIGNMENT((#2474));
#2474 = SURFACE_STYLE_USAGE(.BOTH.,#2475);
#2475 = SURFACE_SIDE_STYLE('',(#2476));
#2476 = SURFACE_STYLE_FILL_AREA(#2477);
#2477 = FILL_AREA_STYLE('',(#2478));
#2478 = FILL_AREA_STYLE_COLOUR('',#2479);
#2479 = COLOUR_RGB('',0.462745104622,0.776470591567,0.862745083778);
#2480 = MECHANICAL_DESIGN_GEOMETRIC_PRESENTATION_REPRESENTATION('',(
    #2481),#1041);
#2481 = STYLED_ITEM('color',(#2482),#943);
#2482 = PRESENTATION_STYLE_ASSIGNMENT((#2483));
#2483 = SURFACE_STYLE_USAGE(.BOTH.,#2484);
#2484 = SURFACE_SIDE_STYLE('',(#2485));
#2485 = SURFACE_STYLE_FILL_AREA(#2486);
#2486 = FILL_AREA_STYLE('',(#2487));
#2487 = FILL_AREA_STYLE_COLOUR('',#2488);
#2488 = COLOUR_RGB('',0.219607846375,0.647058827698,0.815686284108);
#2489 = MECHANICAL_DESIGN_GEOMETRIC_PRESENTATION_REPRESENTATION('',(
    #2490),#924);
#2490 = STYLED_ITEM('color',(#2491),#594);
#2491 = PRESENTATION_STYLE_ASSIGNMENT((#2492));
#2492 = SURFACE_STYLE_USAGE(.BOTH.,#2493);
#2493 = SURFACE_SIDE_STYLE('',(#2494));
#2494 = SURFACE_STYLE_FILL_AREA(#2495);
#2495 = FILL_AREA_STYLE('',(#2496));
#2496 = FILL_AREA_STYLE_COLOUR('',#2470);
#2497 = MECHANICAL_DESIGN_GEOMETRIC_PRESENTATION_REPRESENTATION('',(
    #2498),#2241);
#2498 = STYLED_ITEM('color',(#2499),#2143);
#2499 = PRESENTATION_STYLE_ASSIGNMENT((#2500));
#2500 = SURFACE_STYLE_USAGE(.BOTH.,#2501);
#2501 = SURFACE_SIDE_STYLE('',(#2502));
#2502 = SURFACE_STYLE_FILL_AREA(#2503);
#2503 = FILL_AREA_STYLE('',(#2504));
#2504 = FILL_AREA_STYLE_COLOUR('',#2461);
#2505 = MECHANICAL_DESIGN_GEOMETRIC_PRESENTATION_REPRESENTATION('',(
    #2506),#2124);
#2506 = STYLED_ITEM('color',(#2507),#1794);
#2507 = PRESENTATION_STYLE_ASSIGNMENT((#2508));
#2508 = SURFACE_STYLE_USAGE(.BOTH.,#2509);
#2509 = SURFACE_SIDE_STYLE('',(#2510));
#2510 = SURFACE_STYLE_FILL_AREA(#2511);
#2511 = FILL_AREA_STYLE('',(#2512));
#2512 = FILL_AREA_STYLE_COLOUR('',#2513);
#2513 = COLOUR_RGB('',0.827450977613,0.866666664203,0.898039222556);
#2514 = MECHANICAL_DESIGN_GEOMETRIC_PRESENTATION_REPRESENTATION('',(
    #2515),#1242);
#2515 = STYLED_ITEM('color',(#2516),#1060);
#2516 = PRESENTATION_STYLE_ASSIGNMENT((#2517));
#2517 = SURFACE_STYLE_USAGE(.BOTH.,#2518);
#2518 = SURFACE_SIDE_STYLE('',(#2519));
#2519 = SURFACE_STYLE_FILL_AREA(#2520);
#2520 = FILL_AREA_STYLE('',(#2521));
#2521 = FILL_AREA_STYLE_COLOUR('',#2522);
#2522 = COLOUR_RGB('',0.254901961802,0.352941174961,0.466666661095);
ENDSEC;
END-ISO-10303-21;
